#
# There is insufficient memory for the Java Runtime Environment to continue.
# Native memory allocation (mmap) failed to map 253755392 bytes. Error detail: G1 virtual space
# Possible reasons:
#   The system is out of physical RAM or swap space
#   This process is running with CompressedOops enabled, and the Java Heap may be blocking the growth of the native heap
# Possible solutions:
#   Reduce memory load on the system
#   Increase physical memory or swap space
#   Check if swap backing store is full
#   Decrease Java heap size (-Xmx/-Xms)
#   Decrease number of Java threads
#   Decrease Java thread stack sizes (-Xss)
#   Set larger code cache with -XX:ReservedCodeCacheSize=
#   JVM is running with Unscaled Compressed Oops mode in which the Java heap is
#     placed in the first 4GB address space. The Java Heap base address is the
#     maximum limit for the native heap growth. Please use -XX:HeapBaseMinAddress
#     to set the Java Heap base and to place the Java Heap above 4GB virtual address.
# This output file may be truncated or incomplete.
#
#  Out of Memory Error (os_windows.cpp:3710), pid=31116, tid=29220
#
# JRE version: OpenJDK Runtime Environment Microsoft-11369865 (17.0.15+6) (build 17.0.15+6-LTS)
# Java VM: OpenJDK 64-Bit Server VM Microsoft-11369865 (17.0.15+6-LTS, mixed mode, sharing, tiered, compressed oops, compressed class ptrs, g1 gc, windows-amd64)
# No core dump will be written. Minidumps are not enabled by default on client versions of Windows
#

---------------  S U M M A R Y ------------

Command Line: --add-opens=java.base/java.lang=ALL-UNNAMED --add-opens=java.base/java.lang.invoke=ALL-UNNAMED --add-opens=java.base/java.util=ALL-UNNAMED --add-opens=java.prefs/java.util.prefs=ALL-UNNAMED --add-exports=jdk.compiler/com.sun.tools.javac.api=ALL-UNNAMED --add-exports=jdk.compiler/com.sun.tools.javac.util=ALL-UNNAMED --add-opens=java.base/java.util=ALL-UNNAMED --add-opens=java.prefs/java.util.prefs=ALL-UNNAMED --add-opens=java.base/java.nio.charset=ALL-UNNAMED --add-opens=java.base/java.net=ALL-UNNAMED --add-opens=java.base/java.util.concurrent.atomic=ALL-UNNAMED --add-opens=java.xml/javax.xml.namespace=ALL-UNNAMED -XX:+HeapDumpOnOutOfMemoryError -Xmx1536m -Dfile.encoding=UTF-8 -Duser.country=IN -Duser.language=en -Duser.variant -javaagent:C:\Users\HP\.gradle\wrapper\dists\gradle-8.14.1-bin\baw1sv0jfoi8rxs14qo3h49cs\gradle-8.14.1\lib\agents\gradle-instrumentation-agent-8.14.1.jar org.gradle.launcher.daemon.bootstrap.GradleDaemon 8.14.1

Host: 12th Gen Intel(R) Core(TM) i5-1235U, 12 cores, 7G,  Windows 11 , 64 bit Build 26100 (10.0.26100.7623)
Time: Fri Feb 13 12:54:10 2026 India Standard Time elapsed time: 284.151270 seconds (0d 0h 4m 44s)

---------------  T H R E A D  ---------------

Current thread (0x0000018570fc48d0):  VMThread "VM Thread" [stack: 0x00000045f3b00000,0x00000045f3c00000] [id=29220]

Stack: [0x00000045f3b00000,0x00000045f3c00000]
Native frames: (J=compiled Java code, j=interpreted, Vv=VM code, C=native code)
V  [jvm.dll+0x6887a9]
V  [jvm.dll+0x83f5a8]
V  [jvm.dll+0x841053]
V  [jvm.dll+0x8416c3]
V  [jvm.dll+0x2496ef]
V  [jvm.dll+0x6856e9]
V  [jvm.dll+0x679b7a]
V  [jvm.dll+0x30b0d7]
V  [jvm.dll+0x312646]
V  [jvm.dll+0x36300e]
V  [jvm.dll+0x36324d]
V  [jvm.dll+0x2e236c]
V  [jvm.dll+0x2e5386]
V  [jvm.dll+0x2efabc]
V  [jvm.dll+0x322c9d]
V  [jvm.dll+0x845efd]
V  [jvm.dll+0x846c33]
V  [jvm.dll+0x84715f]
V  [jvm.dll+0x847544]
V  [jvm.dll+0x84760e]
V  [jvm.dll+0x7ef2dc]
V  [jvm.dll+0x687687]
C  [ucrtbase.dll+0x37b0]
C  [KERNEL32.DLL+0x2e8d7]
C  [ntdll.dll+0x8c53c]

VM_Operation (0x00000045f37ff5f0): G1PauseRemark, mode: safepoint, requested by thread 0x0000018553f88460


---------------  P R O C E S S  ---------------

Threads class SMR info:
_java_thread_list=0x00000185465df400, length=202, elements={
0x0000018553f2c450, 0x0000018570fcb070, 0x0000018570fcbb40, 0x0000018570fdc7a0,
0x0000018570fdf080, 0x0000018570fe3960, 0x0000018570fe4230, 0x0000018570fe6250,
0x0000018570fe97e0, 0x0000018570ff1380, 0x0000018571691720, 0x000001857173d3f0,
0x00000185783517c0, 0x0000018577406830, 0x00000185762a3f70, 0x00000185776bdbe0,
0x00000185776bfa40, 0x00000185776bf020, 0x00000185791a0ed0, 0x00000185791a13e0,
0x00000185791a18f0, 0x00000185791a1e00, 0x000001857919f580, 0x00000185791a3240,
0x00000185791a04b0, 0x00000185791a5fd0, 0x00000185791a50a0, 0x00000185791a55b0,
0x00000185791a3c60, 0x00000185791a5ac0, 0x00000185791a69f0, 0x0000018578db8ad0,
0x0000018578db8fe0, 0x000001857a638060, 0x000001857a6399b0, 0x000001857a63a8e0,
0x000001857a638570, 0x000001857a638f90, 0x000001857a63b300, 0x000001857a63b810,
0x000001857a639ec0, 0x000001857af323d0, 0x000001857af30060, 0x000001857952be70,
0x000001857952af40, 0x0000018545558870, 0x000001857952cda0, 0x000001857f618270,
0x000001857f618780, 0x000001857f616410, 0x000001857f613680, 0x000001857f61e7b0,
0x000001857ae58740, 0x000001857ae58230, 0x000001857ae5b9e0, 0x000001857ae59670,
0x000001857ae59b80, 0x000001857ae58c50, 0x000001857ae59160, 0x000001857ae5a5a0,
0x000001857ae5aab0, 0x000001857ae5afc0, 0x000001854554c810, 0x000001854554aec0,
0x000001854554b8e0, 0x0000018545549060, 0x0000018545549570, 0x000001854554b3d0,
0x0000018545549a80, 0x000001854554bdf0, 0x000001854554a4a0, 0x000001854554c300,
0x000001854554a9b0, 0x000001854554dc50, 0x000001854554eb80, 0x000001854554f090,
0x000001854554f5a0, 0x000001854554fab0, 0x000001854554d230, 0x0000018545550ef0,
0x0000018545552840, 0x0000018545553260, 0x0000018545551400, 0x0000018545553770,
0x0000018545551910, 0x0000018545551e20, 0x00000185455509e0, 0x00000185455504d0,
0x0000018545552330, 0x0000018545552d50, 0x000001854554ffc0, 0x0000018545555ff0,
0x0000018545554190, 0x0000018545553c80, 0x0000018545556a10, 0x00000185455550c0,
0x00000185455555d0, 0x0000018545554bb0, 0x0000018545555ae0, 0x0000018545556500,
0x0000018545556f20, 0x0000018545557430, 0x0000018545557e50, 0x00000185455546a0,
0x0000018545558360, 0x000001857f612750, 0x000001857f610e00, 0x000001857f611d30,
0x000001857f613170, 0x000001857f612240, 0x000001857f612c60, 0x000001857f613b90,
0x000001857f611310, 0x000001857f6108f0, 0x000001857f6140a0, 0x000001857f616920,
0x000001857f616e30, 0x000001857f6159f0, 0x000001857f617340, 0x000001857f617d60,
0x000001857f614ac0, 0x000001857f6145b0, 0x000001857f6196b0, 0x000001857f619bc0,
0x000001857f61c950, 0x000001857f61a0d0, 0x000001857f61c440, 0x000001857f61b000,
0x000001857f61a5e0, 0x000001857f61aaf0, 0x000001857f6191a0, 0x000001857f61ecc0,
0x000001857f61ce60, 0x000001857f61b510, 0x000001857f61dd90, 0x000001857f61d370,
0x000001857f61e2a0, 0x000001857f61d880, 0x000001857f61f1d0, 0x000001857f61ba20,
0x000001857f61f6e0, 0x000001857f61fbf0, 0x000001857f620100, 0x000001857952a010,
0x000001857952e1e0, 0x000001857952b450, 0x000001857952f110, 0x000001857952b960,
0x0000018579531480, 0x00000185795328c0, 0x000001857952fb30, 0x0000018579530040,
0x000001857952f620, 0x0000018579531ea0, 0x0000018579530f70, 0x0000018579533d00,
0x00000185795323b0, 0x00000185795332e0, 0x0000018579530550, 0x00000185795337f0,
0x0000018579534210, 0x0000018579531990, 0x0000018579530a60, 0x0000018579534720,
0x0000018579534c30, 0x0000018579535650, 0x0000018579535140, 0x0000018579535b60,
0x0000018579536070, 0x0000018579536580, 0x0000018579532dd0, 0x0000018579537ed0,
0x0000018579536a90, 0x00000185795379c0, 0x00000185795374b0, 0x0000018579536fa0,
0x00000185795383e0, 0x00000185795388f0, 0x0000018579538e00, 0x0000018579539310,
0x0000018578db6c70, 0x0000018578db6760, 0x0000018578db6250, 0x0000018578db5320,
0x0000018578db34c0, 0x0000018578db3ee0, 0x0000018578db7180, 0x0000018578db39d0,
0x0000018578db43f0, 0x0000018578db7690, 0x0000018578db4900, 0x0000018578db7ba0,
0x0000018578db80b0, 0x0000018578db4e10, 0x0000018578db94f0, 0x0000018578db5d40,
0x0000018578db9f10, 0x0000018578dba930, 0x0000018578dbae40, 0x000001857af31ec0,
0x000001857af328e0, 0x000001857af32df0
}

Java Threads: ( => current thread )
  0x0000018553f2c450 JavaThread "main" [_thread_blocked, id=27640, stack(0x00000045f3500000,0x00000045f3600000)]
  0x0000018570fcb070 JavaThread "Reference Handler" daemon [_thread_blocked, id=32388, stack(0x00000045f3c00000,0x00000045f3d00000)]
  0x0000018570fcbb40 JavaThread "Finalizer" daemon [_thread_blocked, id=19812, stack(0x00000045f3d00000,0x00000045f3e00000)]
  0x0000018570fdc7a0 JavaThread "Signal Dispatcher" daemon [_thread_blocked, id=25764, stack(0x00000045f3e00000,0x00000045f3f00000)]
  0x0000018570fdf080 JavaThread "Attach Listener" daemon [_thread_blocked, id=7504, stack(0x00000045f3f00000,0x00000045f4000000)]
  0x0000018570fe3960 JavaThread "Service Thread" daemon [_thread_blocked, id=29104, stack(0x00000045f4000000,0x00000045f4100000)]
  0x0000018570fe4230 JavaThread "Monitor Deflation Thread" daemon [_thread_blocked, id=1476, stack(0x00000045f4100000,0x00000045f4200000)]
  0x0000018570fe6250 JavaThread "C2 CompilerThread0" daemon [_thread_blocked, id=2104, stack(0x00000045f4200000,0x00000045f4300000)]
  0x0000018570fe97e0 JavaThread "C1 CompilerThread0" daemon [_thread_blocked, id=20028, stack(0x00000045f4300000,0x00000045f4400000)]
  0x0000018570ff1380 JavaThread "Sweeper thread" daemon [_thread_blocked, id=23420, stack(0x00000045f4400000,0x00000045f4500000)]
  0x0000018571691720 JavaThread "Common-Cleaner" daemon [_thread_blocked, id=29440, stack(0x00000045f4500000,0x00000045f4600000)]
  0x000001857173d3f0 JavaThread "Notification Thread" daemon [_thread_blocked, id=12768, stack(0x00000045f4700000,0x00000045f4800000)]
  0x00000185783517c0 JavaThread "Daemon health stats" [_thread_blocked, id=31312, stack(0x00000045f4b00000,0x00000045f4c00000)]
  0x0000018577406830 JavaThread "Incoming local TCP Connector on port 63007" [_thread_in_native, id=18124, stack(0x00000045f4e00000,0x00000045f4f00000)]
  0x00000185762a3f70 JavaThread "Daemon periodic checks" [_thread_blocked, id=30312, stack(0x00000045f4f00000,0x00000045f5000000)]
  0x00000185776bdbe0 JavaThread "Cache worker for journal cache (C:\Users\HP\.gradle\caches\journal-1)" [_thread_blocked, id=26116, stack(0x00000045f5700000,0x00000045f5800000)]
  0x00000185776bfa40 JavaThread "File lock request listener" [_thread_in_native, id=19600, stack(0x00000045f5800000,0x00000045f5900000)]
  0x00000185776bf020 JavaThread "Cache worker for file hash cache (C:\Users\HP\.gradle\caches\8.14.1\fileHashes)" [_thread_blocked, id=25572, stack(0x00000045f5900000,0x00000045f5a00000)]
  0x00000185791a0ed0 JavaThread "File watcher server" daemon [_thread_in_native, id=31104, stack(0x00000045f6300000,0x00000045f6400000)]
  0x00000185791a13e0 JavaThread "File watcher consumer" daemon [_thread_blocked, id=29532, stack(0x00000045f6400000,0x00000045f6500000)]
  0x00000185791a18f0 JavaThread "jar transforms" [_thread_blocked, id=33268, stack(0x00000045f6500000,0x00000045f6600000)]
  0x00000185791a1e00 JavaThread "jar transforms Thread 2" [_thread_blocked, id=6744, stack(0x00000045f6600000,0x00000045f6700000)]
  0x000001857919f580 JavaThread "jar transforms Thread 3" [_thread_blocked, id=30744, stack(0x00000045f6700000,0x00000045f6800000)]
  0x00000185791a3240 JavaThread "jar transforms Thread 4" [_thread_blocked, id=23704, stack(0x00000045f6800000,0x00000045f6900000)]
  0x00000185791a04b0 JavaThread "jar transforms Thread 5" [_thread_blocked, id=29436, stack(0x00000045f6900000,0x00000045f6a00000)]
  0x00000185791a5fd0 JavaThread "Cache worker for file content cache (C:\Users\HP\.gradle\caches\8.14.1\fileContent)" [_thread_blocked, id=18696, stack(0x00000045f6b00000,0x00000045f6c00000)]
  0x00000185791a50a0 JavaThread "jar transforms Thread 6" [_thread_blocked, id=20252, stack(0x00000045f6c00000,0x00000045f6d00000)]
  0x00000185791a55b0 JavaThread "jar transforms Thread 7" [_thread_blocked, id=27536, stack(0x00000045f6d00000,0x00000045f6e00000)]
  0x00000185791a3c60 JavaThread "jar transforms Thread 8" [_thread_blocked, id=29152, stack(0x00000045f6e00000,0x00000045f6f00000)]
  0x00000185791a5ac0 JavaThread "jar transforms Thread 9" [_thread_blocked, id=7524, stack(0x00000045f6f00000,0x00000045f7000000)]
  0x00000185791a69f0 JavaThread "jar transforms Thread 10" [_thread_blocked, id=19288, stack(0x00000045f7000000,0x00000045f7100000)]
  0x0000018578db8ad0 JavaThread "Memory manager" [_thread_blocked, id=7392, stack(0x00000045f7900000,0x00000045f7a00000)]
  0x0000018578db8fe0 JavaThread "ForkJoinPool.commonPool-worker-1" daemon [_thread_blocked, id=30928, stack(0x00000045f9e00000,0x00000045f9f00000)]
  0x000001857a638060 JavaThread "ForkJoinPool.commonPool-worker-2" daemon [_thread_blocked, id=30416, stack(0x00000045f9f00000,0x00000045fa000000)]
  0x000001857a6399b0 JavaThread "ForkJoinPool.commonPool-worker-3" daemon [_thread_blocked, id=8920, stack(0x00000045fa000000,0x00000045fa100000)]
  0x000001857a63a8e0 JavaThread "ForkJoinPool.commonPool-worker-4" daemon [_thread_blocked, id=33108, stack(0x00000045fa100000,0x00000045fa200000)]
  0x000001857a638570 JavaThread "ForkJoinPool.commonPool-worker-5" daemon [_thread_blocked, id=31220, stack(0x00000045fa200000,0x00000045fa300000)]
  0x000001857a638f90 JavaThread "ForkJoinPool.commonPool-worker-6" daemon [_thread_blocked, id=25876, stack(0x00000045fa300000,0x00000045fa400000)]
  0x000001857a63b300 JavaThread "ForkJoinPool.commonPool-worker-9" daemon [_thread_blocked, id=31716, stack(0x00000045fa600000,0x00000045fa700000)]
  0x000001857a63b810 JavaThread "ForkJoinPool.commonPool-worker-11" daemon [_thread_blocked, id=29000, stack(0x00000045fa700000,0x00000045fa800000)]
  0x000001857a639ec0 JavaThread "ForkJoinPool.commonPool-worker-10" daemon [_thread_blocked, id=20100, stack(0x00000045fa800000,0x00000045fa900000)]
  0x000001857af323d0 JavaThread "jar transforms Thread 11" [_thread_blocked, id=26444, stack(0x0000004580100000,0x0000004580200000)]
  0x000001857af30060 JavaThread "jar transforms Thread 12" [_thread_blocked, id=19316, stack(0x0000004580300000,0x0000004580400000)]
  0x000001857952be70 JavaThread "Daemon Thread 2" [_thread_blocked, id=31096, stack(0x0000004580000000,0x0000004580100000)]
  0x000001857952af40 JavaThread "Daemon worker Thread 2" [_thread_blocked, id=30568, stack(0x0000004580500000,0x0000004580600000)]
  0x0000018545558870 JavaThread "ForkJoinPool.commonPool-worker-12" daemon [_thread_blocked, id=17840, stack(0x0000004583000000,0x0000004583100000)]
  0x000001857952cda0 JavaThread "included builds" [_thread_blocked, id=18108, stack(0x0000004581800000,0x0000004581900000)]
  0x000001857f618270 JavaThread "Exec process Thread 7" [_thread_blocked, id=32548, stack(0x0000004589a00000,0x0000004589b00000)]
  0x000001857f618780 JavaThread "Exec process Thread 8" [_thread_blocked, id=25420, stack(0x0000004589b00000,0x0000004589c00000)]
  0x000001857f616410 JavaThread "Exec process Thread 9" [_thread_blocked, id=4296, stack(0x0000004589c00000,0x0000004589d00000)]
  0x000001857f613680 JavaThread "VFS cleanup Thread 3" [_thread_blocked, id=21236, stack(0x0000004580600000,0x0000004580700000)]
  0x000001857f61e7b0 JavaThread "included builds" [_thread_blocked, id=23816, stack(0x0000004582f00000,0x0000004583000000)]
  0x000001857ae58740 JavaThread "File lock release action executor Thread 2" [_thread_blocked, id=29404, stack(0x0000004580200000,0x0000004580300000)]
  0x000001857ae58230 JavaThread "Handler for socket connection from /127.0.0.1:63007 to /127.0.0.1:61895" [_thread_in_native, id=15336, stack(0x0000004580400000,0x0000004580500000)]
  0x000001857ae5b9e0 JavaThread "Cancel handler" [_thread_blocked, id=15604, stack(0x0000004580700000,0x0000004580800000)]
  0x000001857ae59670 JavaThread "Asynchronous log dispatcher for DefaultDaemonConnection: socket connection from /127.0.0.1:63007 to /127.0.0.1:61895" [_thread_blocked, id=27440, stack(0x0000004580800000,0x0000004580900000)]
  0x000001857ae59b80 JavaThread "Stdin handler" [_thread_blocked, id=27732, stack(0x0000004580900000,0x0000004580a00000)]
  0x000001857ae58c50 JavaThread "Daemon client event forwarder" [_thread_blocked, id=16348, stack(0x0000004580a00000,0x0000004580b00000)]
  0x000001857ae59160 JavaThread "Cache worker for file hash cache (D:\Parkitdemo\Updated-Sundukpay\android\.gradle\8.14.1\fileHashes)" [_thread_blocked, id=30780, stack(0x0000004580b00000,0x0000004580c00000)]
  0x000001857ae5a5a0 JavaThread "Cache worker for Build Output Cleanup Cache (D:\Parkitdemo\Updated-Sundukpay\android\.gradle\buildOutputCleanup)" [_thread_blocked, id=27856, stack(0x0000004580d00000,0x0000004580e00000)]
  0x000001857ae5aab0 JavaThread "Cache worker for checksums cache (D:\Parkitdemo\Updated-Sundukpay\android\.gradle\8.14.1\checksums)" [_thread_blocked, id=26168, stack(0x0000004580e00000,0x0000004580f00000)]
  0x000001857ae5afc0 JavaThread "Cache worker for cache directory md-supplier (C:\Users\HP\.gradle\caches\8.14.1\md-supplier)" [_thread_blocked, id=10164, stack(0x0000004580f00000,0x0000004581000000)]
  0x000001854554c810 JavaThread "Cache worker for cache directory md-rule (C:\Users\HP\.gradle\caches\8.14.1\md-rule)" [_thread_blocked, id=22088, stack(0x0000004581000000,0x0000004581100000)]
  0x000001854554aec0 JavaThread "Cache worker for Build Output Cleanup Cache (D:\Parkitdemo\Updated-Sundukpay\node_modules\@react-native\gradle-plugin\.gradle\buildOutputCleanup)" [_thread_blocked, id=26204, stack(0x0000004581100000,0x0000004581200000)]
  0x000001854554b8e0 JavaThread "Unconstrained build operations" [_thread_blocked, id=32400, stack(0x0000004581200000,0x0000004581300000)]
  0x0000018545549060 JavaThread "Unconstrained build operations Thread 2" [_thread_blocked, id=1616, stack(0x0000004581400000,0x0000004581500000)]
  0x0000018545549570 JavaThread "Unconstrained build operations Thread 3" [_thread_blocked, id=19564, stack(0x0000004581500000,0x0000004581600000)]
  0x000001854554b3d0 JavaThread "Unconstrained build operations Thread 4" [_thread_blocked, id=27808, stack(0x0000004581600000,0x0000004581700000)]
  0x0000018545549a80 JavaThread "Unconstrained build operations Thread 5" [_thread_blocked, id=31876, stack(0x0000004581700000,0x0000004581800000)]
  0x000001854554bdf0 JavaThread "Unconstrained build operations Thread 6" [_thread_blocked, id=13116, stack(0x0000004581900000,0x0000004581a00000)]
  0x000001854554a4a0 JavaThread "Unconstrained build operations Thread 7" [_thread_blocked, id=5452, stack(0x0000004581a00000,0x0000004581b00000)]
  0x000001854554c300 JavaThread "Unconstrained build operations Thread 8" [_thread_blocked, id=20544, stack(0x0000004581b00000,0x0000004581c00000)]
  0x000001854554a9b0 JavaThread "Unconstrained build operations Thread 9" [_thread_blocked, id=25224, stack(0x0000004581c00000,0x0000004581d00000)]
  0x000001854554dc50 JavaThread "Unconstrained build operations Thread 10" [_thread_blocked, id=10828, stack(0x0000004581d00000,0x0000004581e00000)]
  0x000001854554eb80 JavaThread "Unconstrained build operations Thread 11" [_thread_blocked, id=17828, stack(0x0000004581e00000,0x0000004581f00000)]
  0x000001854554f090 JavaThread "Unconstrained build operations Thread 12" [_thread_blocked, id=31560, stack(0x0000004581f00000,0x0000004582000000)]
  0x000001854554f5a0 JavaThread "Unconstrained build operations Thread 13" [_thread_blocked, id=7740, stack(0x0000004582000000,0x0000004582100000)]
  0x000001854554fab0 JavaThread "Unconstrained build operations Thread 14" [_thread_blocked, id=26772, stack(0x0000004582100000,0x0000004582200000)]
  0x000001854554d230 JavaThread "Unconstrained build operations Thread 15" [_thread_blocked, id=33748, stack(0x0000004582200000,0x0000004582300000)]
  0x0000018545550ef0 JavaThread "Unconstrained build operations Thread 16" [_thread_blocked, id=33304, stack(0x0000004582300000,0x0000004582400000)]
  0x0000018545552840 JavaThread "Unconstrained build operations Thread 17" [_thread_blocked, id=31296, stack(0x0000004582400000,0x0000004582500000)]
  0x0000018545553260 JavaThread "Unconstrained build operations Thread 18" [_thread_blocked, id=13432, stack(0x0000004582500000,0x0000004582600000)]
  0x0000018545551400 JavaThread "Unconstrained build operations Thread 19" [_thread_blocked, id=15932, stack(0x0000004582600000,0x0000004582700000)]
  0x0000018545553770 JavaThread "Unconstrained build operations Thread 20" [_thread_blocked, id=20248, stack(0x0000004582700000,0x0000004582800000)]
  0x0000018545551910 JavaThread "Unconstrained build operations Thread 21" [_thread_blocked, id=1436, stack(0x0000004582800000,0x0000004582900000)]
  0x0000018545551e20 JavaThread "Unconstrained build operations Thread 22" [_thread_blocked, id=4712, stack(0x0000004582900000,0x0000004582a00000)]
  0x00000185455509e0 JavaThread "Unconstrained build operations Thread 23" [_thread_blocked, id=5124, stack(0x0000004582a00000,0x0000004582b00000)]
  0x00000185455504d0 JavaThread "Unconstrained build operations Thread 24" [_thread_blocked, id=18328, stack(0x0000004582b00000,0x0000004582c00000)]
  0x0000018545552330 JavaThread "Unconstrained build operations Thread 25" [_thread_blocked, id=27868, stack(0x0000004582c00000,0x0000004582d00000)]
  0x0000018545552d50 JavaThread "Unconstrained build operations Thread 26" [_thread_blocked, id=3364, stack(0x0000004582d00000,0x0000004582e00000)]
  0x000001854554ffc0 JavaThread "build event listener" [_thread_blocked, id=33404, stack(0x0000004582e00000,0x0000004582f00000)]
  0x0000018545555ff0 JavaThread "included builds" [_thread_blocked, id=15380, stack(0x0000004583100000,0x0000004583200000)]
  0x0000018545554190 JavaThread "Execution worker" [_thread_blocked, id=6064, stack(0x0000004583200000,0x0000004583300000)]
  0x0000018545553c80 JavaThread "Execution worker Thread 2" [_thread_blocked, id=13944, stack(0x0000004583300000,0x0000004583400000)]
  0x0000018545556a10 JavaThread "Execution worker Thread 3" [_thread_blocked, id=27780, stack(0x0000004583400000,0x0000004583500000)]
  0x00000185455550c0 JavaThread "Execution worker Thread 4" [_thread_blocked, id=3332, stack(0x0000004583500000,0x0000004583600000)]
  0x00000185455555d0 JavaThread "Execution worker Thread 5" [_thread_blocked, id=26236, stack(0x0000004583600000,0x0000004583700000)]
  0x0000018545554bb0 JavaThread "Execution worker Thread 6" [_thread_blocked, id=10532, stack(0x0000004583700000,0x0000004583800000)]
  0x0000018545555ae0 JavaThread "Execution worker Thread 7" [_thread_blocked, id=33736, stack(0x0000004583800000,0x0000004583900000)]
  0x0000018545556500 JavaThread "Execution worker Thread 8" [_thread_blocked, id=30064, stack(0x0000004583900000,0x0000004583a00000)]
  0x0000018545556f20 JavaThread "Execution worker Thread 9" [_thread_blocked, id=14924, stack(0x0000004583a00000,0x0000004583b00000)]
  0x0000018545557430 JavaThread "Cache worker for execution history cache (D:\Parkitdemo\Updated-Sundukpay\node_modules\@react-native\gradle-plugin\.gradle\8.14.1\executionHistory)" [_thread_blocked, id=18652, stack(0x0000004583b00000,0x0000004583c00000)]
  0x0000018545557e50 JavaThread "Execution worker Thread 10" [_thread_blocked, id=21744, stack(0x0000004583c00000,0x0000004583d00000)]
  0x00000185455546a0 JavaThread "Execution worker Thread 11" [_thread_blocked, id=21908, stack(0x0000004583d00000,0x0000004583e00000)]
  0x0000018545558360 JavaThread "Unconstrained build operations Thread 27" [_thread_blocked, id=31564, stack(0x0000004583e00000,0x0000004583f00000)]
  0x000001857f612750 JavaThread "Unconstrained build operations Thread 28" [_thread_blocked, id=13888, stack(0x0000004583f00000,0x0000004584000000)]
  0x000001857f610e00 JavaThread "Unconstrained build operations Thread 29" [_thread_blocked, id=19820, stack(0x0000004584000000,0x0000004584100000)]
  0x000001857f611d30 JavaThread "Unconstrained build operations Thread 30" [_thread_blocked, id=25888, stack(0x0000004584100000,0x0000004584200000)]
  0x000001857f613170 JavaThread "Unconstrained build operations Thread 31" [_thread_blocked, id=1844, stack(0x0000004584200000,0x0000004584300000)]
  0x000001857f612240 JavaThread "Unconstrained build operations Thread 32" [_thread_blocked, id=29976, stack(0x0000004584300000,0x0000004584400000)]
  0x000001857f612c60 JavaThread "Unconstrained build operations Thread 33" [_thread_blocked, id=9316, stack(0x0000004584400000,0x0000004584500000)]
  0x000001857f613b90 JavaThread "Unconstrained build operations Thread 34" [_thread_blocked, id=33772, stack(0x0000004584500000,0x0000004584600000)]
  0x000001857f611310 JavaThread "Unconstrained build operations Thread 35" [_thread_blocked, id=28760, stack(0x0000004584600000,0x0000004584700000)]
  0x000001857f6108f0 JavaThread "Unconstrained build operations Thread 36" [_thread_blocked, id=21868, stack(0x0000004584700000,0x0000004584800000)]
  0x000001857f6140a0 JavaThread "Unconstrained build operations Thread 37" [_thread_blocked, id=31892, stack(0x0000004584800000,0x0000004584900000)]
  0x000001857f616920 JavaThread "Unconstrained build operations Thread 38" [_thread_blocked, id=31504, stack(0x0000004584900000,0x0000004584a00000)]
  0x000001857f616e30 JavaThread "Unconstrained build operations Thread 39" [_thread_blocked, id=31524, stack(0x0000004584a00000,0x0000004584b00000)]
  0x000001857f6159f0 JavaThread "Unconstrained build operations Thread 40" [_thread_blocked, id=27096, stack(0x0000004584b00000,0x0000004584c00000)]
  0x000001857f617340 JavaThread "Unconstrained build operations Thread 41" [_thread_blocked, id=16904, stack(0x0000004584c00000,0x0000004584d00000)]
  0x000001857f617d60 JavaThread "Unconstrained build operations Thread 42" [_thread_blocked, id=33036, stack(0x0000004584d00000,0x0000004584e00000)]
  0x000001857f614ac0 JavaThread "Unconstrained build operations Thread 43" [_thread_blocked, id=26084, stack(0x0000004584e00000,0x0000004584f00000)]
  0x000001857f6145b0 JavaThread "Unconstrained build operations Thread 44" [_thread_blocked, id=2944, stack(0x0000004584f00000,0x0000004585000000)]
  0x000001857f6196b0 JavaThread "Unconstrained build operations Thread 45" [_thread_blocked, id=24720, stack(0x0000004585000000,0x0000004585100000)]
  0x000001857f619bc0 JavaThread "Unconstrained build operations Thread 46" [_thread_blocked, id=19960, stack(0x0000004585100000,0x0000004585200000)]
  0x000001857f61c950 JavaThread "Unconstrained build operations Thread 47" [_thread_blocked, id=932, stack(0x0000004585200000,0x0000004585300000)]
  0x000001857f61a0d0 JavaThread "Unconstrained build operations Thread 48" [_thread_blocked, id=1868, stack(0x0000004585300000,0x0000004585400000)]
  0x000001857f61c440 JavaThread "Unconstrained build operations Thread 49" [_thread_blocked, id=30480, stack(0x0000004585400000,0x0000004585500000)]
  0x000001857f61b000 JavaThread "Unconstrained build operations Thread 50" [_thread_blocked, id=27264, stack(0x0000004585500000,0x0000004585600000)]
  0x000001857f61a5e0 JavaThread "Unconstrained build operations Thread 51" [_thread_blocked, id=2776, stack(0x0000004585600000,0x0000004585700000)]
  0x000001857f61aaf0 JavaThread "Unconstrained build operations Thread 52" [_thread_blocked, id=11244, stack(0x0000004585700000,0x0000004585800000)]
  0x000001857f6191a0 JavaThread "Unconstrained build operations Thread 53" [_thread_blocked, id=32124, stack(0x0000004585800000,0x0000004585900000)]
  0x000001857f61ecc0 JavaThread "Unconstrained build operations Thread 54" [_thread_blocked, id=18540, stack(0x0000004585900000,0x0000004585a00000)]
  0x000001857f61ce60 JavaThread "Unconstrained build operations Thread 55" [_thread_blocked, id=19808, stack(0x0000004585a00000,0x0000004585b00000)]
  0x000001857f61b510 JavaThread "Unconstrained build operations Thread 56" [_thread_blocked, id=32320, stack(0x0000004585b00000,0x0000004585c00000)]
  0x000001857f61dd90 JavaThread "Unconstrained build operations Thread 57" [_thread_blocked, id=2612, stack(0x0000004585c00000,0x0000004585d00000)]
  0x000001857f61d370 JavaThread "Unconstrained build operations Thread 58" [_thread_blocked, id=29600, stack(0x0000004585d00000,0x0000004585e00000)]
  0x000001857f61e2a0 JavaThread "Unconstrained build operations Thread 59" [_thread_blocked, id=33032, stack(0x0000004585e00000,0x0000004585f00000)]
  0x000001857f61d880 JavaThread "Unconstrained build operations Thread 60" [_thread_blocked, id=23192, stack(0x0000004585f00000,0x0000004586000000)]
  0x000001857f61f1d0 JavaThread "Unconstrained build operations Thread 61" [_thread_blocked, id=24564, stack(0x0000004586000000,0x0000004586100000)]
  0x000001857f61ba20 JavaThread "Unconstrained build operations Thread 62" [_thread_blocked, id=4912, stack(0x0000004586100000,0x0000004586200000)]
  0x000001857f61f6e0 JavaThread "Unconstrained build operations Thread 63" [_thread_blocked, id=16388, stack(0x0000004586200000,0x0000004586300000)]
  0x000001857f61fbf0 JavaThread "Unconstrained build operations Thread 64" [_thread_blocked, id=17116, stack(0x0000004586300000,0x0000004586400000)]
  0x000001857f620100 JavaThread "Unconstrained build operations Thread 65" [_thread_blocked, id=23008, stack(0x0000004586400000,0x0000004586500000)]
  0x000001857952a010 JavaThread "Unconstrained build operations Thread 66" [_thread_blocked, id=14632, stack(0x0000004586500000,0x0000004586600000)]
  0x000001857952e1e0 JavaThread "Unconstrained build operations Thread 67" [_thread_blocked, id=27672, stack(0x0000004586600000,0x0000004586700000)]
  0x000001857952b450 JavaThread "Unconstrained build operations Thread 68" [_thread_blocked, id=29740, stack(0x0000004586700000,0x0000004586800000)]
  0x000001857952f110 JavaThread "Unconstrained build operations Thread 69" [_thread_blocked, id=21492, stack(0x0000004586800000,0x0000004586900000)]
  0x000001857952b960 JavaThread "Unconstrained build operations Thread 70" [_thread_blocked, id=23240, stack(0x0000004586900000,0x0000004586a00000)]
  0x0000018579531480 JavaThread "Unconstrained build operations Thread 71" [_thread_blocked, id=29568, stack(0x0000004586a00000,0x0000004586b00000)]
  0x00000185795328c0 JavaThread "Unconstrained build operations Thread 72" [_thread_blocked, id=16964, stack(0x0000004586b00000,0x0000004586c00000)]
  0x000001857952fb30 JavaThread "Unconstrained build operations Thread 73" [_thread_blocked, id=6044, stack(0x0000004586c00000,0x0000004586d00000)]
  0x0000018579530040 JavaThread "Unconstrained build operations Thread 74" [_thread_blocked, id=32636, stack(0x0000004586d00000,0x0000004586e00000)]
  0x000001857952f620 JavaThread "Unconstrained build operations Thread 75" [_thread_blocked, id=28520, stack(0x0000004586e00000,0x0000004586f00000)]
  0x0000018579531ea0 JavaThread "Unconstrained build operations Thread 76" [_thread_blocked, id=7508, stack(0x0000004586f00000,0x0000004587000000)]
  0x0000018579530f70 JavaThread "Unconstrained build operations Thread 77" [_thread_blocked, id=21276, stack(0x0000004587000000,0x0000004587100000)]
  0x0000018579533d00 JavaThread "Unconstrained build operations Thread 78" [_thread_blocked, id=19524, stack(0x0000004587100000,0x0000004587200000)]
  0x00000185795323b0 JavaThread "Unconstrained build operations Thread 79" [_thread_blocked, id=33344, stack(0x0000004587200000,0x0000004587300000)]
  0x00000185795332e0 JavaThread "Unconstrained build operations Thread 80" [_thread_blocked, id=20296, stack(0x0000004587300000,0x0000004587400000)]
  0x0000018579530550 JavaThread "Unconstrained build operations Thread 81" [_thread_blocked, id=24932, stack(0x0000004587400000,0x0000004587500000)]
  0x00000185795337f0 JavaThread "Unconstrained build operations Thread 82" [_thread_blocked, id=23184, stack(0x0000004587500000,0x0000004587600000)]
  0x0000018579534210 JavaThread "Unconstrained build operations Thread 83" [_thread_blocked, id=13720, stack(0x0000004587600000,0x0000004587700000)]
  0x0000018579531990 JavaThread "Unconstrained build operations Thread 84" [_thread_blocked, id=22768, stack(0x0000004587700000,0x0000004587800000)]
  0x0000018579530a60 JavaThread "Unconstrained build operations Thread 85" [_thread_blocked, id=33388, stack(0x0000004587800000,0x0000004587900000)]
  0x0000018579534720 JavaThread "Unconstrained build operations Thread 86" [_thread_blocked, id=16728, stack(0x0000004587900000,0x0000004587a00000)]
  0x0000018579534c30 JavaThread "Unconstrained build operations Thread 87" [_thread_blocked, id=29900, stack(0x0000004587a00000,0x0000004587b00000)]
  0x0000018579535650 JavaThread "Unconstrained build operations Thread 88" [_thread_blocked, id=24268, stack(0x0000004587b00000,0x0000004587c00000)]
  0x0000018579535140 JavaThread "Unconstrained build operations Thread 89" [_thread_blocked, id=31864, stack(0x0000004587c00000,0x0000004587d00000)]
  0x0000018579535b60 JavaThread "Unconstrained build operations Thread 90" [_thread_blocked, id=32632, stack(0x0000004587d00000,0x0000004587e00000)]
  0x0000018579536070 JavaThread "Unconstrained build operations Thread 91" [_thread_blocked, id=30588, stack(0x0000004587e00000,0x0000004587f00000)]
  0x0000018579536580 JavaThread "Unconstrained build operations Thread 92" [_thread_blocked, id=3536, stack(0x0000004587f00000,0x0000004588000000)]
  0x0000018579532dd0 JavaThread "Unconstrained build operations Thread 93" [_thread_blocked, id=12392, stack(0x0000004588000000,0x0000004588100000)]
  0x0000018579537ed0 JavaThread "Unconstrained build operations Thread 94" [_thread_blocked, id=22236, stack(0x0000004588100000,0x0000004588200000)]
  0x0000018579536a90 JavaThread "Unconstrained build operations Thread 95" [_thread_blocked, id=10464, stack(0x0000004588200000,0x0000004588300000)]
  0x00000185795379c0 JavaThread "Unconstrained build operations Thread 96" [_thread_blocked, id=26292, stack(0x0000004588300000,0x0000004588400000)]
  0x00000185795374b0 JavaThread "Unconstrained build operations Thread 97" [_thread_blocked, id=31356, stack(0x0000004588400000,0x0000004588500000)]
  0x0000018579536fa0 JavaThread "Unconstrained build operations Thread 98" [_thread_blocked, id=32144, stack(0x0000004588500000,0x0000004588600000)]
  0x00000185795383e0 JavaThread "Unconstrained build operations Thread 99" [_thread_blocked, id=24596, stack(0x0000004588600000,0x0000004588700000)]
  0x00000185795388f0 JavaThread "Unconstrained build operations Thread 100" [_thread_blocked, id=11832, stack(0x0000004588700000,0x0000004588800000)]
  0x0000018579538e00 JavaThread "Unconstrained build operations Thread 101" [_thread_blocked, id=31460, stack(0x0000004588800000,0x0000004588900000)]
  0x0000018579539310 JavaThread "build event listener" [_thread_blocked, id=12320, stack(0x0000004588a00000,0x0000004588b00000)]
  0x0000018578db6c70 JavaThread "Problems report writer" [_thread_blocked, id=13756, stack(0x0000004588b00000,0x0000004588c00000)]
  0x0000018578db6760 JavaThread "Unconstrained build operations Thread 102" [_thread_blocked, id=10592, stack(0x0000004588c00000,0x0000004588d00000)]
  0x0000018578db6250 JavaThread "Unconstrained build operations Thread 103" [_thread_blocked, id=200, stack(0x0000004588d00000,0x0000004588e00000)]
  0x0000018578db5320 JavaThread "Unconstrained build operations Thread 104" [_thread_blocked, id=31420, stack(0x0000004588e00000,0x0000004588f00000)]
  0x0000018578db34c0 JavaThread "Unconstrained build operations Thread 105" [_thread_blocked, id=29036, stack(0x0000004588f00000,0x0000004589000000)]
  0x0000018578db3ee0 JavaThread "Unconstrained build operations Thread 106" [_thread_blocked, id=10420, stack(0x0000004589000000,0x0000004589100000)]
  0x0000018578db7180 JavaThread "Unconstrained build operations Thread 107" [_thread_blocked, id=32528, stack(0x0000004589100000,0x0000004589200000)]
  0x0000018578db39d0 JavaThread "Unconstrained build operations Thread 108" [_thread_blocked, id=452, stack(0x0000004589200000,0x0000004589300000)]
  0x0000018578db43f0 JavaThread "Unconstrained build operations Thread 109" [_thread_blocked, id=32836, stack(0x0000004589300000,0x0000004589400000)]
  0x0000018578db7690 JavaThread "Unconstrained build operations Thread 110" [_thread_blocked, id=7104, stack(0x0000004589400000,0x0000004589500000)]
  0x0000018578db4900 JavaThread "Unconstrained build operations Thread 111" [_thread_blocked, id=29240, stack(0x0000004589500000,0x0000004589600000)]
  0x0000018578db7ba0 JavaThread "Unconstrained build operations Thread 112" [_thread_blocked, id=1952, stack(0x0000004589600000,0x0000004589700000)]
  0x0000018578db80b0 JavaThread "Unconstrained build operations Thread 113" [_thread_blocked, id=31616, stack(0x0000004589700000,0x0000004589800000)]
  0x0000018578db4e10 JavaThread "Unconstrained build operations Thread 114" [_thread_blocked, id=32224, stack(0x0000004589800000,0x0000004589900000)]
  0x0000018578db94f0 JavaThread "Unconstrained build operations Thread 115" [_thread_blocked, id=9428, stack(0x0000004589900000,0x0000004589a00000)]
  0x0000018578db5d40 JavaThread "Unconstrained build operations Thread 116" [_thread_blocked, id=25880, stack(0x0000004589e00000,0x0000004589f00000)]
  0x0000018578db9f10 JavaThread "Unconstrained build operations Thread 117" [_thread_blocked, id=31160, stack(0x0000004589f00000,0x000000458a000000)]
  0x0000018578dba930 JavaThread "Unconstrained build operations Thread 118" [_thread_blocked, id=30440, stack(0x000000458a000000,0x000000458a100000)]
  0x0000018578dbae40 JavaThread "Unconstrained build operations Thread 119" [_thread_blocked, id=29320, stack(0x000000458a100000,0x000000458a200000)]
  0x000001857af31ec0 JavaThread "Unconstrained build operations Thread 120" [_thread_blocked, id=27348, stack(0x000000458a200000,0x000000458a300000)]
  0x000001857af328e0 JavaThread "Cache worker for execution history cache (D:\Parkitdemo\Updated-Sundukpay\android\.gradle\8.14.1\executionHistory)" [_thread_blocked, id=26836, stack(0x000000458a300000,0x000000458a400000)]
  0x000001857af32df0 JavaThread "ForkJoinPool.commonPool-worker-13" daemon [_thread_blocked, id=26844, stack(0x000000458a400000,0x000000458a500000)]

Other Threads:
=>0x0000018570fc48d0 VMThread "VM Thread" [stack: 0x00000045f3b00000,0x00000045f3c00000] [id=29220]
  0x00000185716f2eb0 WatcherThread [stack: 0x00000045f4800000,0x00000045f4900000] [id=6616]
  0x0000018553f7b600 GCTaskThread "GC Thread#0" [stack: 0x00000045f3600000,0x00000045f3700000] [id=9356]
  0x0000018576170230 GCTaskThread "GC Thread#1" [stack: 0x00000045f4900000,0x00000045f4a00000] [id=2148]
  0x00000185765c61d0 GCTaskThread "GC Thread#2" [stack: 0x00000045f4a00000,0x00000045f4b00000] [id=30052]
  0x0000018577635cc0 GCTaskThread "GC Thread#3" [stack: 0x00000045f4c00000,0x00000045f4d00000] [id=31760]
  0x00000185770d9610 GCTaskThread "GC Thread#4" [stack: 0x00000045f4d00000,0x00000045f4e00000] [id=32160]
  0x0000018578ef5290 GCTaskThread "GC Thread#5" [stack: 0x00000045f5a00000,0x00000045f5b00000] [id=3960]
  0x0000018578ef6310 GCTaskThread "GC Thread#6" [stack: 0x00000045f5b00000,0x00000045f5c00000] [id=24600]
  0x0000018578ef5550 GCTaskThread "GC Thread#7" [stack: 0x00000045f5c00000,0x00000045f5d00000] [id=25700]
  0x0000018578ef5810 GCTaskThread "GC Thread#8" [stack: 0x00000045f5d00000,0x00000045f5e00000] [id=29132]
  0x0000018578ef65d0 GCTaskThread "GC Thread#9" [stack: 0x00000045f5e00000,0x00000045f5f00000] [id=32612]
  0x0000018553f88460 ConcurrentGCThread "G1 Main Marker" [stack: 0x00000045f3700000,0x00000045f3800000] [id=30764]
  0x0000018553f88d90 ConcurrentGCThread "G1 Conc#0" [stack: 0x00000045f3800000,0x00000045f3900000] [id=26500]
  0x0000018578ef4a50 ConcurrentGCThread "G1 Conc#1" [stack: 0x00000045f6100000,0x00000045f6200000] [id=27464]
  0x0000018578ef4d10 ConcurrentGCThread "G1 Conc#2" [stack: 0x00000045f6200000,0x00000045f6300000] [id=33632]
  0x0000018553fddf60 ConcurrentGCThread "G1 Refine#0" [stack: 0x00000045f3900000,0x00000045f3a00000] [id=24560]
  0x0000018579428ce0 ConcurrentGCThread "G1 Refine#1" [stack: 0x0000004581300000,0x0000004581400000] [id=33608]
  0x00000185794292c0 ConcurrentGCThread "G1 Refine#2" [stack: 0x0000004589d00000,0x0000004589e00000] [id=32236]
  0x0000018553fde740 ConcurrentGCThread "G1 Service" [stack: 0x00000045f3a00000,0x00000045f3b00000] [id=26664]

Threads with active compile tasks:
C2 CompilerThread0   284217 27952       4       org.gradle.api.internal.artifacts.configurations.DefaultLegacyConfiguration_Decorated::getAllDependencies (39 bytes)

VM state: at safepoint (normal execution)

VM Mutex/Monitor currently owned by a thread:  ([mutex/lock_event])
[0x0000018551c0d230] Threads_lock - owner thread: 0x0000018570fc48d0
[0x0000018553f29330] Heap_lock - owner thread: 0x0000018553f88460

Heap address: 0x00000000a0000000, size: 1536 MB, Compressed Oops mode: 32-bit

CDS archive(s) mapped at: [0x0000018500000000-0x0000018500bb0000-0x0000018500bb0000), size 12255232, SharedBaseAddress: 0x0000018500000000, ArchiveRelocationMode: 1.
Compressed class space mapped at: 0x0000018501000000-0x0000018541000000, reserved size: 1073741824
Narrow klass base: 0x0000018500000000, Narrow klass shift: 0, Narrow klass range: 0x100000000

GC Precious Log:
 CPUs: 12 total, 12 available
 Memory: 7835M
 Large Page Support: Disabled
 NUMA Support: Disabled
 Compressed Oops: Enabled (32-bit)
 Heap Region Size: 1M
 Heap Min Capacity: 8M
 Heap Initial Capacity: 124M
 Heap Max Capacity: 1536M
 Pre-touch: Disabled
 Parallel Workers: 10
 Concurrent Workers: 3
 Concurrent Refinement Workers: 10
 Periodic GC: Disabled

Heap:
 garbage-first heap   total 775168K, used 612178K [0x00000000a0000000, 0x0000000100000000)
  region size 1024K, 29 young (29696K), 5 survivors (5120K)
 Metaspace       used 129670K, committed 131968K, reserved 1179648K
  class space    used 17685K, committed 18752K, reserved 1048576K

Heap Regions: E=young(eden), S=young(survivor), O=old, HS=humongous(starts), HC=humongous(continues), CS=collection set, F=free, OA=open archive, CA=closed archive, TAMS=top-at-mark-start (previous, next)
|   0|0x00000000a0000000, 0x00000000a0100000, 0x00000000a0100000|100%|HS|  |TAMS 0x00000000a0100000, 0x00000000a0000000| Complete 
|   1|0x00000000a0100000, 0x00000000a0200000, 0x00000000a0200000|100%|HC|  |TAMS 0x00000000a0200000, 0x00000000a0100000| Complete 
|   2|0x00000000a0200000, 0x00000000a0300000, 0x00000000a0300000|100%|HC|  |TAMS 0x00000000a0300000, 0x00000000a0200000| Complete 
|   3|0x00000000a0300000, 0x00000000a0400000, 0x00000000a0400000|100%| O|  |TAMS 0x00000000a0400000, 0x00000000a0300000| Untracked 
|   4|0x00000000a0400000, 0x00000000a0500000, 0x00000000a0500000|100%| O|  |TAMS 0x00000000a0500000, 0x00000000a0400000| Untracked 
|   5|0x00000000a0500000, 0x00000000a0600000, 0x00000000a0600000|100%| O|  |TAMS 0x00000000a0600000, 0x00000000a0500000| Untracked 
|   6|0x00000000a0600000, 0x00000000a0700000, 0x00000000a0700000|100%|HS|  |TAMS 0x00000000a0700000, 0x00000000a0600000| Complete 
|   7|0x00000000a0700000, 0x00000000a0800000, 0x00000000a0800000|100%| O|  |TAMS 0x00000000a0800000, 0x00000000a0700000| Untracked 
|   8|0x00000000a0800000, 0x00000000a0900000, 0x00000000a0900000|100%| O|  |TAMS 0x00000000a0900000, 0x00000000a0800000| Untracked 
|   9|0x00000000a0900000, 0x00000000a0a00000, 0x00000000a0a00000|100%| O|  |TAMS 0x00000000a0a00000, 0x00000000a0900000| Untracked 
|  10|0x00000000a0a00000, 0x00000000a0b00000, 0x00000000a0b00000|100%| O|  |TAMS 0x00000000a0b00000, 0x00000000a0a00000| Updating 
|  11|0x00000000a0b00000, 0x00000000a0c00000, 0x00000000a0c00000|100%| O|  |TAMS 0x00000000a0c00000, 0x00000000a0b00000| Untracked 
|  12|0x00000000a0c00000, 0x00000000a0d00000, 0x00000000a0d00000|100%| O|  |TAMS 0x00000000a0d00000, 0x00000000a0c00000| Updating 
|  13|0x00000000a0d00000, 0x00000000a0e00000, 0x00000000a0e00000|100%| O|  |TAMS 0x00000000a0e00000, 0x00000000a0d00000| Untracked 
|  14|0x00000000a0e00000, 0x00000000a0f00000, 0x00000000a0f00000|100%| O|  |TAMS 0x00000000a0f00000, 0x00000000a0e00000| Untracked 
|  15|0x00000000a0f00000, 0x00000000a1000000, 0x00000000a1000000|100%| O|  |TAMS 0x00000000a1000000, 0x00000000a0f00000| Untracked 
|  16|0x00000000a1000000, 0x00000000a1100000, 0x00000000a1100000|100%| O|  |TAMS 0x00000000a1100000, 0x00000000a1000000| Untracked 
|  17|0x00000000a1100000, 0x00000000a1200000, 0x00000000a1200000|100%| O|  |TAMS 0x00000000a1200000, 0x00000000a1100000| Untracked 
|  18|0x00000000a1200000, 0x00000000a1300000, 0x00000000a1300000|100%| O|  |TAMS 0x00000000a1300000, 0x00000000a1200000| Untracked 
|  19|0x00000000a1300000, 0x00000000a1400000, 0x00000000a1400000|100%| O|  |TAMS 0x00000000a1400000, 0x00000000a1300000| Untracked 
|  20|0x00000000a1400000, 0x00000000a14d9a00, 0x00000000a1500000| 85%| O|  |TAMS 0x00000000a14d9a00, 0x00000000a1400000| Updating 
|  21|0x00000000a1500000, 0x00000000a1600000, 0x00000000a1600000|100%| O|  |TAMS 0x00000000a1600000, 0x00000000a1500000| Updating 
|  22|0x00000000a1600000, 0x00000000a1700000, 0x00000000a1700000|100%| O|  |TAMS 0x00000000a1700000, 0x00000000a1600000| Untracked 
|  23|0x00000000a1700000, 0x00000000a1800000, 0x00000000a1800000|100%| O|  |TAMS 0x00000000a1800000, 0x00000000a1700000| Untracked 
|  24|0x00000000a1800000, 0x00000000a1900000, 0x00000000a1900000|100%| O|  |TAMS 0x00000000a1900000, 0x00000000a1800000| Untracked 
|  25|0x00000000a1900000, 0x00000000a1a00000, 0x00000000a1a00000|100%| O|  |TAMS 0x00000000a1a00000, 0x00000000a1900000| Updating 
|  26|0x00000000a1a00000, 0x00000000a1b00000, 0x00000000a1b00000|100%| O|  |TAMS 0x00000000a1b00000, 0x00000000a1a00000| Updating 
|  27|0x00000000a1b00000, 0x00000000a1c00000, 0x00000000a1c00000|100%| O|  |TAMS 0x00000000a1c00000, 0x00000000a1b00000| Updating 
|  28|0x00000000a1c00000, 0x00000000a1d00000, 0x00000000a1d00000|100%| O|  |TAMS 0x00000000a1d00000, 0x00000000a1c00000| Updating 
|  29|0x00000000a1d00000, 0x00000000a1e00000, 0x00000000a1e00000|100%| O|  |TAMS 0x00000000a1e00000, 0x00000000a1d00000| Updating 
|  30|0x00000000a1e00000, 0x00000000a1f00000, 0x00000000a1f00000|100%| O|  |TAMS 0x00000000a1f00000, 0x00000000a1e00000| Updating 
|  31|0x00000000a1f00000, 0x00000000a2000000, 0x00000000a2000000|100%| O|  |TAMS 0x00000000a2000000, 0x00000000a1f00000| Untracked 
|  32|0x00000000a2000000, 0x00000000a2100000, 0x00000000a2100000|100%| O|  |TAMS 0x00000000a2100000, 0x00000000a2000000| Untracked 
|  33|0x00000000a2100000, 0x00000000a2200000, 0x00000000a2200000|100%| O|  |TAMS 0x00000000a2200000, 0x00000000a2100000| Untracked 
|  34|0x00000000a2200000, 0x00000000a2300000, 0x00000000a2300000|100%| O|  |TAMS 0x00000000a2300000, 0x00000000a2200000| Updating 
|  35|0x00000000a2300000, 0x00000000a2400000, 0x00000000a2400000|100%| O|  |TAMS 0x00000000a2400000, 0x00000000a2300000| Updating 
|  36|0x00000000a2400000, 0x00000000a2500000, 0x00000000a2500000|100%| O|  |TAMS 0x00000000a2500000, 0x00000000a2400000| Updating 
|  37|0x00000000a2500000, 0x00000000a2600000, 0x00000000a2600000|100%| O|  |TAMS 0x00000000a2600000, 0x00000000a2500000| Updating 
|  38|0x00000000a2600000, 0x00000000a2700000, 0x00000000a2700000|100%| O|  |TAMS 0x00000000a2700000, 0x00000000a2600000| Updating 
|  39|0x00000000a2700000, 0x00000000a2800000, 0x00000000a2800000|100%| O|  |TAMS 0x00000000a2800000, 0x00000000a2700000| Untracked 
|  40|0x00000000a2800000, 0x00000000a2900000, 0x00000000a2900000|100%| O|  |TAMS 0x00000000a2900000, 0x00000000a2800000| Updating 
|  41|0x00000000a2900000, 0x00000000a2a00000, 0x00000000a2a00000|100%| O|  |TAMS 0x00000000a2a00000, 0x00000000a2900000| Updating 
|  42|0x00000000a2a00000, 0x00000000a2b00000, 0x00000000a2b00000|100%| O|  |TAMS 0x00000000a2b00000, 0x00000000a2a00000| Updating 
|  43|0x00000000a2b00000, 0x00000000a2c00000, 0x00000000a2c00000|100%| O|  |TAMS 0x00000000a2c00000, 0x00000000a2b00000| Updating 
|  44|0x00000000a2c00000, 0x00000000a2d00000, 0x00000000a2d00000|100%| O|  |TAMS 0x00000000a2d00000, 0x00000000a2c00000| Untracked 
|  45|0x00000000a2d00000, 0x00000000a2e00000, 0x00000000a2e00000|100%| O|  |TAMS 0x00000000a2e00000, 0x00000000a2d00000| Updating 
|  46|0x00000000a2e00000, 0x00000000a2f00000, 0x00000000a2f00000|100%| O|  |TAMS 0x00000000a2f00000, 0x00000000a2e00000| Updating 
|  47|0x00000000a2f00000, 0x00000000a3000000, 0x00000000a3000000|100%| O|  |TAMS 0x00000000a3000000, 0x00000000a2f00000| Updating 
|  48|0x00000000a3000000, 0x00000000a3100000, 0x00000000a3100000|100%| O|  |TAMS 0x00000000a3100000, 0x00000000a3000000| Updating 
|  49|0x00000000a3100000, 0x00000000a3200000, 0x00000000a3200000|100%| O|  |TAMS 0x00000000a3200000, 0x00000000a3100000| Untracked 
|  50|0x00000000a3200000, 0x00000000a3300000, 0x00000000a3300000|100%| O|  |TAMS 0x00000000a3300000, 0x00000000a3200000| Updating 
|  51|0x00000000a3300000, 0x00000000a3400000, 0x00000000a3400000|100%|HS|  |TAMS 0x00000000a3400000, 0x00000000a3300000| Complete 
|  52|0x00000000a3400000, 0x00000000a3500000, 0x00000000a3500000|100%|HC|  |TAMS 0x00000000a3500000, 0x00000000a3400000| Complete 
|  53|0x00000000a3500000, 0x00000000a3600000, 0x00000000a3600000|100%|HC|  |TAMS 0x00000000a3600000, 0x00000000a3500000| Complete 
|  54|0x00000000a3600000, 0x00000000a3700000, 0x00000000a3700000|100%|HS|  |TAMS 0x00000000a3700000, 0x00000000a3600000| Complete 
|  55|0x00000000a3700000, 0x00000000a3800000, 0x00000000a3800000|100%|HC|  |TAMS 0x00000000a3800000, 0x00000000a3700000| Complete 
|  56|0x00000000a3800000, 0x00000000a3900000, 0x00000000a3900000|100%|HC|  |TAMS 0x00000000a3900000, 0x00000000a3800000| Complete 
|  57|0x00000000a3900000, 0x00000000a3a00000, 0x00000000a3a00000|100%|HS|  |TAMS 0x00000000a3a00000, 0x00000000a3900000| Complete 
|  58|0x00000000a3a00000, 0x00000000a3b00000, 0x00000000a3b00000|100%| O|  |TAMS 0x00000000a3b00000, 0x00000000a3a00000| Updating 
|  59|0x00000000a3b00000, 0x00000000a3c00000, 0x00000000a3c00000|100%| O|  |TAMS 0x00000000a3c00000, 0x00000000a3b00000| Updating 
|  60|0x00000000a3c00000, 0x00000000a3d00000, 0x00000000a3d00000|100%| O|  |TAMS 0x00000000a3d00000, 0x00000000a3c00000| Updating 
|  61|0x00000000a3d00000, 0x00000000a3e00000, 0x00000000a3e00000|100%| O|  |TAMS 0x00000000a3e00000, 0x00000000a3d00000| Updating 
|  62|0x00000000a3e00000, 0x00000000a3f00000, 0x00000000a3f00000|100%| O|  |TAMS 0x00000000a3f00000, 0x00000000a3e00000| Updating 
|  63|0x00000000a3f00000, 0x00000000a4000000, 0x00000000a4000000|100%| O|  |TAMS 0x00000000a4000000, 0x00000000a3f00000| Updating 
|  64|0x00000000a4000000, 0x00000000a4100000, 0x00000000a4100000|100%| O|  |TAMS 0x00000000a4100000, 0x00000000a4000000| Untracked 
|  65|0x00000000a4100000, 0x00000000a4200000, 0x00000000a4200000|100%|HS|  |TAMS 0x00000000a4200000, 0x00000000a4100000| Complete 
|  66|0x00000000a4200000, 0x00000000a4300000, 0x00000000a4300000|100%|HS|  |TAMS 0x00000000a4300000, 0x00000000a4200000| Complete 
|  67|0x00000000a4300000, 0x00000000a4400000, 0x00000000a4400000|100%| O|  |TAMS 0x00000000a4400000, 0x00000000a4300000| Updating 
|  68|0x00000000a4400000, 0x00000000a4500000, 0x00000000a4500000|100%| O|  |TAMS 0x00000000a4500000, 0x00000000a4400000| Updating 
|  69|0x00000000a4500000, 0x00000000a4600000, 0x00000000a4600000|100%| O|  |TAMS 0x00000000a4600000, 0x00000000a4500000| Updating 
|  70|0x00000000a4600000, 0x00000000a4700000, 0x00000000a4700000|100%| O|  |TAMS 0x00000000a4700000, 0x00000000a4600000| Updating 
|  71|0x00000000a4700000, 0x00000000a4800000, 0x00000000a4800000|100%| O|  |TAMS 0x00000000a4800000, 0x00000000a4700000| Updating 
|  72|0x00000000a4800000, 0x00000000a4900000, 0x00000000a4900000|100%| O|  |TAMS 0x00000000a4900000, 0x00000000a4800000| Updating 
|  73|0x00000000a4900000, 0x00000000a4a00000, 0x00000000a4a00000|100%| O|  |TAMS 0x00000000a4a00000, 0x00000000a4900000| Updating 
|  74|0x00000000a4a00000, 0x00000000a4b00000, 0x00000000a4b00000|100%| O|  |TAMS 0x00000000a4b00000, 0x00000000a4a00000| Updating 
|  75|0x00000000a4b00000, 0x00000000a4c00000, 0x00000000a4c00000|100%| O|  |TAMS 0x00000000a4c00000, 0x00000000a4b00000| Updating 
|  76|0x00000000a4c00000, 0x00000000a4d00000, 0x00000000a4d00000|100%| O|  |TAMS 0x00000000a4d00000, 0x00000000a4c00000| Untracked 
|  77|0x00000000a4d00000, 0x00000000a4e00000, 0x00000000a4e00000|100%| O|  |TAMS 0x00000000a4e00000, 0x00000000a4d00000| Untracked 
|  78|0x00000000a4e00000, 0x00000000a4f00000, 0x00000000a4f00000|100%| O|  |TAMS 0x00000000a4f00000, 0x00000000a4e00000| Updating 
|  79|0x00000000a4f00000, 0x00000000a5000000, 0x00000000a5000000|100%| O|  |TAMS 0x00000000a5000000, 0x00000000a4f00000| Untracked 
|  80|0x00000000a5000000, 0x00000000a5100000, 0x00000000a5100000|100%| O|  |TAMS 0x00000000a5100000, 0x00000000a5000000| Untracked 
|  81|0x00000000a5100000, 0x00000000a5200000, 0x00000000a5200000|100%| O|  |TAMS 0x00000000a5200000, 0x00000000a5100000| Updating 
|  82|0x00000000a5200000, 0x00000000a5300000, 0x00000000a5300000|100%| O|  |TAMS 0x00000000a5300000, 0x00000000a5200000| Updating 
|  83|0x00000000a5300000, 0x00000000a5400000, 0x00000000a5400000|100%|HS|  |TAMS 0x00000000a5400000, 0x00000000a5300000| Complete 
|  84|0x00000000a5400000, 0x00000000a5500000, 0x00000000a5500000|100%|HS|  |TAMS 0x00000000a5500000, 0x00000000a5400000| Complete 
|  85|0x00000000a5500000, 0x00000000a5600000, 0x00000000a5600000|100%|HS|  |TAMS 0x00000000a5600000, 0x00000000a5500000| Complete 
|  86|0x00000000a5600000, 0x00000000a5700000, 0x00000000a5700000|100%|HS|  |TAMS 0x00000000a5700000, 0x00000000a5600000| Complete 
|  87|0x00000000a5700000, 0x00000000a5800000, 0x00000000a5800000|100%| O|  |TAMS 0x00000000a5800000, 0x00000000a5700000| Untracked 
|  88|0x00000000a5800000, 0x00000000a5900000, 0x00000000a5900000|100%|HS|  |TAMS 0x00000000a5900000, 0x00000000a5800000| Complete 
|  89|0x00000000a5900000, 0x00000000a5a00000, 0x00000000a5a00000|100%|HS|  |TAMS 0x00000000a5a00000, 0x00000000a5900000| Complete 
|  90|0x00000000a5a00000, 0x00000000a5b00000, 0x00000000a5b00000|100%| O|  |TAMS 0x00000000a5b00000, 0x00000000a5a00000| Updating 
|  91|0x00000000a5b00000, 0x00000000a5c00000, 0x00000000a5c00000|100%| O|  |TAMS 0x00000000a5c00000, 0x00000000a5b00000| Updating 
|  92|0x00000000a5c00000, 0x00000000a5d00000, 0x00000000a5d00000|100%|HS|  |TAMS 0x00000000a5d00000, 0x00000000a5c00000| Complete 
|  93|0x00000000a5d00000, 0x00000000a5e00000, 0x00000000a5e00000|100%|HC|  |TAMS 0x00000000a5e00000, 0x00000000a5d00000| Complete 
|  94|0x00000000a5e00000, 0x00000000a5f00000, 0x00000000a5f00000|100%|HC|  |TAMS 0x00000000a5f00000, 0x00000000a5e00000| Complete 
|  95|0x00000000a5f00000, 0x00000000a6000000, 0x00000000a6000000|100%|HS|  |TAMS 0x00000000a6000000, 0x00000000a5f00000| Complete 
|  96|0x00000000a6000000, 0x00000000a6100000, 0x00000000a6100000|100%| O|  |TAMS 0x00000000a6100000, 0x00000000a6000000| Untracked 
|  97|0x00000000a6100000, 0x00000000a6200000, 0x00000000a6200000|100%| O|  |TAMS 0x00000000a6200000, 0x00000000a6100000| Updating 
|  98|0x00000000a6200000, 0x00000000a6300000, 0x00000000a6300000|100%| O|  |TAMS 0x00000000a6300000, 0x00000000a6200000| Untracked 
|  99|0x00000000a6300000, 0x00000000a6400000, 0x00000000a6400000|100%| O|  |TAMS 0x00000000a6400000, 0x00000000a6300000| Untracked 
| 100|0x00000000a6400000, 0x00000000a6500000, 0x00000000a6500000|100%| O|  |TAMS 0x00000000a6500000, 0x00000000a6400000| Updating 
| 101|0x00000000a6500000, 0x00000000a6600000, 0x00000000a6600000|100%| O|  |TAMS 0x00000000a6600000, 0x00000000a6500000| Updating 
| 102|0x00000000a6600000, 0x00000000a6700000, 0x00000000a6700000|100%| O|  |TAMS 0x00000000a6700000, 0x00000000a6600000| Updating 
| 103|0x00000000a6700000, 0x00000000a6800000, 0x00000000a6800000|100%| O|  |TAMS 0x00000000a6800000, 0x00000000a6700000| Updating 
| 104|0x00000000a6800000, 0x00000000a6900000, 0x00000000a6900000|100%| O|  |TAMS 0x00000000a6900000, 0x00000000a6800000| Updating 
| 105|0x00000000a6900000, 0x00000000a6a00000, 0x00000000a6a00000|100%| O|  |TAMS 0x00000000a6a00000, 0x00000000a6900000| Untracked 
| 106|0x00000000a6a00000, 0x00000000a6b00000, 0x00000000a6b00000|100%| O|  |TAMS 0x00000000a6b00000, 0x00000000a6a00000| Updating 
| 107|0x00000000a6b00000, 0x00000000a6c00000, 0x00000000a6c00000|100%| O|  |TAMS 0x00000000a6c00000, 0x00000000a6b00000| Untracked 
| 108|0x00000000a6c00000, 0x00000000a6d00000, 0x00000000a6d00000|100%| O|  |TAMS 0x00000000a6d00000, 0x00000000a6c00000| Untracked 
| 109|0x00000000a6d00000, 0x00000000a6e00000, 0x00000000a6e00000|100%| O|  |TAMS 0x00000000a6e00000, 0x00000000a6d00000| Untracked 
| 110|0x00000000a6e00000, 0x00000000a6f00000, 0x00000000a6f00000|100%| O|  |TAMS 0x00000000a6f00000, 0x00000000a6e00000| Updating 
| 111|0x00000000a6f00000, 0x00000000a7000000, 0x00000000a7000000|100%| O|  |TAMS 0x00000000a7000000, 0x00000000a6f00000| Updating 
| 112|0x00000000a7000000, 0x00000000a7100000, 0x00000000a7100000|100%| O|  |TAMS 0x00000000a7100000, 0x00000000a7000000| Updating 
| 113|0x00000000a7100000, 0x00000000a7200000, 0x00000000a7200000|100%| O|  |TAMS 0x00000000a7200000, 0x00000000a7100000| Updating 
| 114|0x00000000a7200000, 0x00000000a7300000, 0x00000000a7300000|100%| O|  |TAMS 0x00000000a7300000, 0x00000000a7200000| Untracked 
| 115|0x00000000a7300000, 0x00000000a7400000, 0x00000000a7400000|100%| O|  |TAMS 0x00000000a7400000, 0x00000000a7300000| Updating 
| 116|0x00000000a7400000, 0x00000000a7500000, 0x00000000a7500000|100%| O|  |TAMS 0x00000000a7500000, 0x00000000a7400000| Updating 
| 117|0x00000000a7500000, 0x00000000a7600000, 0x00000000a7600000|100%| O|  |TAMS 0x00000000a7600000, 0x00000000a7500000| Untracked 
| 118|0x00000000a7600000, 0x00000000a7700000, 0x00000000a7700000|100%| O|  |TAMS 0x00000000a7700000, 0x00000000a7600000| Untracked 
| 119|0x00000000a7700000, 0x00000000a7800000, 0x00000000a7800000|100%| O|  |TAMS 0x00000000a7800000, 0x00000000a7700000| Updating 
| 120|0x00000000a7800000, 0x00000000a7900000, 0x00000000a7900000|100%| O|  |TAMS 0x00000000a7900000, 0x00000000a7800000| Updating 
| 121|0x00000000a7900000, 0x00000000a7a00000, 0x00000000a7a00000|100%| O|  |TAMS 0x00000000a7a00000, 0x00000000a7900000| Updating 
| 122|0x00000000a7a00000, 0x00000000a7b00000, 0x00000000a7b00000|100%| O|  |TAMS 0x00000000a7b00000, 0x00000000a7a00000| Updating 
| 123|0x00000000a7b00000, 0x00000000a7c00000, 0x00000000a7c00000|100%|HS|  |TAMS 0x00000000a7c00000, 0x00000000a7b00000| Complete 
| 124|0x00000000a7c00000, 0x00000000a7d00000, 0x00000000a7d00000|100%|HC|  |TAMS 0x00000000a7d00000, 0x00000000a7c00000| Complete 
| 125|0x00000000a7d00000, 0x00000000a7e00000, 0x00000000a7e00000|100%|HS|  |TAMS 0x00000000a7e00000, 0x00000000a7d00000| Complete 
| 126|0x00000000a7e00000, 0x00000000a7f00000, 0x00000000a7f00000|100%|HC|  |TAMS 0x00000000a7f00000, 0x00000000a7e00000| Complete 
| 127|0x00000000a7f00000, 0x00000000a8000000, 0x00000000a8000000|100%|HC|  |TAMS 0x00000000a8000000, 0x00000000a7f00000| Complete 
| 128|0x00000000a8000000, 0x00000000a8100000, 0x00000000a8100000|100%|HC|  |TAMS 0x00000000a8100000, 0x00000000a8000000| Complete 
| 129|0x00000000a8100000, 0x00000000a8200000, 0x00000000a8200000|100%| O|  |TAMS 0x00000000a8200000, 0x00000000a8100000| Updating 
| 130|0x00000000a8200000, 0x00000000a8300000, 0x00000000a8300000|100%| O|  |TAMS 0x00000000a8300000, 0x00000000a8200000| Updating 
| 131|0x00000000a8300000, 0x00000000a8400000, 0x00000000a8400000|100%| O|  |TAMS 0x00000000a8400000, 0x00000000a8300000| Updating 
| 132|0x00000000a8400000, 0x00000000a8500000, 0x00000000a8500000|100%| O|  |TAMS 0x00000000a8500000, 0x00000000a8400000| Updating 
| 133|0x00000000a8500000, 0x00000000a8600000, 0x00000000a8600000|100%| O|  |TAMS 0x00000000a8600000, 0x00000000a8500000| Updating 
| 134|0x00000000a8600000, 0x00000000a8700000, 0x00000000a8700000|100%| O|  |TAMS 0x00000000a8700000, 0x00000000a8600000| Updating 
| 135|0x00000000a8700000, 0x00000000a8800000, 0x00000000a8800000|100%| O|  |TAMS 0x00000000a8800000, 0x00000000a8700000| Untracked 
| 136|0x00000000a8800000, 0x00000000a8900000, 0x00000000a8900000|100%| O|  |TAMS 0x00000000a8900000, 0x00000000a8800000| Untracked 
| 137|0x00000000a8900000, 0x00000000a8a00000, 0x00000000a8a00000|100%| O|  |TAMS 0x00000000a8a00000, 0x00000000a8900000| Updating 
| 138|0x00000000a8a00000, 0x00000000a8b00000, 0x00000000a8b00000|100%| O|  |TAMS 0x00000000a8b00000, 0x00000000a8a00000| Untracked 
| 139|0x00000000a8b00000, 0x00000000a8c00000, 0x00000000a8c00000|100%| O|  |TAMS 0x00000000a8c00000, 0x00000000a8b00000| Updating 
| 140|0x00000000a8c00000, 0x00000000a8d00000, 0x00000000a8d00000|100%| O|  |TAMS 0x00000000a8d00000, 0x00000000a8c00000| Updating 
| 141|0x00000000a8d00000, 0x00000000a8e00000, 0x00000000a8e00000|100%| O|  |TAMS 0x00000000a8e00000, 0x00000000a8d00000| Updating 
| 142|0x00000000a8e00000, 0x00000000a8f00000, 0x00000000a8f00000|100%| O|  |TAMS 0x00000000a8f00000, 0x00000000a8e00000| Updating 
| 143|0x00000000a8f00000, 0x00000000a9000000, 0x00000000a9000000|100%| O|  |TAMS 0x00000000a9000000, 0x00000000a8f00000| Updating 
| 144|0x00000000a9000000, 0x00000000a9100000, 0x00000000a9100000|100%| O|  |TAMS 0x00000000a9100000, 0x00000000a9000000| Updating 
| 145|0x00000000a9100000, 0x00000000a9200000, 0x00000000a9200000|100%|HS|  |TAMS 0x00000000a9200000, 0x00000000a9100000| Complete 
| 146|0x00000000a9200000, 0x00000000a9300000, 0x00000000a9300000|100%|HS|  |TAMS 0x00000000a9300000, 0x00000000a9200000| Complete 
| 147|0x00000000a9300000, 0x00000000a9400000, 0x00000000a9400000|100%|HS|  |TAMS 0x00000000a9400000, 0x00000000a9300000| Complete 
| 148|0x00000000a9400000, 0x00000000a9500000, 0x00000000a9500000|100%| O|  |TAMS 0x00000000a9500000, 0x00000000a9400000| Updating 
| 149|0x00000000a9500000, 0x00000000a9600000, 0x00000000a9600000|100%| O|  |TAMS 0x00000000a9600000, 0x00000000a9500000| Updating 
| 150|0x00000000a9600000, 0x00000000a9700000, 0x00000000a9700000|100%| O|  |TAMS 0x00000000a9700000, 0x00000000a9600000| Updating 
| 151|0x00000000a9700000, 0x00000000a9800000, 0x00000000a9800000|100%| O|  |TAMS 0x00000000a9800000, 0x00000000a9700000| Untracked 
| 152|0x00000000a9800000, 0x00000000a9900000, 0x00000000a9900000|100%| O|  |TAMS 0x00000000a9900000, 0x00000000a9800000| Updating 
| 153|0x00000000a9900000, 0x00000000a9900000, 0x00000000a9a00000|  0%| F|  |TAMS 0x00000000a9900000, 0x00000000a9900000| Untracked 
| 154|0x00000000a9a00000, 0x00000000a9b00000, 0x00000000a9b00000|100%| O|  |TAMS 0x00000000a9b00000, 0x00000000a9a00000| Untracked 
| 155|0x00000000a9b00000, 0x00000000a9c00000, 0x00000000a9c00000|100%| O|  |TAMS 0x00000000a9c00000, 0x00000000a9b00000| Updating 
| 156|0x00000000a9c00000, 0x00000000a9d00000, 0x00000000a9d00000|100%| O|  |TAMS 0x00000000a9d00000, 0x00000000a9c00000| Untracked 
| 157|0x00000000a9d00000, 0x00000000a9e00000, 0x00000000a9e00000|100%| O|  |TAMS 0x00000000a9e00000, 0x00000000a9d00000| Updating 
| 158|0x00000000a9e00000, 0x00000000a9f00000, 0x00000000a9f00000|100%| O|  |TAMS 0x00000000a9f00000, 0x00000000a9e00000| Updating 
| 159|0x00000000a9f00000, 0x00000000aa000000, 0x00000000aa000000|100%| O|  |TAMS 0x00000000aa000000, 0x00000000a9f00000| Updating 
| 160|0x00000000aa000000, 0x00000000aa100000, 0x00000000aa100000|100%| O|  |TAMS 0x00000000aa100000, 0x00000000aa000000| Updating 
| 161|0x00000000aa100000, 0x00000000aa200000, 0x00000000aa200000|100%|HS|  |TAMS 0x00000000aa200000, 0x00000000aa100000| Complete 
| 162|0x00000000aa200000, 0x00000000aa300000, 0x00000000aa300000|100%|HC|  |TAMS 0x00000000aa300000, 0x00000000aa200000| Complete 
| 163|0x00000000aa300000, 0x00000000aa400000, 0x00000000aa400000|100%|HC|  |TAMS 0x00000000aa400000, 0x00000000aa300000| Complete 
| 164|0x00000000aa400000, 0x00000000aa500000, 0x00000000aa500000|100%|HS|  |TAMS 0x00000000aa500000, 0x00000000aa400000| Complete 
| 165|0x00000000aa500000, 0x00000000aa600000, 0x00000000aa600000|100%|HC|  |TAMS 0x00000000aa600000, 0x00000000aa500000| Complete 
| 166|0x00000000aa600000, 0x00000000aa700000, 0x00000000aa700000|100%| O|  |TAMS 0x00000000aa700000, 0x00000000aa600000| Updating 
| 167|0x00000000aa700000, 0x00000000aa800000, 0x00000000aa800000|100%| O|  |TAMS 0x00000000aa800000, 0x00000000aa700000| Updating 
| 168|0x00000000aa800000, 0x00000000aa900000, 0x00000000aa900000|100%| O|  |TAMS 0x00000000aa900000, 0x00000000aa800000| Updating 
| 169|0x00000000aa900000, 0x00000000aaa00000, 0x00000000aaa00000|100%| O|  |TAMS 0x00000000aaa00000, 0x00000000aa900000| Updating 
| 170|0x00000000aaa00000, 0x00000000aab00000, 0x00000000aab00000|100%| O|  |TAMS 0x00000000aab00000, 0x00000000aaa00000| Updating 
| 171|0x00000000aab00000, 0x00000000aac00000, 0x00000000aac00000|100%| O|  |TAMS 0x00000000aac00000, 0x00000000aab00000| Untracked 
| 172|0x00000000aac00000, 0x00000000aad00000, 0x00000000aad00000|100%| O|  |TAMS 0x00000000aad00000, 0x00000000aac00000| Updating 
| 173|0x00000000aad00000, 0x00000000aae00000, 0x00000000aae00000|100%| O|  |TAMS 0x00000000aae00000, 0x00000000aad00000| Updating 
| 174|0x00000000aae00000, 0x00000000aaf00000, 0x00000000aaf00000|100%| O|  |TAMS 0x00000000aaf00000, 0x00000000aae00000| Updating 
| 175|0x00000000aaf00000, 0x00000000ab000000, 0x00000000ab000000|100%|HS|  |TAMS 0x00000000ab000000, 0x00000000aaf00000| Complete 
| 176|0x00000000ab000000, 0x00000000ab100000, 0x00000000ab100000|100%|HC|  |TAMS 0x00000000ab100000, 0x00000000ab000000| Complete 
| 177|0x00000000ab100000, 0x00000000ab200000, 0x00000000ab200000|100%| O|  |TAMS 0x00000000ab200000, 0x00000000ab100000| Updating 
| 178|0x00000000ab200000, 0x00000000ab300000, 0x00000000ab300000|100%| O|  |TAMS 0x00000000ab300000, 0x00000000ab200000| Updating 
| 179|0x00000000ab300000, 0x00000000ab400000, 0x00000000ab400000|100%| O|  |TAMS 0x00000000ab400000, 0x00000000ab300000| Updating 
| 180|0x00000000ab400000, 0x00000000ab500000, 0x00000000ab500000|100%| O|  |TAMS 0x00000000ab500000, 0x00000000ab400000| Updating 
| 181|0x00000000ab500000, 0x00000000ab600000, 0x00000000ab600000|100%| O|  |TAMS 0x00000000ab600000, 0x00000000ab500000| Untracked 
| 182|0x00000000ab600000, 0x00000000ab700000, 0x00000000ab700000|100%| O|  |TAMS 0x00000000ab700000, 0x00000000ab600000| Updating 
| 183|0x00000000ab700000, 0x00000000ab800000, 0x00000000ab800000|100%| O|  |TAMS 0x00000000ab800000, 0x00000000ab700000| Updating 
| 184|0x00000000ab800000, 0x00000000ab900000, 0x00000000ab900000|100%| O|  |TAMS 0x00000000ab900000, 0x00000000ab800000| Updating 
| 185|0x00000000ab900000, 0x00000000aba00000, 0x00000000aba00000|100%| O|  |TAMS 0x00000000aba00000, 0x00000000ab900000| Updating 
| 186|0x00000000aba00000, 0x00000000abb00000, 0x00000000abb00000|100%| O|  |TAMS 0x00000000abb00000, 0x00000000aba00000| Untracked 
| 187|0x00000000abb00000, 0x00000000abb00000, 0x00000000abc00000|  0%| F|  |TAMS 0x00000000abb00000, 0x00000000abb00000| Untracked 
| 188|0x00000000abc00000, 0x00000000abd00000, 0x00000000abd00000|100%| O|  |TAMS 0x00000000abd00000, 0x00000000abc00000| Untracked 
| 189|0x00000000abd00000, 0x00000000abd00000, 0x00000000abe00000|  0%| F|  |TAMS 0x00000000abd00000, 0x00000000abd00000| Untracked 
| 190|0x00000000abe00000, 0x00000000abe00000, 0x00000000abf00000|  0%| F|  |TAMS 0x00000000abe00000, 0x00000000abe00000| Untracked 
| 191|0x00000000abf00000, 0x00000000ac000000, 0x00000000ac000000|100%| O|  |TAMS 0x00000000ac000000, 0x00000000abf00000| Updating 
| 192|0x00000000ac000000, 0x00000000ac100000, 0x00000000ac100000|100%| O|  |TAMS 0x00000000ac100000, 0x00000000ac000000| Updating 
| 193|0x00000000ac100000, 0x00000000ac200000, 0x00000000ac200000|100%| O|  |TAMS 0x00000000ac200000, 0x00000000ac100000| Updating 
| 194|0x00000000ac200000, 0x00000000ac300000, 0x00000000ac300000|100%| O|  |TAMS 0x00000000ac300000, 0x00000000ac200000| Updating 
| 195|0x00000000ac300000, 0x00000000ac400000, 0x00000000ac400000|100%| O|  |TAMS 0x00000000ac400000, 0x00000000ac300000| Updating 
| 196|0x00000000ac400000, 0x00000000ac500000, 0x00000000ac500000|100%| O|  |TAMS 0x00000000ac500000, 0x00000000ac400000| Untracked 
| 197|0x00000000ac500000, 0x00000000ac600000, 0x00000000ac600000|100%| O|  |TAMS 0x00000000ac600000, 0x00000000ac500000| Updating 
| 198|0x00000000ac600000, 0x00000000ac700000, 0x00000000ac700000|100%| O|  |TAMS 0x00000000ac700000, 0x00000000ac600000| Updating 
| 199|0x00000000ac700000, 0x00000000ac700000, 0x00000000ac800000|  0%| F|  |TAMS 0x00000000ac700000, 0x00000000ac700000| Untracked 
| 200|0x00000000ac800000, 0x00000000ac900000, 0x00000000ac900000|100%| O|  |TAMS 0x00000000ac900000, 0x00000000ac800000| Updating 
| 201|0x00000000ac900000, 0x00000000aca00000, 0x00000000aca00000|100%| O|  |TAMS 0x00000000aca00000, 0x00000000ac900000| Updating 
| 202|0x00000000aca00000, 0x00000000acb00000, 0x00000000acb00000|100%| O|  |TAMS 0x00000000acb00000, 0x00000000aca00000| Updating 
| 203|0x00000000acb00000, 0x00000000acc00000, 0x00000000acc00000|100%| O|  |TAMS 0x00000000acc00000, 0x00000000acb00000| Updating 
| 204|0x00000000acc00000, 0x00000000acd00000, 0x00000000acd00000|100%| O|  |TAMS 0x00000000acd00000, 0x00000000acc00000| Updating 
| 205|0x00000000acd00000, 0x00000000ace00000, 0x00000000ace00000|100%| O|  |TAMS 0x00000000ace00000, 0x00000000acd00000| Updating 
| 206|0x00000000ace00000, 0x00000000acf00000, 0x00000000acf00000|100%| O|  |TAMS 0x00000000acf00000, 0x00000000ace00000| Updating 
| 207|0x00000000acf00000, 0x00000000ad000000, 0x00000000ad000000|100%| O|  |TAMS 0x00000000ad000000, 0x00000000acf00000| Updating 
| 208|0x00000000ad000000, 0x00000000ad100000, 0x00000000ad100000|100%| O|  |TAMS 0x00000000ad100000, 0x00000000ad000000| Updating 
| 209|0x00000000ad100000, 0x00000000ad200000, 0x00000000ad200000|100%| O|  |TAMS 0x00000000ad200000, 0x00000000ad100000| Updating 
| 210|0x00000000ad200000, 0x00000000ad300000, 0x00000000ad300000|100%| O|  |TAMS 0x00000000ad300000, 0x00000000ad200000| Updating 
| 211|0x00000000ad300000, 0x00000000ad400000, 0x00000000ad400000|100%| O|  |TAMS 0x00000000ad400000, 0x00000000ad300000| Updating 
| 212|0x00000000ad400000, 0x00000000ad500000, 0x00000000ad500000|100%| O|  |TAMS 0x00000000ad500000, 0x00000000ad400000| Updating 
| 213|0x00000000ad500000, 0x00000000ad600000, 0x00000000ad600000|100%| O|  |TAMS 0x00000000ad600000, 0x00000000ad500000| Updating 
| 214|0x00000000ad600000, 0x00000000ad700000, 0x00000000ad700000|100%| O|  |TAMS 0x00000000ad700000, 0x00000000ad600000| Updating 
| 215|0x00000000ad700000, 0x00000000ad700000, 0x00000000ad800000|  0%| F|  |TAMS 0x00000000ad700000, 0x00000000ad700000| Untracked 
| 216|0x00000000ad800000, 0x00000000ad900000, 0x00000000ad900000|100%| O|  |TAMS 0x00000000ad900000, 0x00000000ad800000| Updating 
| 217|0x00000000ad900000, 0x00000000ada00000, 0x00000000ada00000|100%| O|  |TAMS 0x00000000ada00000, 0x00000000ad900000| Updating 
| 218|0x00000000ada00000, 0x00000000adb00000, 0x00000000adb00000|100%|HS|  |TAMS 0x00000000adb00000, 0x00000000ada00000| Complete 
| 219|0x00000000adb00000, 0x00000000adc00000, 0x00000000adc00000|100%|HS|  |TAMS 0x00000000adc00000, 0x00000000adb00000| Complete 
| 220|0x00000000adc00000, 0x00000000add00000, 0x00000000add00000|100%|HS|  |TAMS 0x00000000add00000, 0x00000000adc00000| Complete 
| 221|0x00000000add00000, 0x00000000ade00000, 0x00000000ade00000|100%| O|  |TAMS 0x00000000ade00000, 0x00000000add00000| Updating 
| 222|0x00000000ade00000, 0x00000000adf00000, 0x00000000adf00000|100%| O|  |TAMS 0x00000000adf00000, 0x00000000ade00000| Updating 
| 223|0x00000000adf00000, 0x00000000adf00000, 0x00000000ae000000|  0%| F|  |TAMS 0x00000000adf00000, 0x00000000adf00000| Untracked 
| 224|0x00000000ae000000, 0x00000000ae000000, 0x00000000ae100000|  0%| F|  |TAMS 0x00000000ae000000, 0x00000000ae000000| Untracked 
| 225|0x00000000ae100000, 0x00000000ae200000, 0x00000000ae200000|100%| O|  |TAMS 0x00000000ae200000, 0x00000000ae100000| Updating 
| 226|0x00000000ae200000, 0x00000000ae300000, 0x00000000ae300000|100%| O|  |TAMS 0x00000000ae300000, 0x00000000ae200000| Updating 
| 227|0x00000000ae300000, 0x00000000ae300000, 0x00000000ae400000|  0%| F|  |TAMS 0x00000000ae300000, 0x00000000ae300000| Untracked 
| 228|0x00000000ae400000, 0x00000000ae500000, 0x00000000ae500000|100%| O|  |TAMS 0x00000000ae500000, 0x00000000ae400000| Untracked 
| 229|0x00000000ae500000, 0x00000000ae600000, 0x00000000ae600000|100%| O|  |TAMS 0x00000000ae600000, 0x00000000ae500000| Updating 
| 230|0x00000000ae600000, 0x00000000ae700000, 0x00000000ae700000|100%| O|  |TAMS 0x00000000ae700000, 0x00000000ae600000| Updating 
| 231|0x00000000ae700000, 0x00000000ae700000, 0x00000000ae800000|  0%| F|  |TAMS 0x00000000ae700000, 0x00000000ae700000| Untracked 
| 232|0x00000000ae800000, 0x00000000ae800000, 0x00000000ae900000|  0%| F|  |TAMS 0x00000000ae800000, 0x00000000ae800000| Untracked 
| 233|0x00000000ae900000, 0x00000000aea00000, 0x00000000aea00000|100%| O|  |TAMS 0x00000000aea00000, 0x00000000ae900000| Updating 
| 234|0x00000000aea00000, 0x00000000aea00000, 0x00000000aeb00000|  0%| F|  |TAMS 0x00000000aea00000, 0x00000000aea00000| Untracked 
| 235|0x00000000aeb00000, 0x00000000aec00000, 0x00000000aec00000|100%|HS|  |TAMS 0x00000000aec00000, 0x00000000aeb00000| Complete 
| 236|0x00000000aec00000, 0x00000000aed00000, 0x00000000aed00000|100%|HS|  |TAMS 0x00000000aed00000, 0x00000000aec00000| Complete 
| 237|0x00000000aed00000, 0x00000000aee00000, 0x00000000aee00000|100%|HS|  |TAMS 0x00000000aee00000, 0x00000000aed00000| Complete 
| 238|0x00000000aee00000, 0x00000000aef00000, 0x00000000aef00000|100%| O|  |TAMS 0x00000000aef00000, 0x00000000aee00000| Updating 
| 239|0x00000000aef00000, 0x00000000af000000, 0x00000000af000000|100%| O|  |TAMS 0x00000000af000000, 0x00000000aef00000| Updating 
| 240|0x00000000af000000, 0x00000000af000000, 0x00000000af100000|  0%| F|  |TAMS 0x00000000af000000, 0x00000000af000000| Untracked 
| 241|0x00000000af100000, 0x00000000af200000, 0x00000000af200000|100%| O|  |TAMS 0x00000000af200000, 0x00000000af100000| Untracked 
| 242|0x00000000af200000, 0x00000000af300000, 0x00000000af300000|100%| O|  |TAMS 0x00000000af300000, 0x00000000af200000| Untracked 
| 243|0x00000000af300000, 0x00000000af400000, 0x00000000af400000|100%| O|  |TAMS 0x00000000af400000, 0x00000000af300000| Updating 
| 244|0x00000000af400000, 0x00000000af500000, 0x00000000af500000|100%| O|  |TAMS 0x00000000af500000, 0x00000000af400000| Updating 
| 245|0x00000000af500000, 0x00000000af600000, 0x00000000af600000|100%| O|  |TAMS 0x00000000af600000, 0x00000000af500000| Updating 
| 246|0x00000000af600000, 0x00000000af600000, 0x00000000af700000|  0%| F|  |TAMS 0x00000000af600000, 0x00000000af600000| Untracked 
| 247|0x00000000af700000, 0x00000000af700000, 0x00000000af800000|  0%| F|  |TAMS 0x00000000af700000, 0x00000000af700000| Untracked 
| 248|0x00000000af800000, 0x00000000af800000, 0x00000000af900000|  0%| F|  |TAMS 0x00000000af800000, 0x00000000af800000| Untracked 
| 249|0x00000000af900000, 0x00000000afa00000, 0x00000000afa00000|100%| O|  |TAMS 0x00000000afa00000, 0x00000000af900000| Untracked 
| 250|0x00000000afa00000, 0x00000000afb00000, 0x00000000afb00000|100%| O|  |TAMS 0x00000000afb00000, 0x00000000afa00000| Untracked 
| 251|0x00000000afb00000, 0x00000000afc00000, 0x00000000afc00000|100%| O|  |TAMS 0x00000000afc00000, 0x00000000afb00000| Untracked 
| 252|0x00000000afc00000, 0x00000000afd00000, 0x00000000afd00000|100%|HS|  |TAMS 0x00000000afd00000, 0x00000000afc00000| Complete 
| 253|0x00000000afd00000, 0x00000000afd00000, 0x00000000afe00000|  0%| F|  |TAMS 0x00000000afd00000, 0x00000000afd00000| Untracked 
| 254|0x00000000afe00000, 0x00000000aff00000, 0x00000000aff00000|100%| O|  |TAMS 0x00000000aff00000, 0x00000000afe00000| Updating 
| 255|0x00000000aff00000, 0x00000000b0000000, 0x00000000b0000000|100%| O|  |TAMS 0x00000000b0000000, 0x00000000aff00000| Updating 
| 256|0x00000000b0000000, 0x00000000b0100000, 0x00000000b0100000|100%|HS|  |TAMS 0x00000000b0100000, 0x00000000b0000000| Complete 
| 257|0x00000000b0100000, 0x00000000b0200000, 0x00000000b0200000|100%|HS|  |TAMS 0x00000000b0200000, 0x00000000b0100000| Complete 
| 258|0x00000000b0200000, 0x00000000b0300000, 0x00000000b0300000|100%|HS|  |TAMS 0x00000000b0300000, 0x00000000b0200000| Complete 
| 259|0x00000000b0300000, 0x00000000b0400000, 0x00000000b0400000|100%| O|  |TAMS 0x00000000b0400000, 0x00000000b0300000| Untracked 
| 260|0x00000000b0400000, 0x00000000b0500000, 0x00000000b0500000|100%|HS|  |TAMS 0x00000000b0500000, 0x00000000b0400000| Complete 
| 261|0x00000000b0500000, 0x00000000b0600000, 0x00000000b0600000|100%|HS|  |TAMS 0x00000000b0600000, 0x00000000b0500000| Complete 
| 262|0x00000000b0600000, 0x00000000b0700000, 0x00000000b0700000|100%| O|  |TAMS 0x00000000b0700000, 0x00000000b0600000| Untracked 
| 263|0x00000000b0700000, 0x00000000b0800000, 0x00000000b0800000|100%| O|  |TAMS 0x00000000b0800000, 0x00000000b0700000| Updating 
| 264|0x00000000b0800000, 0x00000000b0900000, 0x00000000b0900000|100%| O|  |TAMS 0x00000000b0900000, 0x00000000b0800000| Untracked 
| 265|0x00000000b0900000, 0x00000000b0a00000, 0x00000000b0a00000|100%| O|  |TAMS 0x00000000b0a00000, 0x00000000b0900000| Untracked 
| 266|0x00000000b0a00000, 0x00000000b0a00000, 0x00000000b0b00000|  0%| F|  |TAMS 0x00000000b0a00000, 0x00000000b0a00000| Untracked 
| 267|0x00000000b0b00000, 0x00000000b0b00000, 0x00000000b0c00000|  0%| F|  |TAMS 0x00000000b0b00000, 0x00000000b0b00000| Untracked 
| 268|0x00000000b0c00000, 0x00000000b0d00000, 0x00000000b0d00000|100%| O|  |TAMS 0x00000000b0d00000, 0x00000000b0c00000| Updating 
| 269|0x00000000b0d00000, 0x00000000b0e00000, 0x00000000b0e00000|100%| O|  |TAMS 0x00000000b0e00000, 0x00000000b0d00000| Untracked 
| 270|0x00000000b0e00000, 0x00000000b0f00000, 0x00000000b0f00000|100%| O|  |TAMS 0x00000000b0f00000, 0x00000000b0e00000| Updating 
| 271|0x00000000b0f00000, 0x00000000b1000000, 0x00000000b1000000|100%| O|  |TAMS 0x00000000b1000000, 0x00000000b0f00000| Updating 
| 272|0x00000000b1000000, 0x00000000b1100000, 0x00000000b1100000|100%| O|  |TAMS 0x00000000b1100000, 0x00000000b1000000| Updating 
| 273|0x00000000b1100000, 0x00000000b1200000, 0x00000000b1200000|100%|HS|  |TAMS 0x00000000b1200000, 0x00000000b1100000| Complete 
| 274|0x00000000b1200000, 0x00000000b1300000, 0x00000000b1300000|100%|HS|  |TAMS 0x00000000b1300000, 0x00000000b1200000| Complete 
| 275|0x00000000b1300000, 0x00000000b1400000, 0x00000000b1400000|100%| O|  |TAMS 0x00000000b1400000, 0x00000000b1300000| Updating 
| 276|0x00000000b1400000, 0x00000000b1500000, 0x00000000b1500000|100%|HS|  |TAMS 0x00000000b1500000, 0x00000000b1400000| Complete 
| 277|0x00000000b1500000, 0x00000000b1600000, 0x00000000b1600000|100%|HC|  |TAMS 0x00000000b1600000, 0x00000000b1500000| Complete 
| 278|0x00000000b1600000, 0x00000000b1700000, 0x00000000b1700000|100%| O|  |TAMS 0x00000000b1700000, 0x00000000b1600000| Updating 
| 279|0x00000000b1700000, 0x00000000b1800000, 0x00000000b1800000|100%| O|  |TAMS 0x00000000b1800000, 0x00000000b1700000| Updating 
| 280|0x00000000b1800000, 0x00000000b1900000, 0x00000000b1900000|100%| O|  |TAMS 0x00000000b1900000, 0x00000000b1800000| Untracked 
| 281|0x00000000b1900000, 0x00000000b1a00000, 0x00000000b1a00000|100%| O|  |TAMS 0x00000000b1a00000, 0x00000000b1900000| Untracked 
| 282|0x00000000b1a00000, 0x00000000b1b00000, 0x00000000b1b00000|100%| O|  |TAMS 0x00000000b1b00000, 0x00000000b1a00000| Untracked 
| 283|0x00000000b1b00000, 0x00000000b1c00000, 0x00000000b1c00000|100%| O|  |TAMS 0x00000000b1c00000, 0x00000000b1b00000| Updating 
| 284|0x00000000b1c00000, 0x00000000b1d00000, 0x00000000b1d00000|100%| O|  |TAMS 0x00000000b1d00000, 0x00000000b1c00000| Untracked 
| 285|0x00000000b1d00000, 0x00000000b1e00000, 0x00000000b1e00000|100%| O|  |TAMS 0x00000000b1e00000, 0x00000000b1d00000| Untracked 
| 286|0x00000000b1e00000, 0x00000000b1e00000, 0x00000000b1f00000|  0%| F|  |TAMS 0x00000000b1e00000, 0x00000000b1e00000| Untracked 
| 287|0x00000000b1f00000, 0x00000000b2000000, 0x00000000b2000000|100%| O|  |TAMS 0x00000000b2000000, 0x00000000b1f00000| Updating 
| 288|0x00000000b2000000, 0x00000000b2100000, 0x00000000b2100000|100%| O|  |TAMS 0x00000000b2100000, 0x00000000b2000000| Updating 
| 289|0x00000000b2100000, 0x00000000b2100000, 0x00000000b2200000|  0%| F|  |TAMS 0x00000000b2100000, 0x00000000b2100000| Untracked 
| 290|0x00000000b2200000, 0x00000000b2300000, 0x00000000b2300000|100%| O|  |TAMS 0x00000000b2300000, 0x00000000b2200000| Updating 
| 291|0x00000000b2300000, 0x00000000b2400000, 0x00000000b2400000|100%| O|  |TAMS 0x00000000b2400000, 0x00000000b2300000| Updating 
| 292|0x00000000b2400000, 0x00000000b2500000, 0x00000000b2500000|100%| O|  |TAMS 0x00000000b2500000, 0x00000000b2400000| Updating 
| 293|0x00000000b2500000, 0x00000000b2600000, 0x00000000b2600000|100%| O|  |TAMS 0x00000000b2600000, 0x00000000b2500000| Updating 
| 294|0x00000000b2600000, 0x00000000b2700000, 0x00000000b2700000|100%| O|  |TAMS 0x00000000b2700000, 0x00000000b2600000| Updating 
| 295|0x00000000b2700000, 0x00000000b2800000, 0x00000000b2800000|100%| O|  |TAMS 0x00000000b2800000, 0x00000000b2700000| Updating 
| 296|0x00000000b2800000, 0x00000000b2900000, 0x00000000b2900000|100%| O|  |TAMS 0x00000000b2900000, 0x00000000b2800000| Updating 
| 297|0x00000000b2900000, 0x00000000b2a00000, 0x00000000b2a00000|100%| O|  |TAMS 0x00000000b2a00000, 0x00000000b2900000| Updating 
| 298|0x00000000b2a00000, 0x00000000b2b00000, 0x00000000b2b00000|100%| O|  |TAMS 0x00000000b2b00000, 0x00000000b2a00000| Updating 
| 299|0x00000000b2b00000, 0x00000000b2c00000, 0x00000000b2c00000|100%| O|  |TAMS 0x00000000b2c00000, 0x00000000b2b00000| Updating 
| 300|0x00000000b2c00000, 0x00000000b2d00000, 0x00000000b2d00000|100%| O|  |TAMS 0x00000000b2d00000, 0x00000000b2c00000| Untracked 
| 301|0x00000000b2d00000, 0x00000000b2e00000, 0x00000000b2e00000|100%| O|  |TAMS 0x00000000b2e00000, 0x00000000b2d00000| Untracked 
| 302|0x00000000b2e00000, 0x00000000b2f00000, 0x00000000b2f00000|100%| O|  |TAMS 0x00000000b2f00000, 0x00000000b2e00000| Updating 
| 303|0x00000000b2f00000, 0x00000000b3000000, 0x00000000b3000000|100%| O|  |TAMS 0x00000000b3000000, 0x00000000b2f00000| Updating 
| 304|0x00000000b3000000, 0x00000000b3000000, 0x00000000b3100000|  0%| F|  |TAMS 0x00000000b3000000, 0x00000000b3000000| Untracked 
| 305|0x00000000b3100000, 0x00000000b3200000, 0x00000000b3200000|100%| O|  |TAMS 0x00000000b3200000, 0x00000000b3100000| Updating 
| 306|0x00000000b3200000, 0x00000000b3300000, 0x00000000b3300000|100%| O|  |TAMS 0x00000000b3300000, 0x00000000b3200000| Updating 
| 307|0x00000000b3300000, 0x00000000b3400000, 0x00000000b3400000|100%| O|  |TAMS 0x00000000b3400000, 0x00000000b3300000| Updating 
| 308|0x00000000b3400000, 0x00000000b3500000, 0x00000000b3500000|100%| O|  |TAMS 0x00000000b3500000, 0x00000000b3400000| Updating 
| 309|0x00000000b3500000, 0x00000000b3500000, 0x00000000b3600000|  0%| F|  |TAMS 0x00000000b3500000, 0x00000000b3500000| Untracked 
| 310|0x00000000b3600000, 0x00000000b3700000, 0x00000000b3700000|100%| O|  |TAMS 0x00000000b3700000, 0x00000000b3600000| Updating 
| 311|0x00000000b3700000, 0x00000000b3700000, 0x00000000b3800000|  0%| F|  |TAMS 0x00000000b3700000, 0x00000000b3700000| Untracked 
| 312|0x00000000b3800000, 0x00000000b3800000, 0x00000000b3900000|  0%| F|  |TAMS 0x00000000b3800000, 0x00000000b3800000| Untracked 
| 313|0x00000000b3900000, 0x00000000b3900000, 0x00000000b3a00000|  0%| F|  |TAMS 0x00000000b3900000, 0x00000000b3900000| Untracked 
| 314|0x00000000b3a00000, 0x00000000b3a00000, 0x00000000b3b00000|  0%| F|  |TAMS 0x00000000b3a00000, 0x00000000b3a00000| Untracked 
| 315|0x00000000b3b00000, 0x00000000b3c00000, 0x00000000b3c00000|100%| O|  |TAMS 0x00000000b3c00000, 0x00000000b3b00000| Updating 
| 316|0x00000000b3c00000, 0x00000000b3d00000, 0x00000000b3d00000|100%| O|  |TAMS 0x00000000b3d00000, 0x00000000b3c00000| Updating 
| 317|0x00000000b3d00000, 0x00000000b3d00000, 0x00000000b3e00000|  0%| F|  |TAMS 0x00000000b3d00000, 0x00000000b3d00000| Untracked 
| 318|0x00000000b3e00000, 0x00000000b3f00000, 0x00000000b3f00000|100%| O|  |TAMS 0x00000000b3f00000, 0x00000000b3e00000| Updating 
| 319|0x00000000b3f00000, 0x00000000b4000000, 0x00000000b4000000|100%| O|  |TAMS 0x00000000b4000000, 0x00000000b3f00000| Updating 
| 320|0x00000000b4000000, 0x00000000b4100000, 0x00000000b4100000|100%| O|  |TAMS 0x00000000b4100000, 0x00000000b4000000| Updating 
| 321|0x00000000b4100000, 0x00000000b4100000, 0x00000000b4200000|  0%| F|  |TAMS 0x00000000b4100000, 0x00000000b4100000| Untracked 
| 322|0x00000000b4200000, 0x00000000b4200000, 0x00000000b4300000|  0%| F|  |TAMS 0x00000000b4200000, 0x00000000b4200000| Untracked 
| 323|0x00000000b4300000, 0x00000000b4400000, 0x00000000b4400000|100%| O|  |TAMS 0x00000000b4400000, 0x00000000b4300000| Updating 
| 324|0x00000000b4400000, 0x00000000b4500000, 0x00000000b4500000|100%| O|  |TAMS 0x00000000b4500000, 0x00000000b4400000| Updating 
| 325|0x00000000b4500000, 0x00000000b4500000, 0x00000000b4600000|  0%| F|  |TAMS 0x00000000b4500000, 0x00000000b4500000| Untracked 
| 326|0x00000000b4600000, 0x00000000b4600000, 0x00000000b4700000|  0%| F|  |TAMS 0x00000000b4600000, 0x00000000b4600000| Untracked 
| 327|0x00000000b4700000, 0x00000000b4700000, 0x00000000b4800000|  0%| F|  |TAMS 0x00000000b4700000, 0x00000000b4700000| Untracked 
| 328|0x00000000b4800000, 0x00000000b4900000, 0x00000000b4900000|100%| O|  |TAMS 0x00000000b4900000, 0x00000000b4800000| Updating 
| 329|0x00000000b4900000, 0x00000000b4a00000, 0x00000000b4a00000|100%| O|  |TAMS 0x00000000b4a00000, 0x00000000b4900000| Updating 
| 330|0x00000000b4a00000, 0x00000000b4b00000, 0x00000000b4b00000|100%| O|  |TAMS 0x00000000b4b00000, 0x00000000b4a00000| Updating 
| 331|0x00000000b4b00000, 0x00000000b4b00000, 0x00000000b4c00000|  0%| F|  |TAMS 0x00000000b4b00000, 0x00000000b4b00000| Untracked 
| 332|0x00000000b4c00000, 0x00000000b4c00000, 0x00000000b4d00000|  0%| F|  |TAMS 0x00000000b4c00000, 0x00000000b4c00000| Untracked 
| 333|0x00000000b4d00000, 0x00000000b4e00000, 0x00000000b4e00000|100%| O|  |TAMS 0x00000000b4e00000, 0x00000000b4d00000| Updating 
| 334|0x00000000b4e00000, 0x00000000b4f00000, 0x00000000b4f00000|100%| O|  |TAMS 0x00000000b4f00000, 0x00000000b4e00000| Updating 
| 335|0x00000000b4f00000, 0x00000000b4f00000, 0x00000000b5000000|  0%| F|  |TAMS 0x00000000b4f00000, 0x00000000b4f00000| Untracked 
| 336|0x00000000b5000000, 0x00000000b5100000, 0x00000000b5100000|100%| O|  |TAMS 0x00000000b5100000, 0x00000000b5000000| Updating 
| 337|0x00000000b5100000, 0x00000000b5100000, 0x00000000b5200000|  0%| F|  |TAMS 0x00000000b5100000, 0x00000000b5100000| Untracked 
| 338|0x00000000b5200000, 0x00000000b5200000, 0x00000000b5300000|  0%| F|  |TAMS 0x00000000b5200000, 0x00000000b5200000| Untracked 
| 339|0x00000000b5300000, 0x00000000b5400000, 0x00000000b5400000|100%| O|  |TAMS 0x00000000b5400000, 0x00000000b5300000| Updating 
| 340|0x00000000b5400000, 0x00000000b5500000, 0x00000000b5500000|100%| O|  |TAMS 0x00000000b5500000, 0x00000000b5400000| Updating 
| 341|0x00000000b5500000, 0x00000000b5600000, 0x00000000b5600000|100%| O|  |TAMS 0x00000000b5600000, 0x00000000b5500000| Updating 
| 342|0x00000000b5600000, 0x00000000b5600000, 0x00000000b5700000|  0%| F|  |TAMS 0x00000000b5600000, 0x00000000b5600000| Untracked 
| 343|0x00000000b5700000, 0x00000000b5800000, 0x00000000b5800000|100%| O|  |TAMS 0x00000000b5800000, 0x00000000b5700000| Updating 
| 344|0x00000000b5800000, 0x00000000b5800000, 0x00000000b5900000|  0%| F|  |TAMS 0x00000000b5800000, 0x00000000b5800000| Untracked 
| 345|0x00000000b5900000, 0x00000000b5900000, 0x00000000b5a00000|  0%| F|  |TAMS 0x00000000b5900000, 0x00000000b5900000| Untracked 
| 346|0x00000000b5a00000, 0x00000000b5a00000, 0x00000000b5b00000|  0%| F|  |TAMS 0x00000000b5a00000, 0x00000000b5a00000| Untracked 
| 347|0x00000000b5b00000, 0x00000000b5c00000, 0x00000000b5c00000|100%| O|  |TAMS 0x00000000b5c00000, 0x00000000b5b00000| Updating 
| 348|0x00000000b5c00000, 0x00000000b5c00000, 0x00000000b5d00000|  0%| F|  |TAMS 0x00000000b5c00000, 0x00000000b5c00000| Untracked 
| 349|0x00000000b5d00000, 0x00000000b5d00000, 0x00000000b5e00000|  0%| F|  |TAMS 0x00000000b5d00000, 0x00000000b5d00000| Untracked 
| 350|0x00000000b5e00000, 0x00000000b5e00000, 0x00000000b5f00000|  0%| F|  |TAMS 0x00000000b5e00000, 0x00000000b5e00000| Untracked 
| 351|0x00000000b5f00000, 0x00000000b5f00000, 0x00000000b6000000|  0%| F|  |TAMS 0x00000000b5f00000, 0x00000000b5f00000| Untracked 
| 352|0x00000000b6000000, 0x00000000b6100000, 0x00000000b6100000|100%| O|  |TAMS 0x00000000b6100000, 0x00000000b6000000| Updating 
| 353|0x00000000b6100000, 0x00000000b6100000, 0x00000000b6200000|  0%| F|  |TAMS 0x00000000b6100000, 0x00000000b6100000| Untracked 
| 354|0x00000000b6200000, 0x00000000b6300000, 0x00000000b6300000|100%| O|  |TAMS 0x00000000b6300000, 0x00000000b6200000| Updating 
| 355|0x00000000b6300000, 0x00000000b6400000, 0x00000000b6400000|100%| O|  |TAMS 0x00000000b6400000, 0x00000000b6300000| Updating 
| 356|0x00000000b6400000, 0x00000000b6500000, 0x00000000b6500000|100%| O|  |TAMS 0x00000000b6500000, 0x00000000b6400000| Updating 
| 357|0x00000000b6500000, 0x00000000b6500000, 0x00000000b6600000|  0%| F|  |TAMS 0x00000000b6500000, 0x00000000b6500000| Untracked 
| 358|0x00000000b6600000, 0x00000000b6700000, 0x00000000b6700000|100%| O|  |TAMS 0x00000000b6700000, 0x00000000b6600000| Updating 
| 359|0x00000000b6700000, 0x00000000b6700000, 0x00000000b6800000|  0%| F|  |TAMS 0x00000000b6700000, 0x00000000b6700000| Untracked 
| 360|0x00000000b6800000, 0x00000000b6900000, 0x00000000b6900000|100%| O|  |TAMS 0x00000000b6900000, 0x00000000b6800000| Updating 
| 361|0x00000000b6900000, 0x00000000b6a00000, 0x00000000b6a00000|100%| O|  |TAMS 0x00000000b6a00000, 0x00000000b6900000| Updating 
| 362|0x00000000b6a00000, 0x00000000b6b00000, 0x00000000b6b00000|100%| O|  |TAMS 0x00000000b6b00000, 0x00000000b6a00000| Updating 
| 363|0x00000000b6b00000, 0x00000000b6c00000, 0x00000000b6c00000|100%| O|  |TAMS 0x00000000b6c00000, 0x00000000b6b00000| Updating 
| 364|0x00000000b6c00000, 0x00000000b6c00000, 0x00000000b6d00000|  0%| F|  |TAMS 0x00000000b6c00000, 0x00000000b6c00000| Untracked 
| 365|0x00000000b6d00000, 0x00000000b6d00000, 0x00000000b6e00000|  0%| F|  |TAMS 0x00000000b6d00000, 0x00000000b6d00000| Untracked 
| 366|0x00000000b6e00000, 0x00000000b6e00000, 0x00000000b6f00000|  0%| F|  |TAMS 0x00000000b6e00000, 0x00000000b6e00000| Untracked 
| 367|0x00000000b6f00000, 0x00000000b6f00000, 0x00000000b7000000|  0%| F|  |TAMS 0x00000000b6f00000, 0x00000000b6f00000| Untracked 
| 368|0x00000000b7000000, 0x00000000b7100000, 0x00000000b7100000|100%| O|  |TAMS 0x00000000b7100000, 0x00000000b7000000| Updating 
| 369|0x00000000b7100000, 0x00000000b7200000, 0x00000000b7200000|100%| O|  |TAMS 0x00000000b7200000, 0x00000000b7100000| Updating 
| 370|0x00000000b7200000, 0x00000000b7300000, 0x00000000b7300000|100%| O|  |TAMS 0x00000000b7300000, 0x00000000b7200000| Updating 
| 371|0x00000000b7300000, 0x00000000b7400000, 0x00000000b7400000|100%| O|  |TAMS 0x00000000b7400000, 0x00000000b7300000| Updating 
| 372|0x00000000b7400000, 0x00000000b7500000, 0x00000000b7500000|100%| O|  |TAMS 0x00000000b7500000, 0x00000000b7400000| Updating 
| 373|0x00000000b7500000, 0x00000000b7600000, 0x00000000b7600000|100%| O|  |TAMS 0x00000000b7600000, 0x00000000b7500000| Updating 
| 374|0x00000000b7600000, 0x00000000b7700000, 0x00000000b7700000|100%| O|  |TAMS 0x00000000b7700000, 0x00000000b7600000| Updating 
| 375|0x00000000b7700000, 0x00000000b7800000, 0x00000000b7800000|100%| O|  |TAMS 0x00000000b7800000, 0x00000000b7700000| Updating 
| 376|0x00000000b7800000, 0x00000000b7900000, 0x00000000b7900000|100%| O|  |TAMS 0x00000000b7900000, 0x00000000b7800000| Updating 
| 377|0x00000000b7900000, 0x00000000b7a00000, 0x00000000b7a00000|100%| O|  |TAMS 0x00000000b7a00000, 0x00000000b7900000| Updating 
| 378|0x00000000b7a00000, 0x00000000b7b00000, 0x00000000b7b00000|100%| O|  |TAMS 0x00000000b7b00000, 0x00000000b7a00000| Updating 
| 379|0x00000000b7b00000, 0x00000000b7c00000, 0x00000000b7c00000|100%| O|  |TAMS 0x00000000b7c00000, 0x00000000b7b00000| Updating 
| 380|0x00000000b7c00000, 0x00000000b7d00000, 0x00000000b7d00000|100%| O|  |TAMS 0x00000000b7d00000, 0x00000000b7c00000| Updating 
| 381|0x00000000b7d00000, 0x00000000b7d00000, 0x00000000b7e00000|  0%| F|  |TAMS 0x00000000b7d00000, 0x00000000b7d00000| Untracked 
| 382|0x00000000b7e00000, 0x00000000b7e00000, 0x00000000b7f00000|  0%| F|  |TAMS 0x00000000b7e00000, 0x00000000b7e00000| Untracked 
| 383|0x00000000b7f00000, 0x00000000b8000000, 0x00000000b8000000|100%| O|  |TAMS 0x00000000b8000000, 0x00000000b7f00000| Updating 
| 384|0x00000000b8000000, 0x00000000b8000000, 0x00000000b8100000|  0%| F|  |TAMS 0x00000000b8000000, 0x00000000b8000000| Untracked 
| 385|0x00000000b8100000, 0x00000000b8200000, 0x00000000b8200000|100%| O|  |TAMS 0x00000000b8200000, 0x00000000b8100000| Updating 
| 386|0x00000000b8200000, 0x00000000b8200000, 0x00000000b8300000|  0%| F|  |TAMS 0x00000000b8200000, 0x00000000b8200000| Untracked 
| 387|0x00000000b8300000, 0x00000000b8300000, 0x00000000b8400000|  0%| F|  |TAMS 0x00000000b8300000, 0x00000000b8300000| Untracked 
| 388|0x00000000b8400000, 0x00000000b8400000, 0x00000000b8500000|  0%| F|  |TAMS 0x00000000b8400000, 0x00000000b8400000| Untracked 
| 389|0x00000000b8500000, 0x00000000b8500000, 0x00000000b8600000|  0%| F|  |TAMS 0x00000000b8500000, 0x00000000b8500000| Untracked 
| 390|0x00000000b8600000, 0x00000000b8600000, 0x00000000b8700000|  0%| F|  |TAMS 0x00000000b8600000, 0x00000000b8600000| Untracked 
| 391|0x00000000b8700000, 0x00000000b8700000, 0x00000000b8800000|  0%| F|  |TAMS 0x00000000b8700000, 0x00000000b8700000| Untracked 
| 392|0x00000000b8800000, 0x00000000b8800000, 0x00000000b8900000|  0%| F|  |TAMS 0x00000000b8800000, 0x00000000b8800000| Untracked 
| 393|0x00000000b8900000, 0x00000000b8a00000, 0x00000000b8a00000|100%| O|  |TAMS 0x00000000b8a00000, 0x00000000b8900000| Updating 
| 394|0x00000000b8a00000, 0x00000000b8b00000, 0x00000000b8b00000|100%| O|  |TAMS 0x00000000b8b00000, 0x00000000b8a00000| Updating 
| 395|0x00000000b8b00000, 0x00000000b8c00000, 0x00000000b8c00000|100%| O|  |TAMS 0x00000000b8c00000, 0x00000000b8b00000| Updating 
| 396|0x00000000b8c00000, 0x00000000b8d00000, 0x00000000b8d00000|100%| O|  |TAMS 0x00000000b8d00000, 0x00000000b8c00000| Updating 
| 397|0x00000000b8d00000, 0x00000000b8e00000, 0x00000000b8e00000|100%| O|  |TAMS 0x00000000b8e00000, 0x00000000b8d00000| Updating 
| 398|0x00000000b8e00000, 0x00000000b8f00000, 0x00000000b8f00000|100%| O|  |TAMS 0x00000000b8f00000, 0x00000000b8e00000| Updating 
| 399|0x00000000b8f00000, 0x00000000b9000000, 0x00000000b9000000|100%| O|  |TAMS 0x00000000b9000000, 0x00000000b8f00000| Updating 
| 400|0x00000000b9000000, 0x00000000b9000000, 0x00000000b9100000|  0%| F|  |TAMS 0x00000000b9000000, 0x00000000b9000000| Untracked 
| 401|0x00000000b9100000, 0x00000000b9200000, 0x00000000b9200000|100%| O|  |TAMS 0x00000000b9200000, 0x00000000b9100000| Updating 
| 402|0x00000000b9200000, 0x00000000b9300000, 0x00000000b9300000|100%| O|  |TAMS 0x00000000b9300000, 0x00000000b9200000| Updating 
| 403|0x00000000b9300000, 0x00000000b9400000, 0x00000000b9400000|100%| O|  |TAMS 0x00000000b9400000, 0x00000000b9300000| Updating 
| 404|0x00000000b9400000, 0x00000000b9500000, 0x00000000b9500000|100%| O|  |TAMS 0x00000000b9500000, 0x00000000b9400000| Updating 
| 405|0x00000000b9500000, 0x00000000b9600000, 0x00000000b9600000|100%| O|  |TAMS 0x00000000b9600000, 0x00000000b9500000| Updating 
| 406|0x00000000b9600000, 0x00000000b9600000, 0x00000000b9700000|  0%| F|  |TAMS 0x00000000b9600000, 0x00000000b9600000| Untracked 
| 407|0x00000000b9700000, 0x00000000b9800000, 0x00000000b9800000|100%| O|  |TAMS 0x00000000b9800000, 0x00000000b9700000| Updating 
| 408|0x00000000b9800000, 0x00000000b9900000, 0x00000000b9900000|100%| O|  |TAMS 0x00000000b9900000, 0x00000000b9800000| Updating 
| 409|0x00000000b9900000, 0x00000000b9a00000, 0x00000000b9a00000|100%| O|  |TAMS 0x00000000b9a00000, 0x00000000b9900000| Updating 
| 410|0x00000000b9a00000, 0x00000000b9a00000, 0x00000000b9b00000|  0%| F|  |TAMS 0x00000000b9a00000, 0x00000000b9a00000| Untracked 
| 411|0x00000000b9b00000, 0x00000000b9c00000, 0x00000000b9c00000|100%| O|  |TAMS 0x00000000b9c00000, 0x00000000b9b00000| Updating 
| 412|0x00000000b9c00000, 0x00000000b9d00000, 0x00000000b9d00000|100%| O|  |TAMS 0x00000000b9d00000, 0x00000000b9c00000| Updating 
| 413|0x00000000b9d00000, 0x00000000b9e00000, 0x00000000b9e00000|100%| O|  |TAMS 0x00000000b9e00000, 0x00000000b9d00000| Updating 
| 414|0x00000000b9e00000, 0x00000000b9f00000, 0x00000000b9f00000|100%| O|  |TAMS 0x00000000b9f00000, 0x00000000b9e00000| Updating 
| 415|0x00000000b9f00000, 0x00000000ba000000, 0x00000000ba000000|100%| O|  |TAMS 0x00000000ba000000, 0x00000000b9f00000| Updating 
| 416|0x00000000ba000000, 0x00000000ba100000, 0x00000000ba100000|100%| O|  |TAMS 0x00000000ba100000, 0x00000000ba000000| Updating 
| 417|0x00000000ba100000, 0x00000000ba200000, 0x00000000ba200000|100%| O|  |TAMS 0x00000000ba200000, 0x00000000ba100000| Updating 
| 418|0x00000000ba200000, 0x00000000ba300000, 0x00000000ba300000|100%| O|  |TAMS 0x00000000ba300000, 0x00000000ba200000| Updating 
| 419|0x00000000ba300000, 0x00000000ba400000, 0x00000000ba400000|100%| O|  |TAMS 0x00000000ba400000, 0x00000000ba300000| Updating 
| 420|0x00000000ba400000, 0x00000000ba500000, 0x00000000ba500000|100%| O|  |TAMS 0x00000000ba500000, 0x00000000ba400000| Updating 
| 421|0x00000000ba500000, 0x00000000ba500000, 0x00000000ba600000|  0%| F|  |TAMS 0x00000000ba500000, 0x00000000ba500000| Untracked 
| 422|0x00000000ba600000, 0x00000000ba700000, 0x00000000ba700000|100%| O|  |TAMS 0x00000000ba700000, 0x00000000ba600000| Updating 
| 423|0x00000000ba700000, 0x00000000ba800000, 0x00000000ba800000|100%| O|  |TAMS 0x00000000ba800000, 0x00000000ba700000| Updating 
| 424|0x00000000ba800000, 0x00000000ba800000, 0x00000000ba900000|  0%| F|  |TAMS 0x00000000ba800000, 0x00000000ba800000| Untracked 
| 425|0x00000000ba900000, 0x00000000baa00000, 0x00000000baa00000|100%| O|  |TAMS 0x00000000baa00000, 0x00000000ba900000| Updating 
| 426|0x00000000baa00000, 0x00000000bab00000, 0x00000000bab00000|100%| O|  |TAMS 0x00000000bab00000, 0x00000000baa00000| Updating 
| 427|0x00000000bab00000, 0x00000000bab00000, 0x00000000bac00000|  0%| F|  |TAMS 0x00000000bab00000, 0x00000000bab00000| Untracked 
| 428|0x00000000bac00000, 0x00000000bad00000, 0x00000000bad00000|100%| O|  |TAMS 0x00000000bad00000, 0x00000000bac00000| Updating 
| 429|0x00000000bad00000, 0x00000000bad00000, 0x00000000bae00000|  0%| F|  |TAMS 0x00000000bad00000, 0x00000000bad00000| Untracked 
| 430|0x00000000bae00000, 0x00000000baf00000, 0x00000000baf00000|100%| O|  |TAMS 0x00000000baf00000, 0x00000000bae00000| Updating 
| 431|0x00000000baf00000, 0x00000000bb000000, 0x00000000bb000000|100%| O|  |TAMS 0x00000000bb000000, 0x00000000baf00000| Updating 
| 432|0x00000000bb000000, 0x00000000bb000000, 0x00000000bb100000|  0%| F|  |TAMS 0x00000000bb000000, 0x00000000bb000000| Untracked 
| 433|0x00000000bb100000, 0x00000000bb200000, 0x00000000bb200000|100%| O|  |TAMS 0x00000000bb200000, 0x00000000bb100000| Updating 
| 434|0x00000000bb200000, 0x00000000bb300000, 0x00000000bb300000|100%| O|  |TAMS 0x00000000bb300000, 0x00000000bb200000| Updating 
| 435|0x00000000bb300000, 0x00000000bb400000, 0x00000000bb400000|100%| O|  |TAMS 0x00000000bb400000, 0x00000000bb300000| Updating 
| 436|0x00000000bb400000, 0x00000000bb500000, 0x00000000bb500000|100%| O|  |TAMS 0x00000000bb500000, 0x00000000bb400000| Updating 
| 437|0x00000000bb500000, 0x00000000bb500000, 0x00000000bb600000|  0%| F|  |TAMS 0x00000000bb500000, 0x00000000bb500000| Untracked 
| 438|0x00000000bb600000, 0x00000000bb700000, 0x00000000bb700000|100%| O|  |TAMS 0x00000000bb700000, 0x00000000bb600000| Updating 
| 439|0x00000000bb700000, 0x00000000bb800000, 0x00000000bb800000|100%| O|  |TAMS 0x00000000bb800000, 0x00000000bb700000| Updating 
| 440|0x00000000bb800000, 0x00000000bb800000, 0x00000000bb900000|  0%| F|  |TAMS 0x00000000bb800000, 0x00000000bb800000| Untracked 
| 441|0x00000000bb900000, 0x00000000bb900000, 0x00000000bba00000|  0%| F|  |TAMS 0x00000000bb900000, 0x00000000bb900000| Untracked 
| 442|0x00000000bba00000, 0x00000000bbb00000, 0x00000000bbb00000|100%| O|  |TAMS 0x00000000bbb00000, 0x00000000bba00000| Updating 
| 443|0x00000000bbb00000, 0x00000000bbb00000, 0x00000000bbc00000|  0%| F|  |TAMS 0x00000000bbb00000, 0x00000000bbb00000| Untracked 
| 444|0x00000000bbc00000, 0x00000000bbd00000, 0x00000000bbd00000|100%| O|  |TAMS 0x00000000bbd00000, 0x00000000bbc00000| Updating 
| 445|0x00000000bbd00000, 0x00000000bbd00000, 0x00000000bbe00000|  0%| F|  |TAMS 0x00000000bbd00000, 0x00000000bbd00000| Untracked 
| 446|0x00000000bbe00000, 0x00000000bbe00000, 0x00000000bbf00000|  0%| F|  |TAMS 0x00000000bbe00000, 0x00000000bbe00000| Untracked 
| 447|0x00000000bbf00000, 0x00000000bbf00000, 0x00000000bc000000|  0%| F|  |TAMS 0x00000000bbf00000, 0x00000000bbf00000| Untracked 
| 448|0x00000000bc000000, 0x00000000bc100000, 0x00000000bc100000|100%| O|  |TAMS 0x00000000bc100000, 0x00000000bc000000| Updating 
| 449|0x00000000bc100000, 0x00000000bc100000, 0x00000000bc200000|  0%| F|  |TAMS 0x00000000bc100000, 0x00000000bc100000| Untracked 
| 450|0x00000000bc200000, 0x00000000bc200000, 0x00000000bc300000|  0%| F|  |TAMS 0x00000000bc200000, 0x00000000bc200000| Untracked 
| 451|0x00000000bc300000, 0x00000000bc300000, 0x00000000bc400000|  0%| F|  |TAMS 0x00000000bc300000, 0x00000000bc300000| Untracked 
| 452|0x00000000bc400000, 0x00000000bc400000, 0x00000000bc500000|  0%| F|  |TAMS 0x00000000bc400000, 0x00000000bc400000| Untracked 
| 453|0x00000000bc500000, 0x00000000bc600000, 0x00000000bc600000|100%| O|  |TAMS 0x00000000bc600000, 0x00000000bc500000| Updating 
| 454|0x00000000bc600000, 0x00000000bc600000, 0x00000000bc700000|  0%| F|  |TAMS 0x00000000bc600000, 0x00000000bc600000| Untracked 
| 455|0x00000000bc700000, 0x00000000bc800000, 0x00000000bc800000|100%| O|  |TAMS 0x00000000bc800000, 0x00000000bc700000| Updating 
| 456|0x00000000bc800000, 0x00000000bc900000, 0x00000000bc900000|100%| O|  |TAMS 0x00000000bc900000, 0x00000000bc800000| Updating 
| 457|0x00000000bc900000, 0x00000000bca00000, 0x00000000bca00000|100%| O|  |TAMS 0x00000000bca00000, 0x00000000bc900000| Updating 
| 458|0x00000000bca00000, 0x00000000bcb00000, 0x00000000bcb00000|100%| O|  |TAMS 0x00000000bcb00000, 0x00000000bca00000| Updating 
| 459|0x00000000bcb00000, 0x00000000bcc00000, 0x00000000bcc00000|100%| O|  |TAMS 0x00000000bcc00000, 0x00000000bcb00000| Updating 
| 460|0x00000000bcc00000, 0x00000000bcd00000, 0x00000000bcd00000|100%| O|  |TAMS 0x00000000bcd00000, 0x00000000bcc00000| Updating 
| 461|0x00000000bcd00000, 0x00000000bcd00000, 0x00000000bce00000|  0%| F|  |TAMS 0x00000000bcd00000, 0x00000000bcd00000| Untracked 
| 462|0x00000000bce00000, 0x00000000bce00000, 0x00000000bcf00000|  0%| F|  |TAMS 0x00000000bce00000, 0x00000000bce00000| Untracked 
| 463|0x00000000bcf00000, 0x00000000bcf00000, 0x00000000bd000000|  0%| F|  |TAMS 0x00000000bcf00000, 0x00000000bcf00000| Untracked 
| 464|0x00000000bd000000, 0x00000000bd000000, 0x00000000bd100000|  0%| F|  |TAMS 0x00000000bd000000, 0x00000000bd000000| Untracked 
| 465|0x00000000bd100000, 0x00000000bd200000, 0x00000000bd200000|100%| O|  |TAMS 0x00000000bd200000, 0x00000000bd100000| Updating 
| 466|0x00000000bd200000, 0x00000000bd300000, 0x00000000bd300000|100%| O|  |TAMS 0x00000000bd300000, 0x00000000bd200000| Updating 
| 467|0x00000000bd300000, 0x00000000bd300000, 0x00000000bd400000|  0%| F|  |TAMS 0x00000000bd300000, 0x00000000bd300000| Untracked 
| 468|0x00000000bd400000, 0x00000000bd400000, 0x00000000bd500000|  0%| F|  |TAMS 0x00000000bd400000, 0x00000000bd400000| Untracked 
| 469|0x00000000bd500000, 0x00000000bd500000, 0x00000000bd600000|  0%| F|  |TAMS 0x00000000bd500000, 0x00000000bd500000| Untracked 
| 470|0x00000000bd600000, 0x00000000bd700000, 0x00000000bd700000|100%| O|  |TAMS 0x00000000bd700000, 0x00000000bd600000| Updating 
| 471|0x00000000bd700000, 0x00000000bd800000, 0x00000000bd800000|100%| O|  |TAMS 0x00000000bd800000, 0x00000000bd700000| Updating 
| 472|0x00000000bd800000, 0x00000000bd900000, 0x00000000bd900000|100%| O|  |TAMS 0x00000000bd900000, 0x00000000bd800000| Updating 
| 473|0x00000000bd900000, 0x00000000bda00000, 0x00000000bda00000|100%| O|  |TAMS 0x00000000bda00000, 0x00000000bd900000| Updating 
| 474|0x00000000bda00000, 0x00000000bdb00000, 0x00000000bdb00000|100%| O|  |TAMS 0x00000000bdb00000, 0x00000000bda00000| Updating 
| 475|0x00000000bdb00000, 0x00000000bdb00000, 0x00000000bdc00000|  0%| F|  |TAMS 0x00000000bdb00000, 0x00000000bdb00000| Untracked 
| 476|0x00000000bdc00000, 0x00000000bdd00000, 0x00000000bdd00000|100%| O|  |TAMS 0x00000000bdd00000, 0x00000000bdc00000| Updating 
| 477|0x00000000bdd00000, 0x00000000bdd00000, 0x00000000bde00000|  0%| F|  |TAMS 0x00000000bdd00000, 0x00000000bdd00000| Untracked 
| 478|0x00000000bde00000, 0x00000000bdf00000, 0x00000000bdf00000|100%| O|  |TAMS 0x00000000bdf00000, 0x00000000bde00000| Updating 
| 479|0x00000000bdf00000, 0x00000000be000000, 0x00000000be000000|100%| O|  |TAMS 0x00000000be000000, 0x00000000bdf00000| Updating 
| 480|0x00000000be000000, 0x00000000be100000, 0x00000000be100000|100%| O|  |TAMS 0x00000000be100000, 0x00000000be000000| Updating 
| 481|0x00000000be100000, 0x00000000be200000, 0x00000000be200000|100%| O|  |TAMS 0x00000000be200000, 0x00000000be100000| Updating 
| 482|0x00000000be200000, 0x00000000be300000, 0x00000000be300000|100%| O|  |TAMS 0x00000000be300000, 0x00000000be200000| Updating 
| 483|0x00000000be300000, 0x00000000be400000, 0x00000000be400000|100%| O|  |TAMS 0x00000000be400000, 0x00000000be300000| Updating 
| 484|0x00000000be400000, 0x00000000be500000, 0x00000000be500000|100%| O|  |TAMS 0x00000000be500000, 0x00000000be400000| Updating 
| 485|0x00000000be500000, 0x00000000be600000, 0x00000000be600000|100%| O|  |TAMS 0x00000000be600000, 0x00000000be500000| Updating 
| 486|0x00000000be600000, 0x00000000be700000, 0x00000000be700000|100%| O|  |TAMS 0x00000000be700000, 0x00000000be600000| Updating 
| 487|0x00000000be700000, 0x00000000be700000, 0x00000000be800000|  0%| F|  |TAMS 0x00000000be700000, 0x00000000be700000| Untracked 
| 488|0x00000000be800000, 0x00000000be800000, 0x00000000be900000|  0%| F|  |TAMS 0x00000000be800000, 0x00000000be800000| Untracked 
| 489|0x00000000be900000, 0x00000000be900000, 0x00000000bea00000|  0%| F|  |TAMS 0x00000000be900000, 0x00000000be900000| Untracked 
| 490|0x00000000bea00000, 0x00000000bea00000, 0x00000000beb00000|  0%| F|  |TAMS 0x00000000bea00000, 0x00000000bea00000| Untracked 
| 491|0x00000000beb00000, 0x00000000beb00000, 0x00000000bec00000|  0%| F|  |TAMS 0x00000000beb00000, 0x00000000beb00000| Untracked 
| 492|0x00000000bec00000, 0x00000000bec00000, 0x00000000bed00000|  0%| F|  |TAMS 0x00000000bec00000, 0x00000000bec00000| Untracked 
| 493|0x00000000bed00000, 0x00000000bee00000, 0x00000000bee00000|100%| O|  |TAMS 0x00000000bee00000, 0x00000000bed00000| Updating 
| 494|0x00000000bee00000, 0x00000000bef00000, 0x00000000bef00000|100%| O|  |TAMS 0x00000000bef00000, 0x00000000bee00000| Updating 
| 495|0x00000000bef00000, 0x00000000bef00000, 0x00000000bf000000|  0%| F|  |TAMS 0x00000000bef00000, 0x00000000bef00000| Untracked 
| 496|0x00000000bf000000, 0x00000000bf100000, 0x00000000bf100000|100%| O|  |TAMS 0x00000000bf100000, 0x00000000bf000000| Updating 
| 497|0x00000000bf100000, 0x00000000bf200000, 0x00000000bf200000|100%| O|  |TAMS 0x00000000bf200000, 0x00000000bf100000| Updating 
| 498|0x00000000bf200000, 0x00000000bf200000, 0x00000000bf300000|  0%| F|  |TAMS 0x00000000bf200000, 0x00000000bf200000| Untracked 
| 499|0x00000000bf300000, 0x00000000bf300000, 0x00000000bf400000|  0%| F|  |TAMS 0x00000000bf300000, 0x00000000bf300000| Untracked 
| 500|0x00000000bf400000, 0x00000000bf400000, 0x00000000bf500000|  0%| F|  |TAMS 0x00000000bf400000, 0x00000000bf400000| Untracked 
| 501|0x00000000bf500000, 0x00000000bf500000, 0x00000000bf600000|  0%| F|  |TAMS 0x00000000bf500000, 0x00000000bf500000| Untracked 
| 502|0x00000000bf600000, 0x00000000bf700000, 0x00000000bf700000|100%| O|  |TAMS 0x00000000bf700000, 0x00000000bf600000| Updating 
| 503|0x00000000bf700000, 0x00000000bf800000, 0x00000000bf800000|100%| O|  |TAMS 0x00000000bf800000, 0x00000000bf700000| Updating 
| 504|0x00000000bf800000, 0x00000000bf800000, 0x00000000bf900000|  0%| F|  |TAMS 0x00000000bf800000, 0x00000000bf800000| Untracked 
| 505|0x00000000bf900000, 0x00000000bfa00000, 0x00000000bfa00000|100%| O|  |TAMS 0x00000000bfa00000, 0x00000000bf900000| Updating 
| 506|0x00000000bfa00000, 0x00000000bfb00000, 0x00000000bfb00000|100%| O|  |TAMS 0x00000000bfb00000, 0x00000000bfa00000| Updating 
| 507|0x00000000bfb00000, 0x00000000bfc00000, 0x00000000bfc00000|100%| O|  |TAMS 0x00000000bfc00000, 0x00000000bfb00000| Updating 
| 508|0x00000000bfc00000, 0x00000000bfd00000, 0x00000000bfd00000|100%| O|  |TAMS 0x00000000bfd00000, 0x00000000bfc00000| Updating 
| 509|0x00000000bfd00000, 0x00000000bfe00000, 0x00000000bfe00000|100%| O|  |TAMS 0x00000000bfe00000, 0x00000000bfd00000| Updating 
| 510|0x00000000bfe00000, 0x00000000bff00000, 0x00000000bff00000|100%| O|  |TAMS 0x00000000bff00000, 0x00000000bfe00000| Updating 
| 511|0x00000000bff00000, 0x00000000c0000000, 0x00000000c0000000|100%| O|  |TAMS 0x00000000c0000000, 0x00000000bff00000| Updating 
| 512|0x00000000c0000000, 0x00000000c0100000, 0x00000000c0100000|100%| O|  |TAMS 0x00000000c0100000, 0x00000000c0000000| Updating 
| 513|0x00000000c0100000, 0x00000000c0200000, 0x00000000c0200000|100%| O|  |TAMS 0x00000000c0200000, 0x00000000c0100000| Updating 
| 514|0x00000000c0200000, 0x00000000c0300000, 0x00000000c0300000|100%| O|  |TAMS 0x00000000c0300000, 0x00000000c0200000| Updating 
| 515|0x00000000c0300000, 0x00000000c0400000, 0x00000000c0400000|100%| O|  |TAMS 0x00000000c0400000, 0x00000000c0300000| Updating 
| 516|0x00000000c0400000, 0x00000000c0500000, 0x00000000c0500000|100%| O|  |TAMS 0x00000000c0500000, 0x00000000c0400000| Updating 
| 517|0x00000000c0500000, 0x00000000c0600000, 0x00000000c0600000|100%| O|  |TAMS 0x00000000c0600000, 0x00000000c0500000| Updating 
| 518|0x00000000c0600000, 0x00000000c0700000, 0x00000000c0700000|100%| O|  |TAMS 0x00000000c0700000, 0x00000000c0600000| Updating 
| 519|0x00000000c0700000, 0x00000000c0800000, 0x00000000c0800000|100%| O|  |TAMS 0x00000000c0800000, 0x00000000c0700000| Updating 
| 520|0x00000000c0800000, 0x00000000c0900000, 0x00000000c0900000|100%| O|  |TAMS 0x00000000c0900000, 0x00000000c0800000| Updating 
| 521|0x00000000c0900000, 0x00000000c0a00000, 0x00000000c0a00000|100%| O|  |TAMS 0x00000000c0a00000, 0x00000000c0900000| Updating 
| 522|0x00000000c0a00000, 0x00000000c0b00000, 0x00000000c0b00000|100%| O|  |TAMS 0x00000000c0b00000, 0x00000000c0a00000| Updating 
| 523|0x00000000c0b00000, 0x00000000c0c00000, 0x00000000c0c00000|100%| O|  |TAMS 0x00000000c0c00000, 0x00000000c0b00000| Updating 
| 524|0x00000000c0c00000, 0x00000000c0d00000, 0x00000000c0d00000|100%| O|  |TAMS 0x00000000c0d00000, 0x00000000c0c00000| Updating 
| 525|0x00000000c0d00000, 0x00000000c0e00000, 0x00000000c0e00000|100%| O|  |TAMS 0x00000000c0e00000, 0x00000000c0d00000| Updating 
| 526|0x00000000c0e00000, 0x00000000c0f00000, 0x00000000c0f00000|100%| O|  |TAMS 0x00000000c0f00000, 0x00000000c0e00000| Updating 
| 527|0x00000000c0f00000, 0x00000000c1000000, 0x00000000c1000000|100%| O|  |TAMS 0x00000000c1000000, 0x00000000c0f00000| Updating 
| 528|0x00000000c1000000, 0x00000000c1100000, 0x00000000c1100000|100%| O|  |TAMS 0x00000000c1100000, 0x00000000c1000000| Updating 
| 529|0x00000000c1100000, 0x00000000c1100000, 0x00000000c1200000|  0%| F|  |TAMS 0x00000000c1100000, 0x00000000c1100000| Untracked 
| 530|0x00000000c1200000, 0x00000000c1300000, 0x00000000c1300000|100%| O|  |TAMS 0x00000000c1300000, 0x00000000c1200000| Updating 
| 531|0x00000000c1300000, 0x00000000c1300000, 0x00000000c1400000|  0%| F|  |TAMS 0x00000000c1300000, 0x00000000c1300000| Untracked 
| 532|0x00000000c1400000, 0x00000000c1500000, 0x00000000c1500000|100%| O|  |TAMS 0x00000000c1500000, 0x00000000c1400000| Updating 
| 533|0x00000000c1500000, 0x00000000c1600000, 0x00000000c1600000|100%| O|  |TAMS 0x00000000c1600000, 0x00000000c1500000| Updating 
| 534|0x00000000c1600000, 0x00000000c1700000, 0x00000000c1700000|100%| O|  |TAMS 0x00000000c1700000, 0x00000000c1600000| Updating 
| 535|0x00000000c1700000, 0x00000000c1800000, 0x00000000c1800000|100%| O|  |TAMS 0x00000000c1800000, 0x00000000c1700000| Updating 
| 536|0x00000000c1800000, 0x00000000c1900000, 0x00000000c1900000|100%| O|  |TAMS 0x00000000c1900000, 0x00000000c1800000| Updating 
| 537|0x00000000c1900000, 0x00000000c1a00000, 0x00000000c1a00000|100%| O|  |TAMS 0x00000000c1a00000, 0x00000000c1900000| Updating 
| 538|0x00000000c1a00000, 0x00000000c1b00000, 0x00000000c1b00000|100%| O|  |TAMS 0x00000000c1b00000, 0x00000000c1a00000| Updating 
| 539|0x00000000c1b00000, 0x00000000c1c00000, 0x00000000c1c00000|100%| O|  |TAMS 0x00000000c1c00000, 0x00000000c1b00000| Updating 
| 540|0x00000000c1c00000, 0x00000000c1d00000, 0x00000000c1d00000|100%| O|  |TAMS 0x00000000c1d00000, 0x00000000c1c00000| Updating 
| 541|0x00000000c1d00000, 0x00000000c1e00000, 0x00000000c1e00000|100%| O|  |TAMS 0x00000000c1e00000, 0x00000000c1d00000| Updating 
| 542|0x00000000c1e00000, 0x00000000c1f00000, 0x00000000c1f00000|100%| O|  |TAMS 0x00000000c1f00000, 0x00000000c1e00000| Updating 
| 543|0x00000000c1f00000, 0x00000000c1f00000, 0x00000000c2000000|  0%| F|  |TAMS 0x00000000c1f00000, 0x00000000c1f00000| Untracked 
| 544|0x00000000c2000000, 0x00000000c2100000, 0x00000000c2100000|100%| O|  |TAMS 0x00000000c2100000, 0x00000000c2000000| Updating 
| 545|0x00000000c2100000, 0x00000000c2200000, 0x00000000c2200000|100%| O|  |TAMS 0x00000000c2200000, 0x00000000c2100000| Updating 
| 546|0x00000000c2200000, 0x00000000c2300000, 0x00000000c2300000|100%| O|  |TAMS 0x00000000c2300000, 0x00000000c2200000| Updating 
| 547|0x00000000c2300000, 0x00000000c2400000, 0x00000000c2400000|100%| O|  |TAMS 0x00000000c2400000, 0x00000000c2300000| Updating 
| 548|0x00000000c2400000, 0x00000000c2400000, 0x00000000c2500000|  0%| F|  |TAMS 0x00000000c2400000, 0x00000000c2400000| Untracked 
| 549|0x00000000c2500000, 0x00000000c2600000, 0x00000000c2600000|100%| O|  |TAMS 0x00000000c2600000, 0x00000000c2500000| Updating 
| 550|0x00000000c2600000, 0x00000000c2700000, 0x00000000c2700000|100%| O|  |TAMS 0x00000000c2700000, 0x00000000c2600000| Updating 
| 551|0x00000000c2700000, 0x00000000c2800000, 0x00000000c2800000|100%| O|  |TAMS 0x00000000c2800000, 0x00000000c2700000| Updating 
| 552|0x00000000c2800000, 0x00000000c2800000, 0x00000000c2900000|  0%| F|  |TAMS 0x00000000c2800000, 0x00000000c2800000| Untracked 
| 553|0x00000000c2900000, 0x00000000c2900000, 0x00000000c2a00000|  0%| F|  |TAMS 0x00000000c2900000, 0x00000000c2900000| Untracked 
| 554|0x00000000c2a00000, 0x00000000c2a00000, 0x00000000c2b00000|  0%| F|  |TAMS 0x00000000c2a00000, 0x00000000c2a00000| Untracked 
| 555|0x00000000c2b00000, 0x00000000c2b00000, 0x00000000c2c00000|  0%| F|  |TAMS 0x00000000c2b00000, 0x00000000c2b00000| Untracked 
| 556|0x00000000c2c00000, 0x00000000c2c00000, 0x00000000c2d00000|  0%| F|  |TAMS 0x00000000c2c00000, 0x00000000c2c00000| Untracked 
| 557|0x00000000c2d00000, 0x00000000c2d00000, 0x00000000c2e00000|  0%| F|  |TAMS 0x00000000c2d00000, 0x00000000c2d00000| Untracked 
| 558|0x00000000c2e00000, 0x00000000c2f00000, 0x00000000c2f00000|100%| O|  |TAMS 0x00000000c2f00000, 0x00000000c2e00000| Updating 
| 559|0x00000000c2f00000, 0x00000000c3000000, 0x00000000c3000000|100%| O|  |TAMS 0x00000000c3000000, 0x00000000c2f00000| Untracked 
| 560|0x00000000c3000000, 0x00000000c3100000, 0x00000000c3100000|100%| O|  |TAMS 0x00000000c3100000, 0x00000000c3000000| Updating 
| 561|0x00000000c3100000, 0x00000000c3200000, 0x00000000c3200000|100%| O|  |TAMS 0x00000000c3200000, 0x00000000c3100000| Updating 
| 562|0x00000000c3200000, 0x00000000c3300000, 0x00000000c3300000|100%| O|  |TAMS 0x00000000c3300000, 0x00000000c3200000| Updating 
| 563|0x00000000c3300000, 0x00000000c3400000, 0x00000000c3400000|100%| O|  |TAMS 0x00000000c3400000, 0x00000000c3300000| Updating 
| 564|0x00000000c3400000, 0x00000000c3500000, 0x00000000c3500000|100%| O|  |TAMS 0x00000000c3500000, 0x00000000c3400000| Updating 
| 565|0x00000000c3500000, 0x00000000c3600000, 0x00000000c3600000|100%| O|  |TAMS 0x00000000c3600000, 0x00000000c3500000| Updating 
| 566|0x00000000c3600000, 0x00000000c3700000, 0x00000000c3700000|100%| O|  |TAMS 0x00000000c3700000, 0x00000000c3600000| Updating 
| 567|0x00000000c3700000, 0x00000000c3800000, 0x00000000c3800000|100%| O|  |TAMS 0x00000000c3800000, 0x00000000c3700000| Untracked 
| 568|0x00000000c3800000, 0x00000000c3900000, 0x00000000c3900000|100%| O|  |TAMS 0x00000000c3900000, 0x00000000c3800000| Untracked 
| 569|0x00000000c3900000, 0x00000000c3a00000, 0x00000000c3a00000|100%| O|  |TAMS 0x00000000c3a00000, 0x00000000c3900000| Untracked 
| 570|0x00000000c3a00000, 0x00000000c3b00000, 0x00000000c3b00000|100%| O|  |TAMS 0x00000000c3b00000, 0x00000000c3a00000| Untracked 
| 571|0x00000000c3b00000, 0x00000000c3c00000, 0x00000000c3c00000|100%| O|  |TAMS 0x00000000c3c00000, 0x00000000c3b00000| Untracked 
| 572|0x00000000c3c00000, 0x00000000c3d00000, 0x00000000c3d00000|100%| O|  |TAMS 0x00000000c3d00000, 0x00000000c3c00000| Untracked 
| 573|0x00000000c3d00000, 0x00000000c3e00000, 0x00000000c3e00000|100%| O|  |TAMS 0x00000000c3e00000, 0x00000000c3d00000| Untracked 
| 574|0x00000000c3e00000, 0x00000000c3f00000, 0x00000000c3f00000|100%| O|  |TAMS 0x00000000c3f00000, 0x00000000c3e00000| Updating 
| 575|0x00000000c3f00000, 0x00000000c4000000, 0x00000000c4000000|100%| O|  |TAMS 0x00000000c4000000, 0x00000000c3f00000| Untracked 
| 576|0x00000000c4000000, 0x00000000c4100000, 0x00000000c4100000|100%| O|  |TAMS 0x00000000c4100000, 0x00000000c4000000| Untracked 
| 577|0x00000000c4100000, 0x00000000c4200000, 0x00000000c4200000|100%| O|  |TAMS 0x00000000c4200000, 0x00000000c4100000| Untracked 
| 578|0x00000000c4200000, 0x00000000c4300000, 0x00000000c4300000|100%| O|  |TAMS 0x00000000c4300000, 0x00000000c4200000| Untracked 
| 579|0x00000000c4300000, 0x00000000c4400000, 0x00000000c4400000|100%| O|  |TAMS 0x00000000c4400000, 0x00000000c4300000| Untracked 
| 580|0x00000000c4400000, 0x00000000c4500000, 0x00000000c4500000|100%| O|  |TAMS 0x00000000c4500000, 0x00000000c4400000| Untracked 
| 581|0x00000000c4500000, 0x00000000c4600000, 0x00000000c4600000|100%| O|  |TAMS 0x00000000c4600000, 0x00000000c4500000| Untracked 
| 582|0x00000000c4600000, 0x00000000c4700000, 0x00000000c4700000|100%| O|  |TAMS 0x00000000c4700000, 0x00000000c4600000| Untracked 
| 583|0x00000000c4700000, 0x00000000c4800000, 0x00000000c4800000|100%| O|  |TAMS 0x00000000c4800000, 0x00000000c4700000| Updating 
| 584|0x00000000c4800000, 0x00000000c4900000, 0x00000000c4900000|100%| O|  |TAMS 0x00000000c4900000, 0x00000000c4800000| Untracked 
| 585|0x00000000c4900000, 0x00000000c4a00000, 0x00000000c4a00000|100%| O|  |TAMS 0x00000000c4a00000, 0x00000000c4900000| Untracked 
| 586|0x00000000c4a00000, 0x00000000c4b00000, 0x00000000c4b00000|100%| O|  |TAMS 0x00000000c4b00000, 0x00000000c4a00000| Untracked 
| 587|0x00000000c4b00000, 0x00000000c4c00000, 0x00000000c4c00000|100%| O|  |TAMS 0x00000000c4c00000, 0x00000000c4b00000| Untracked 
| 588|0x00000000c4c00000, 0x00000000c4d00000, 0x00000000c4d00000|100%| O|  |TAMS 0x00000000c4d00000, 0x00000000c4c00000| Untracked 
| 589|0x00000000c4d00000, 0x00000000c4e00000, 0x00000000c4e00000|100%| O|  |TAMS 0x00000000c4e00000, 0x00000000c4d00000| Untracked 
| 590|0x00000000c4e00000, 0x00000000c4f00000, 0x00000000c4f00000|100%| O|  |TAMS 0x00000000c4f00000, 0x00000000c4e00000| Updating 
| 591|0x00000000c4f00000, 0x00000000c5000000, 0x00000000c5000000|100%| O|  |TAMS 0x00000000c5000000, 0x00000000c4f00000| Updating 
| 592|0x00000000c5000000, 0x00000000c5100000, 0x00000000c5100000|100%| O|  |TAMS 0x00000000c5100000, 0x00000000c5000000| Updating 
| 593|0x00000000c5100000, 0x00000000c5200000, 0x00000000c5200000|100%| O|  |TAMS 0x00000000c5200000, 0x00000000c5100000| Untracked 
| 594|0x00000000c5200000, 0x00000000c5300000, 0x00000000c5300000|100%| O|  |TAMS 0x00000000c5300000, 0x00000000c5200000| Untracked 
| 595|0x00000000c5300000, 0x00000000c5400000, 0x00000000c5400000|100%| O|  |TAMS 0x00000000c5400000, 0x00000000c5300000| Untracked 
| 596|0x00000000c5400000, 0x00000000c5500000, 0x00000000c5500000|100%| O|  |TAMS 0x00000000c5500000, 0x00000000c5400000| Untracked 
| 597|0x00000000c5500000, 0x00000000c5600000, 0x00000000c5600000|100%| O|  |TAMS 0x00000000c5600000, 0x00000000c5500000| Untracked 
| 598|0x00000000c5600000, 0x00000000c5700000, 0x00000000c5700000|100%| O|  |TAMS 0x00000000c5700000, 0x00000000c5600000| Updating 
| 599|0x00000000c5700000, 0x00000000c5800000, 0x00000000c5800000|100%| O|  |TAMS 0x00000000c5800000, 0x00000000c5700000| Updating 
| 600|0x00000000c5800000, 0x00000000c5900000, 0x00000000c5900000|100%| O|  |TAMS 0x00000000c5900000, 0x00000000c5800000| Untracked 
| 601|0x00000000c5900000, 0x00000000c5a00000, 0x00000000c5a00000|100%| O|  |TAMS 0x00000000c5a00000, 0x00000000c5900000| Untracked 
| 602|0x00000000c5a00000, 0x00000000c5b00000, 0x00000000c5b00000|100%| O|  |TAMS 0x00000000c5b00000, 0x00000000c5a00000| Updating 
| 603|0x00000000c5b00000, 0x00000000c5c00000, 0x00000000c5c00000|100%| O|  |TAMS 0x00000000c5c00000, 0x00000000c5b00000| Updating 
| 604|0x00000000c5c00000, 0x00000000c5d00000, 0x00000000c5d00000|100%| O|  |TAMS 0x00000000c5d00000, 0x00000000c5c00000| Untracked 
| 605|0x00000000c5d00000, 0x00000000c5e00000, 0x00000000c5e00000|100%| O|  |TAMS 0x00000000c5e00000, 0x00000000c5d00000| Updating 
| 606|0x00000000c5e00000, 0x00000000c5f00000, 0x00000000c5f00000|100%| O|  |TAMS 0x00000000c5f00000, 0x00000000c5e00000| Untracked 
| 607|0x00000000c5f00000, 0x00000000c6000000, 0x00000000c6000000|100%| O|  |TAMS 0x00000000c6000000, 0x00000000c5f00000| Untracked 
| 608|0x00000000c6000000, 0x00000000c6100000, 0x00000000c6100000|100%| O|  |TAMS 0x00000000c6100000, 0x00000000c6000000| Untracked 
| 609|0x00000000c6100000, 0x00000000c6200000, 0x00000000c6200000|100%| O|  |TAMS 0x00000000c6200000, 0x00000000c6100000| Untracked 
| 610|0x00000000c6200000, 0x00000000c6300000, 0x00000000c6300000|100%| O|  |TAMS 0x00000000c6300000, 0x00000000c6200000| Untracked 
| 611|0x00000000c6300000, 0x00000000c6400000, 0x00000000c6400000|100%| O|  |TAMS 0x00000000c6400000, 0x00000000c6300000| Updating 
| 612|0x00000000c6400000, 0x00000000c6500000, 0x00000000c6500000|100%| O|  |TAMS 0x00000000c6500000, 0x00000000c6400000| Updating 
| 613|0x00000000c6500000, 0x00000000c6600000, 0x00000000c6600000|100%| O|  |TAMS 0x00000000c6600000, 0x00000000c6500000| Untracked 
| 614|0x00000000c6600000, 0x00000000c6700000, 0x00000000c6700000|100%| O|  |TAMS 0x00000000c6700000, 0x00000000c6600000| Untracked 
| 615|0x00000000c6700000, 0x00000000c6800000, 0x00000000c6800000|100%| O|  |TAMS 0x00000000c6800000, 0x00000000c6700000| Untracked 
| 616|0x00000000c6800000, 0x00000000c6900000, 0x00000000c6900000|100%| O|  |TAMS 0x00000000c6900000, 0x00000000c6800000| Updating 
| 617|0x00000000c6900000, 0x00000000c6a00000, 0x00000000c6a00000|100%| O|  |TAMS 0x00000000c6a00000, 0x00000000c6900000| Updating 
| 618|0x00000000c6a00000, 0x00000000c6b00000, 0x00000000c6b00000|100%| O|  |TAMS 0x00000000c6b00000, 0x00000000c6a00000| Untracked 
| 619|0x00000000c6b00000, 0x00000000c6c00000, 0x00000000c6c00000|100%| O|  |TAMS 0x00000000c6c00000, 0x00000000c6b00000| Untracked 
| 620|0x00000000c6c00000, 0x00000000c6d00000, 0x00000000c6d00000|100%| O|  |TAMS 0x00000000c6d00000, 0x00000000c6c00000| Untracked 
| 621|0x00000000c6d00000, 0x00000000c6e00000, 0x00000000c6e00000|100%| O|  |TAMS 0x00000000c6e00000, 0x00000000c6d00000| Untracked 
| 622|0x00000000c6e00000, 0x00000000c6f00000, 0x00000000c6f00000|100%| O|  |TAMS 0x00000000c6f00000, 0x00000000c6e00000| Untracked 
| 623|0x00000000c6f00000, 0x00000000c7000000, 0x00000000c7000000|100%| O|  |TAMS 0x00000000c7000000, 0x00000000c6f00000| Untracked 
| 624|0x00000000c7000000, 0x00000000c7100000, 0x00000000c7100000|100%| O|  |TAMS 0x00000000c7100000, 0x00000000c7000000| Updating 
| 625|0x00000000c7100000, 0x00000000c7200000, 0x00000000c7200000|100%| O|  |TAMS 0x00000000c7200000, 0x00000000c7100000| Updating 
| 626|0x00000000c7200000, 0x00000000c7300000, 0x00000000c7300000|100%| O|  |TAMS 0x00000000c7300000, 0x00000000c7200000| Untracked 
| 627|0x00000000c7300000, 0x00000000c7400000, 0x00000000c7400000|100%| O|  |TAMS 0x00000000c7400000, 0x00000000c7300000| Untracked 
| 628|0x00000000c7400000, 0x00000000c7500000, 0x00000000c7500000|100%| O|  |TAMS 0x00000000c7500000, 0x00000000c7400000| Untracked 
| 629|0x00000000c7500000, 0x00000000c7600000, 0x00000000c7600000|100%| O|  |TAMS 0x00000000c7600000, 0x00000000c7500000| Untracked 
| 630|0x00000000c7600000, 0x00000000c7700000, 0x00000000c7700000|100%| O|  |TAMS 0x00000000c7700000, 0x00000000c7600000| Untracked 
| 631|0x00000000c7700000, 0x00000000c7800000, 0x00000000c7800000|100%| O|  |TAMS 0x00000000c7800000, 0x00000000c7700000| Untracked 
| 632|0x00000000c7800000, 0x00000000c7900000, 0x00000000c7900000|100%| O|  |TAMS 0x00000000c7900000, 0x00000000c7800000| Updating 
| 633|0x00000000c7900000, 0x00000000c7a00000, 0x00000000c7a00000|100%| O|  |TAMS 0x00000000c7a00000, 0x00000000c7900000| Untracked 
| 634|0x00000000c7a00000, 0x00000000c7b00000, 0x00000000c7b00000|100%| O|  |TAMS 0x00000000c7b00000, 0x00000000c7a00000| Updating 
| 635|0x00000000c7b00000, 0x00000000c7c00000, 0x00000000c7c00000|100%| O|  |TAMS 0x00000000c7c00000, 0x00000000c7b00000| Untracked 
| 636|0x00000000c7c00000, 0x00000000c7d00000, 0x00000000c7d00000|100%| O|  |TAMS 0x00000000c7d00000, 0x00000000c7c00000| Untracked 
| 637|0x00000000c7d00000, 0x00000000c7e00000, 0x00000000c7e00000|100%| O|  |TAMS 0x00000000c7e00000, 0x00000000c7d00000| Updating 
| 638|0x00000000c7e00000, 0x00000000c7f00000, 0x00000000c7f00000|100%| O|  |TAMS 0x00000000c7f00000, 0x00000000c7e00000| Untracked 
| 639|0x00000000c7f00000, 0x00000000c8000000, 0x00000000c8000000|100%| O|  |TAMS 0x00000000c8000000, 0x00000000c7f00000| Untracked 
| 640|0x00000000c8000000, 0x00000000c8100000, 0x00000000c8100000|100%| O|  |TAMS 0x00000000c8100000, 0x00000000c8000000| Untracked 
| 641|0x00000000c8100000, 0x00000000c8200000, 0x00000000c8200000|100%| O|  |TAMS 0x00000000c8200000, 0x00000000c8100000| Updating 
| 642|0x00000000c8200000, 0x00000000c8300000, 0x00000000c8300000|100%| O|  |TAMS 0x00000000c8300000, 0x00000000c8200000| Untracked 
| 643|0x00000000c8300000, 0x00000000c8400000, 0x00000000c8400000|100%| O|  |TAMS 0x00000000c8400000, 0x00000000c8300000| Untracked 
| 644|0x00000000c8400000, 0x00000000c8500000, 0x00000000c8500000|100%| O|  |TAMS 0x00000000c8500000, 0x00000000c8400000| Updating 
| 645|0x00000000c8500000, 0x00000000c8600000, 0x00000000c8600000|100%| O|  |TAMS 0x00000000c8600000, 0x00000000c8500000| Untracked 
| 646|0x00000000c8600000, 0x00000000c8700000, 0x00000000c8700000|100%| O|  |TAMS 0x00000000c8700000, 0x00000000c8600000| Untracked 
| 647|0x00000000c8700000, 0x00000000c8800000, 0x00000000c8800000|100%| O|  |TAMS 0x00000000c8800000, 0x00000000c8700000| Updating 
| 648|0x00000000c8800000, 0x00000000c8900000, 0x00000000c8900000|100%| O|  |TAMS 0x00000000c8900000, 0x00000000c8800000| Untracked 
| 649|0x00000000c8900000, 0x00000000c8a00000, 0x00000000c8a00000|100%| O|  |TAMS 0x00000000c8a00000, 0x00000000c8900000| Untracked 
| 650|0x00000000c8a00000, 0x00000000c8b00000, 0x00000000c8b00000|100%| O|  |TAMS 0x00000000c8b00000, 0x00000000c8a00000| Untracked 
| 651|0x00000000c8b00000, 0x00000000c8c00000, 0x00000000c8c00000|100%| O|  |TAMS 0x00000000c8c00000, 0x00000000c8b00000| Untracked 
| 652|0x00000000c8c00000, 0x00000000c8d00000, 0x00000000c8d00000|100%| O|  |TAMS 0x00000000c8d00000, 0x00000000c8c00000| Untracked 
| 653|0x00000000c8d00000, 0x00000000c8e00000, 0x00000000c8e00000|100%| O|  |TAMS 0x00000000c8e00000, 0x00000000c8d00000| Updating 
| 654|0x00000000c8e00000, 0x00000000c8f00000, 0x00000000c8f00000|100%| O|  |TAMS 0x00000000c8f00000, 0x00000000c8e00000| Untracked 
| 655|0x00000000c8f00000, 0x00000000c9000000, 0x00000000c9000000|100%| O|  |TAMS 0x00000000c9000000, 0x00000000c8f00000| Untracked 
| 656|0x00000000c9000000, 0x00000000c9100000, 0x00000000c9100000|100%| O|  |TAMS 0x00000000c9100000, 0x00000000c9000000| Untracked 
| 657|0x00000000c9100000, 0x00000000c9200000, 0x00000000c9200000|100%| O|  |TAMS 0x00000000c9200000, 0x00000000c9100000| Untracked 
| 658|0x00000000c9200000, 0x00000000c9300000, 0x00000000c9300000|100%| O|  |TAMS 0x00000000c9300000, 0x00000000c9200000| Untracked 
| 659|0x00000000c9300000, 0x00000000c9400000, 0x00000000c9400000|100%| O|  |TAMS 0x00000000c9400000, 0x00000000c9300000| Untracked 
| 660|0x00000000c9400000, 0x00000000c9500000, 0x00000000c9500000|100%| O|  |TAMS 0x00000000c9500000, 0x00000000c9400000| Updating 
| 661|0x00000000c9500000, 0x00000000c9600000, 0x00000000c9600000|100%| O|  |TAMS 0x00000000c9552c00, 0x00000000c9500000| Updating 
| 662|0x00000000c9600000, 0x00000000c9700000, 0x00000000c9700000|100%| O|  |TAMS 0x00000000c9600000, 0x00000000c9600000| Untracked 
| 663|0x00000000c9700000, 0x00000000c9800000, 0x00000000c9800000|100%| O|  |TAMS 0x00000000c9700000, 0x00000000c9700000| Untracked 
| 664|0x00000000c9800000, 0x00000000c9900000, 0x00000000c9900000|100%| O|  |TAMS 0x00000000c9800000, 0x00000000c9800000| Untracked 
| 665|0x00000000c9900000, 0x00000000c9a00000, 0x00000000c9a00000|100%| O|  |TAMS 0x00000000c9900000, 0x00000000c9900000| Untracked 
| 666|0x00000000c9a00000, 0x00000000c9b00000, 0x00000000c9b00000|100%| O|  |TAMS 0x00000000c9a00000, 0x00000000c9a00000| Untracked 
| 667|0x00000000c9b00000, 0x00000000c9c00000, 0x00000000c9c00000|100%| O|  |TAMS 0x00000000c9b00000, 0x00000000c9b00000| Untracked 
| 668|0x00000000c9c00000, 0x00000000c9d00000, 0x00000000c9d00000|100%| O|  |TAMS 0x00000000c9c00000, 0x00000000c9c00000| Untracked 
| 669|0x00000000c9d00000, 0x00000000c9e00000, 0x00000000c9e00000|100%| O|  |TAMS 0x00000000c9d00000, 0x00000000c9d00000| Untracked 
| 670|0x00000000c9e00000, 0x00000000c9f00000, 0x00000000c9f00000|100%| O|  |TAMS 0x00000000c9e00000, 0x00000000c9e00000| Untracked 
| 671|0x00000000c9f00000, 0x00000000ca000000, 0x00000000ca000000|100%| O|  |TAMS 0x00000000c9f00000, 0x00000000c9f00000| Untracked 
| 672|0x00000000ca000000, 0x00000000ca100000, 0x00000000ca100000|100%| O|  |TAMS 0x00000000ca000000, 0x00000000ca000000| Untracked 
| 673|0x00000000ca100000, 0x00000000ca200000, 0x00000000ca200000|100%| O|  |TAMS 0x00000000ca100000, 0x00000000ca100000| Untracked 
| 674|0x00000000ca200000, 0x00000000ca300000, 0x00000000ca300000|100%| O|  |TAMS 0x00000000ca200000, 0x00000000ca200000| Untracked 
| 675|0x00000000ca300000, 0x00000000ca400000, 0x00000000ca400000|100%| O|  |TAMS 0x00000000ca300000, 0x00000000ca300000| Untracked 
| 676|0x00000000ca400000, 0x00000000ca500000, 0x00000000ca500000|100%| O|  |TAMS 0x00000000ca400000, 0x00000000ca400000| Untracked 
| 677|0x00000000ca500000, 0x00000000ca600000, 0x00000000ca600000|100%| O|  |TAMS 0x00000000ca500000, 0x00000000ca500000| Untracked 
| 678|0x00000000ca600000, 0x00000000ca700000, 0x00000000ca700000|100%| O|  |TAMS 0x00000000ca600000, 0x00000000ca600000| Untracked 
| 679|0x00000000ca700000, 0x00000000ca800000, 0x00000000ca800000|100%| O|  |TAMS 0x00000000ca700000, 0x00000000ca700000| Untracked 
| 680|0x00000000ca800000, 0x00000000ca900000, 0x00000000ca900000|100%| O|  |TAMS 0x00000000ca800000, 0x00000000ca800000| Untracked 
| 681|0x00000000ca900000, 0x00000000caa00000, 0x00000000caa00000|100%| O|  |TAMS 0x00000000ca900000, 0x00000000ca900000| Untracked 
| 682|0x00000000caa00000, 0x00000000cab00000, 0x00000000cab00000|100%| O|  |TAMS 0x00000000caa00000, 0x00000000caa00000| Untracked 
| 683|0x00000000cab00000, 0x00000000cabfb000, 0x00000000cac00000| 98%| O|  |TAMS 0x00000000cab00000, 0x00000000cab00000| Untracked 
| 684|0x00000000cac00000, 0x00000000cac00000, 0x00000000cad00000|  0%| F|  |TAMS 0x00000000cac00000, 0x00000000cac00000| Untracked 
| 685|0x00000000cad00000, 0x00000000cad00000, 0x00000000cae00000|  0%| F|  |TAMS 0x00000000cad00000, 0x00000000cad00000| Untracked 
| 686|0x00000000cae00000, 0x00000000cae00000, 0x00000000caf00000|  0%| F|  |TAMS 0x00000000cae00000, 0x00000000cae00000| Untracked 
| 687|0x00000000caf00000, 0x00000000caf00000, 0x00000000cb000000|  0%| F|  |TAMS 0x00000000caf00000, 0x00000000caf00000| Untracked 
| 688|0x00000000cb000000, 0x00000000cb000000, 0x00000000cb100000|  0%| F|  |TAMS 0x00000000cb000000, 0x00000000cb000000| Untracked 
| 689|0x00000000cb100000, 0x00000000cb100000, 0x00000000cb200000|  0%| F|  |TAMS 0x00000000cb100000, 0x00000000cb100000| Untracked 
| 690|0x00000000cb200000, 0x00000000cb200000, 0x00000000cb300000|  0%| F|  |TAMS 0x00000000cb200000, 0x00000000cb200000| Untracked 
| 691|0x00000000cb300000, 0x00000000cb300000, 0x00000000cb400000|  0%| F|  |TAMS 0x00000000cb300000, 0x00000000cb300000| Untracked 
| 692|0x00000000cb400000, 0x00000000cb400000, 0x00000000cb500000|  0%| F|  |TAMS 0x00000000cb400000, 0x00000000cb400000| Untracked 
| 693|0x00000000cb500000, 0x00000000cb500000, 0x00000000cb600000|  0%| F|  |TAMS 0x00000000cb500000, 0x00000000cb500000| Untracked 
| 694|0x00000000cb600000, 0x00000000cb600000, 0x00000000cb700000|  0%| F|  |TAMS 0x00000000cb600000, 0x00000000cb600000| Untracked 
| 695|0x00000000cb700000, 0x00000000cb700000, 0x00000000cb800000|  0%| F|  |TAMS 0x00000000cb700000, 0x00000000cb700000| Untracked 
| 696|0x00000000cb800000, 0x00000000cb800000, 0x00000000cb900000|  0%| F|  |TAMS 0x00000000cb800000, 0x00000000cb800000| Untracked 
| 697|0x00000000cb900000, 0x00000000cb900000, 0x00000000cba00000|  0%| F|  |TAMS 0x00000000cb900000, 0x00000000cb900000| Untracked 
| 698|0x00000000cba00000, 0x00000000cba00000, 0x00000000cbb00000|  0%| F|  |TAMS 0x00000000cba00000, 0x00000000cba00000| Untracked 
| 699|0x00000000cbb00000, 0x00000000cbb00000, 0x00000000cbc00000|  0%| F|  |TAMS 0x00000000cbb00000, 0x00000000cbb00000| Untracked 
| 700|0x00000000cbc00000, 0x00000000cbc00000, 0x00000000cbd00000|  0%| F|  |TAMS 0x00000000cbc00000, 0x00000000cbc00000| Untracked 
| 701|0x00000000cbd00000, 0x00000000cbd00000, 0x00000000cbe00000|  0%| F|  |TAMS 0x00000000cbd00000, 0x00000000cbd00000| Untracked 
| 702|0x00000000cbe00000, 0x00000000cbe00000, 0x00000000cbf00000|  0%| F|  |TAMS 0x00000000cbe00000, 0x00000000cbe00000| Untracked 
| 703|0x00000000cbf00000, 0x00000000cbf00000, 0x00000000cc000000|  0%| F|  |TAMS 0x00000000cbf00000, 0x00000000cbf00000| Untracked 
| 704|0x00000000cc000000, 0x00000000cc000000, 0x00000000cc100000|  0%| F|  |TAMS 0x00000000cc000000, 0x00000000cc000000| Untracked 
| 705|0x00000000cc100000, 0x00000000cc100000, 0x00000000cc200000|  0%| F|  |TAMS 0x00000000cc100000, 0x00000000cc100000| Untracked 
| 706|0x00000000cc200000, 0x00000000cc200000, 0x00000000cc300000|  0%| F|  |TAMS 0x00000000cc200000, 0x00000000cc200000| Untracked 
| 707|0x00000000cc300000, 0x00000000cc300000, 0x00000000cc400000|  0%| F|  |TAMS 0x00000000cc300000, 0x00000000cc300000| Untracked 
| 708|0x00000000cc400000, 0x00000000cc400000, 0x00000000cc500000|  0%| F|  |TAMS 0x00000000cc400000, 0x00000000cc400000| Untracked 
| 709|0x00000000cc500000, 0x00000000cc500000, 0x00000000cc600000|  0%| F|  |TAMS 0x00000000cc500000, 0x00000000cc500000| Untracked 
| 710|0x00000000cc600000, 0x00000000cc600000, 0x00000000cc700000|  0%| F|  |TAMS 0x00000000cc600000, 0x00000000cc600000| Untracked 
| 711|0x00000000cc700000, 0x00000000cc700000, 0x00000000cc800000|  0%| F|  |TAMS 0x00000000cc700000, 0x00000000cc700000| Untracked 
| 712|0x00000000cc800000, 0x00000000cc800000, 0x00000000cc900000|  0%| F|  |TAMS 0x00000000cc800000, 0x00000000cc800000| Untracked 
| 713|0x00000000cc900000, 0x00000000cc900000, 0x00000000cca00000|  0%| F|  |TAMS 0x00000000cc900000, 0x00000000cc900000| Untracked 
| 714|0x00000000cca00000, 0x00000000cca00000, 0x00000000ccb00000|  0%| F|  |TAMS 0x00000000cca00000, 0x00000000cca00000| Untracked 
| 715|0x00000000ccb00000, 0x00000000ccb00000, 0x00000000ccc00000|  0%| F|  |TAMS 0x00000000ccb00000, 0x00000000ccb00000| Untracked 
| 716|0x00000000ccc00000, 0x00000000ccc00000, 0x00000000ccd00000|  0%| F|  |TAMS 0x00000000ccc00000, 0x00000000ccc00000| Untracked 
| 717|0x00000000ccd00000, 0x00000000ccd00000, 0x00000000cce00000|  0%| F|  |TAMS 0x00000000ccd00000, 0x00000000ccd00000| Untracked 
| 718|0x00000000cce00000, 0x00000000ccf00000, 0x00000000ccf00000|100%| S|CS|TAMS 0x00000000cce00000, 0x00000000cce00000| Complete 
| 719|0x00000000ccf00000, 0x00000000cd000000, 0x00000000cd000000|100%| S|CS|TAMS 0x00000000ccf00000, 0x00000000ccf00000| Complete 
| 720|0x00000000cd000000, 0x00000000cd000000, 0x00000000cd100000|  0%| F|  |TAMS 0x00000000cd000000, 0x00000000cd000000| Untracked 
| 721|0x00000000cd100000, 0x00000000cd100000, 0x00000000cd200000|  0%| F|  |TAMS 0x00000000cd100000, 0x00000000cd100000| Untracked 
| 722|0x00000000cd200000, 0x00000000cd300000, 0x00000000cd300000|100%| S|CS|TAMS 0x00000000cd200000, 0x00000000cd200000| Complete 
| 723|0x00000000cd300000, 0x00000000cd400000, 0x00000000cd400000|100%| S|CS|TAMS 0x00000000cd300000, 0x00000000cd300000| Complete 
| 724|0x00000000cd400000, 0x00000000cd500000, 0x00000000cd500000|100%| S|CS|TAMS 0x00000000cd400000, 0x00000000cd400000| Complete 
| 725|0x00000000cd500000, 0x00000000cd500000, 0x00000000cd600000|  0%| F|  |TAMS 0x00000000cd500000, 0x00000000cd500000| Untracked 
| 726|0x00000000cd600000, 0x00000000cd600000, 0x00000000cd700000|  0%| F|  |TAMS 0x00000000cd600000, 0x00000000cd600000| Untracked 
| 727|0x00000000cd700000, 0x00000000cd700000, 0x00000000cd800000|  0%| F|  |TAMS 0x00000000cd700000, 0x00000000cd700000| Untracked 
| 728|0x00000000cd800000, 0x00000000cd800000, 0x00000000cd900000|  0%| F|  |TAMS 0x00000000cd800000, 0x00000000cd800000| Untracked 
| 729|0x00000000cd900000, 0x00000000cd900000, 0x00000000cda00000|  0%| F|  |TAMS 0x00000000cd900000, 0x00000000cd900000| Untracked 
| 730|0x00000000cda00000, 0x00000000cda00000, 0x00000000cdb00000|  0%| F|  |TAMS 0x00000000cda00000, 0x00000000cda00000| Untracked 
| 731|0x00000000cdb00000, 0x00000000cdb00000, 0x00000000cdc00000|  0%| F|  |TAMS 0x00000000cdb00000, 0x00000000cdb00000| Untracked 
| 732|0x00000000cdc00000, 0x00000000cdc00000, 0x00000000cdd00000|  0%| F|  |TAMS 0x00000000cdc00000, 0x00000000cdc00000| Untracked 
| 733|0x00000000cdd00000, 0x00000000cddc13f0, 0x00000000cde00000| 75%| E|  |TAMS 0x00000000cdd00000, 0x00000000cdd00000| Complete 
| 734|0x00000000cde00000, 0x00000000cdf00000, 0x00000000cdf00000|100%| E|CS|TAMS 0x00000000cde00000, 0x00000000cde00000| Complete 
| 735|0x00000000cdf00000, 0x00000000ce000000, 0x00000000ce000000|100%| E|CS|TAMS 0x00000000cdf00000, 0x00000000cdf00000| Complete 
| 736|0x00000000ce000000, 0x00000000ce100000, 0x00000000ce100000|100%| E|CS|TAMS 0x00000000ce000000, 0x00000000ce000000| Complete 
| 737|0x00000000ce100000, 0x00000000ce200000, 0x00000000ce200000|100%| E|CS|TAMS 0x00000000ce100000, 0x00000000ce100000| Complete 
| 738|0x00000000ce200000, 0x00000000ce300000, 0x00000000ce300000|100%| E|CS|TAMS 0x00000000ce200000, 0x00000000ce200000| Complete 
| 739|0x00000000ce300000, 0x00000000ce400000, 0x00000000ce400000|100%| E|CS|TAMS 0x00000000ce300000, 0x00000000ce300000| Complete 
| 740|0x00000000ce400000, 0x00000000ce500000, 0x00000000ce500000|100%| E|CS|TAMS 0x00000000ce400000, 0x00000000ce400000| Complete 
| 741|0x00000000ce500000, 0x00000000ce600000, 0x00000000ce600000|100%| E|CS|TAMS 0x00000000ce500000, 0x00000000ce500000| Complete 
| 742|0x00000000ce600000, 0x00000000ce700000, 0x00000000ce700000|100%| E|CS|TAMS 0x00000000ce600000, 0x00000000ce600000| Complete 
| 743|0x00000000ce700000, 0x00000000ce800000, 0x00000000ce800000|100%| E|CS|TAMS 0x00000000ce700000, 0x00000000ce700000| Complete 
| 744|0x00000000ce800000, 0x00000000ce900000, 0x00000000ce900000|100%| E|CS|TAMS 0x00000000ce800000, 0x00000000ce800000| Complete 
| 745|0x00000000ce900000, 0x00000000cea00000, 0x00000000cea00000|100%| E|CS|TAMS 0x00000000ce900000, 0x00000000ce900000| Complete 
| 746|0x00000000cea00000, 0x00000000ceb00000, 0x00000000ceb00000|100%| E|CS|TAMS 0x00000000cea00000, 0x00000000cea00000| Complete 
| 747|0x00000000ceb00000, 0x00000000cec00000, 0x00000000cec00000|100%| E|CS|TAMS 0x00000000ceb00000, 0x00000000ceb00000| Complete 
| 748|0x00000000cec00000, 0x00000000ced00000, 0x00000000ced00000|100%| E|CS|TAMS 0x00000000cec00000, 0x00000000cec00000| Complete 
| 749|0x00000000ced00000, 0x00000000cee00000, 0x00000000cee00000|100%| E|CS|TAMS 0x00000000ced00000, 0x00000000ced00000| Complete 
| 750|0x00000000cee00000, 0x00000000cef00000, 0x00000000cef00000|100%| E|CS|TAMS 0x00000000cee00000, 0x00000000cee00000| Complete 
| 751|0x00000000cef00000, 0x00000000cf000000, 0x00000000cf000000|100%| E|CS|TAMS 0x00000000cef00000, 0x00000000cef00000| Complete 
| 752|0x00000000cf000000, 0x00000000cf100000, 0x00000000cf100000|100%| E|CS|TAMS 0x00000000cf000000, 0x00000000cf000000| Complete 
| 753|0x00000000cf100000, 0x00000000cf200000, 0x00000000cf200000|100%| E|CS|TAMS 0x00000000cf100000, 0x00000000cf100000| Complete 
| 754|0x00000000cf200000, 0x00000000cf300000, 0x00000000cf300000|100%| E|CS|TAMS 0x00000000cf200000, 0x00000000cf200000| Complete 
| 755|0x00000000cf300000, 0x00000000cf400000, 0x00000000cf400000|100%| E|CS|TAMS 0x00000000cf300000, 0x00000000cf300000| Complete 
| 756|0x00000000cf400000, 0x00000000cf500000, 0x00000000cf500000|100%| E|CS|TAMS 0x00000000cf400000, 0x00000000cf400000| Complete 

Card table byte_map: [0x000001856b2c0000,0x000001856b5c0000] _byte_map_base: 0x000001856adc0000

Marking Bits (Prev, Next): (CMBitMap*) 0x0000018553f7bb70, (CMBitMap*) 0x0000018553f7bb30
 Prev Bits: [0x000001856d0c0000, 0x000001856e8c0000)
 Next Bits: [0x000001856b8c0000, 0x000001856d0c0000)

Polling page: 0x0000018551d60000

Metaspace:

Usage:
  Non-class:    109.36 MB used.
      Class:     17.27 MB used.
       Both:    126.63 MB used.

Virtual space:
  Non-class space:      128.00 MB reserved,     110.56 MB ( 86%) committed,  2 nodes.
      Class space:        1.00 GB reserved,      18.31 MB (  2%) committed,  1 nodes.
             Both:        1.12 GB reserved,     128.88 MB ( 11%) committed. 

Chunk freelists:
   Non-Class:  1.01 MB
       Class:  13.70 MB
        Both:  14.72 MB

MaxMetaspaceSize: unlimited
CompressedClassSpaceSize: 1.00 GB
Initial GC threshold: 21.00 MB
Current GC threshold: 208.12 MB
CDS: on
MetaspaceReclaimPolicy: balanced
 - commit_granule_bytes: 65536.
 - commit_granule_words: 8192.
 - virtual_space_node_default_size: 8388608.
 - enlarge_chunks_in_place: 1.
 - new_chunks_are_fully_committed: 0.
 - uncommit_free_chunks: 1.
 - use_allocation_guard: 0.
 - handle_deallocations: 1.


Internal statistics:

num_allocs_failed_limit: 8.
num_arena_births: 3264.
num_arena_deaths: 0.
num_vsnodes_births: 3.
num_vsnodes_deaths: 0.
num_space_committed: 2062.
num_space_uncommitted: 0.
num_chunks_returned_to_freelist: 8.
num_chunks_taken_from_freelist: 10122.
num_chunk_merges: 3.
num_chunk_splits: 6026.
num_chunks_enlarged: 3117.
num_inconsistent_stats: 0.

CodeHeap 'non-profiled nmethods': size=120000Kb used=21612Kb max_used=21612Kb free=98387Kb
 bounds [0x0000018563540000, 0x0000018564a60000, 0x000001856aa70000]
CodeHeap 'profiled nmethods': size=120000Kb used=45659Kb max_used=45659Kb free=74341Kb
 bounds [0x000001855ba70000, 0x000001855e710000, 0x0000018562fa0000]
CodeHeap 'non-nmethods': size=5760Kb used=2475Kb max_used=2559Kb free=3284Kb
 bounds [0x0000018562fa0000, 0x0000018563230000, 0x0000018563540000]
 total_blobs=23835 nmethods=22825 adapters=920
 compilation: enabled
              stopped_count=0, restarted_count=0
 full_count=0

Compilation events (20 events):
Event: 282.842 Thread 0x0000018570fe97e0 nmethod 27945 0x000001855e6fe310 code [0x000001855e6fe500, 0x000001855e6feb18]
Event: 282.843 Thread 0x0000018570fe97e0 27946       3       com.android.build.gradle.internal.tasks.LibraryAarJarsTask_Decorated::getMainScopeClassFiles (33 bytes)
Event: 282.843 Thread 0x0000018570fe97e0 nmethod 27946 0x000001855e6fed10 code [0x000001855e6feee0, 0x000001855e6ff2d8]
Event: 282.843 Thread 0x0000018570fe97e0 27947       3       com.android.build.gradle.internal.tasks.LibraryAarJarsTask_Decorated::getLocalScopeInputFiles (33 bytes)
Event: 282.843 Thread 0x0000018570fe97e0 nmethod 27947 0x000001855e6ff410 code [0x000001855e6ff5e0, 0x000001855e6ff9d8]
Event: 282.843 Thread 0x0000018570fe97e0 27948       3       com.android.build.gradle.internal.tasks.LibraryAarJarsTask_Decorated::toString (33 bytes)
Event: 282.844 Thread 0x0000018570fe97e0 nmethod 27948 0x000001855e6ffb10 code [0x000001855e6ffd00, 0x000001855e700318]
Event: 282.847 Thread 0x0000018570fe97e0 27949       1       com.android.build.gradle.internal.utils.CompileData::getCodeName (5 bytes)
Event: 282.847 Thread 0x0000018570fe97e0 nmethod 27949 0x0000018564a5ad90 code [0x0000018564a5af20, 0x0000018564a5aff8]
Event: 282.847 Thread 0x0000018570fe97e0 27950       3       com.android.build.gradle.internal.tasks.AarMetadataTask_Decorated::toString (33 bytes)
Event: 282.848 Thread 0x0000018570fe97e0 nmethod 27950 0x000001855e700510 code [0x000001855e700700, 0x000001855e700d18]
Event: 282.848 Thread 0x0000018570fe97e0 27951       3       com.android.build.gradle.internal.tasks.LintModelMetadataTask_Decorated::toString (33 bytes)
Event: 282.848 Thread 0x0000018570fe97e0 nmethod 27951 0x000001855e700f10 code [0x000001855e701100, 0x000001855e701718]
Event: 282.849 Thread 0x0000018570fe6250 27952       4       org.gradle.api.internal.artifacts.configurations.DefaultLegacyConfiguration_Decorated::getAllDependencies (39 bytes)
Event: 282.879 Thread 0x0000018570fe97e0 27955   !   3       jdk.internal.reflect.GeneratedConstructorAccessor311::newInstance (49 bytes)
Event: 282.881 Thread 0x0000018570fe97e0 nmethod 27955 0x000001855e701910 code [0x000001855e701c60, 0x000001855e703268]
Event: 282.890 Thread 0x0000018570fe97e0 27956       3       com.android.build.gradle.internal.DependencyResourcesComputer$initFromVariantScope$2::invoke (339 bytes)
Event: 282.893 Thread 0x0000018570fe97e0 nmethod 27956 0x000001855e703b90 code [0x000001855e7041a0, 0x000001855e707e88]
Event: 282.915 Thread 0x0000018570fe97e0 27957       3       com.android.build.gradle.internal.tasks.factory.BootClasspathConfigImpl::getFilteredBootClasspath (21 bytes)
Event: 282.916 Thread 0x0000018570fe97e0 nmethod 27957 0x000001855e709310 code [0x000001855e7094c0, 0x000001855e7097f8]

GC Heap History (20 events):
Event: 280.460 GC heap before
{Heap before GC invocations=166 (full 0):
 garbage-first heap   total 775168K, used 684074K [0x00000000a0000000, 0x0000000100000000)
  region size 1024K, 39 young (39936K), 5 survivors (5120K)
 Metaspace       used 129350K, committed 131648K, reserved 1179648K
  class space    used 17683K, committed 18752K, reserved 1048576K
}
Event: 280.465 GC heap after
{Heap after GC invocations=167 (full 0):
 garbage-first heap   total 775168K, used 653067K [0x00000000a0000000, 0x0000000100000000)
  region size 1024K, 4 young (4096K), 4 survivors (4096K)
 Metaspace       used 129350K, committed 131648K, reserved 1179648K
  class space    used 17683K, committed 18752K, reserved 1048576K
}
Event: 280.930 GC heap before
{Heap before GC invocations=167 (full 0):
 garbage-first heap   total 775168K, used 686859K [0x00000000a0000000, 0x0000000100000000)
  region size 1024K, 37 young (37888K), 4 survivors (4096K)
 Metaspace       used 129388K, committed 131648K, reserved 1179648K
  class space    used 17683K, committed 18752K, reserved 1048576K
}
Event: 280.934 GC heap after
{Heap after GC invocations=168 (full 0):
 garbage-first heap   total 775168K, used 656876K [0x00000000a0000000, 0x0000000100000000)
  region size 1024K, 4 young (4096K), 4 survivors (4096K)
 Metaspace       used 129388K, committed 131648K, reserved 1179648K
  class space    used 17683K, committed 18752K, reserved 1048576K
}
Event: 281.050 GC heap before
{Heap before GC invocations=168 (full 0):
 garbage-first heap   total 775168K, used 689644K [0x00000000a0000000, 0x0000000100000000)
  region size 1024K, 37 young (37888K), 4 survivors (4096K)
 Metaspace       used 129389K, committed 131648K, reserved 1179648K
  class space    used 17683K, committed 18752K, reserved 1048576K
}
Event: 281.057 GC heap after
{Heap after GC invocations=169 (full 0):
 garbage-first heap   total 775168K, used 660119K [0x00000000a0000000, 0x0000000100000000)
  region size 1024K, 4 young (4096K), 4 survivors (4096K)
 Metaspace       used 129389K, committed 131648K, reserved 1179648K
  class space    used 17683K, committed 18752K, reserved 1048576K
}
Event: 281.241 GC heap before
{Heap before GC invocations=169 (full 0):
 garbage-first heap   total 775168K, used 693911K [0x00000000a0000000, 0x0000000100000000)
  region size 1024K, 37 young (37888K), 4 survivors (4096K)
 Metaspace       used 129418K, committed 131712K, reserved 1179648K
  class space    used 17683K, committed 18752K, reserved 1048576K
}
Event: 281.245 GC heap after
{Heap after GC invocations=170 (full 0):
 garbage-first heap   total 775168K, used 662615K [0x00000000a0000000, 0x0000000100000000)
  region size 1024K, 3 young (3072K), 3 survivors (3072K)
 Metaspace       used 129418K, committed 131712K, reserved 1179648K
  class space    used 17683K, committed 18752K, reserved 1048576K
}
Event: 281.782 GC heap before
{Heap before GC invocations=170 (full 0):
 garbage-first heap   total 775168K, used 696407K [0x00000000a0000000, 0x0000000100000000)
  region size 1024K, 37 young (37888K), 3 survivors (3072K)
 Metaspace       used 129482K, committed 131776K, reserved 1179648K
  class space    used 17684K, committed 18752K, reserved 1048576K
}
Event: 281.788 GC heap after
{Heap after GC invocations=171 (full 0):
 garbage-first heap   total 775168K, used 666870K [0x00000000a0000000, 0x0000000100000000)
  region size 1024K, 5 young (5120K), 5 survivors (5120K)
 Metaspace       used 129482K, committed 131776K, reserved 1179648K
  class space    used 17684K, committed 18752K, reserved 1048576K
}
Event: 281.963 GC heap before
{Heap before GC invocations=171 (full 0):
 garbage-first heap   total 775168K, used 699638K [0x00000000a0000000, 0x0000000100000000)
  region size 1024K, 37 young (37888K), 5 survivors (5120K)
 Metaspace       used 129505K, committed 131776K, reserved 1179648K
  class space    used 17684K, committed 18752K, reserved 1048576K
}
Event: 281.972 GC heap after
{Heap after GC invocations=172 (full 0):
 garbage-first heap   total 775168K, used 674497K [0x00000000a0000000, 0x0000000100000000)
  region size 1024K, 5 young (5120K), 5 survivors (5120K)
 Metaspace       used 129505K, committed 131776K, reserved 1179648K
  class space    used 17684K, committed 18752K, reserved 1048576K
}
Event: 282.118 GC heap before
{Heap before GC invocations=172 (full 0):
 garbage-first heap   total 775168K, used 707265K [0x00000000a0000000, 0x0000000100000000)
  region size 1024K, 37 young (37888K), 5 survivors (5120K)
 Metaspace       used 129544K, committed 131840K, reserved 1179648K
  class space    used 17684K, committed 18752K, reserved 1048576K
}
Event: 282.125 GC heap after
{Heap after GC invocations=173 (full 0):
 garbage-first heap   total 775168K, used 682161K [0x00000000a0000000, 0x0000000100000000)
  region size 1024K, 5 young (5120K), 5 survivors (5120K)
 Metaspace       used 129544K, committed 131840K, reserved 1179648K
  class space    used 17684K, committed 18752K, reserved 1048576K
}
Event: 282.269 GC heap before
{Heap before GC invocations=173 (full 0):
 garbage-first heap   total 775168K, used 714929K [0x00000000a0000000, 0x0000000100000000)
  region size 1024K, 37 young (37888K), 5 survivors (5120K)
 Metaspace       used 129552K, committed 131904K, reserved 1179648K
  class space    used 17685K, committed 18752K, reserved 1048576K
}
Event: 282.297 GC heap after
{Heap after GC invocations=174 (full 0):
 garbage-first heap   total 775168K, used 690564K [0x00000000a0000000, 0x0000000100000000)
  region size 1024K, 5 young (5120K), 5 survivors (5120K)
 Metaspace       used 129552K, committed 131904K, reserved 1179648K
  class space    used 17685K, committed 18752K, reserved 1048576K
}
Event: 282.509 GC heap before
{Heap before GC invocations=174 (full 0):
 garbage-first heap   total 775168K, used 723332K [0x00000000a0000000, 0x0000000100000000)
  region size 1024K, 37 young (37888K), 5 survivors (5120K)
 Metaspace       used 129589K, committed 131904K, reserved 1179648K
  class space    used 17685K, committed 18752K, reserved 1048576K
}
Event: 282.516 GC heap after
{Heap after GC invocations=175 (full 0):
 garbage-first heap   total 775168K, used 698365K [0x00000000a0000000, 0x0000000100000000)
  region size 1024K, 5 young (5120K), 5 survivors (5120K)
 Metaspace       used 129589K, committed 131904K, reserved 1179648K
  class space    used 17685K, committed 18752K, reserved 1048576K
}
Event: 282.793 GC heap before
{Heap before GC invocations=175 (full 0):
 garbage-first heap   total 775168K, used 731133K [0x00000000a0000000, 0x0000000100000000)
  region size 1024K, 37 young (37888K), 5 survivors (5120K)
 Metaspace       used 129655K, committed 131968K, reserved 1179648K
  class space    used 17685K, committed 18752K, reserved 1048576K
}
Event: 282.803 GC heap after
{Heap after GC invocations=176 (full 0):
 garbage-first heap   total 775168K, used 705362K [0x00000000a0000000, 0x0000000100000000)
  region size 1024K, 5 young (5120K), 5 survivors (5120K)
 Metaspace       used 129655K, committed 131968K, reserved 1179648K
  class space    used 17685K, committed 18752K, reserved 1048576K
}

Dll operation events (15 events):
Event: 0.012 Loaded shared library C:\Program Files\Microsoft\jdk-17.0.15.6-hotspot\bin\java.dll
Event: 0.027 Loaded shared library C:\Program Files\Microsoft\jdk-17.0.15.6-hotspot\bin\jsvml.dll
Event: 0.063 Loaded shared library C:\Program Files\Microsoft\jdk-17.0.15.6-hotspot\bin\zip.dll
Event: 0.066 Loaded shared library C:\Program Files\Microsoft\jdk-17.0.15.6-hotspot\bin\instrument.dll
Event: 0.070 Loaded shared library C:\Program Files\Microsoft\jdk-17.0.15.6-hotspot\bin\net.dll
Event: 0.071 Loaded shared library C:\Program Files\Microsoft\jdk-17.0.15.6-hotspot\bin\nio.dll
Event: 0.072 Loaded shared library C:\Program Files\Microsoft\jdk-17.0.15.6-hotspot\bin\zip.dll
Event: 0.279 Loaded shared library C:\Program Files\Microsoft\jdk-17.0.15.6-hotspot\bin\jimage.dll
Event: 0.421 Loaded shared library C:\Program Files\Microsoft\jdk-17.0.15.6-hotspot\bin\verify.dll
Event: 0.517 Loaded shared library C:\Users\HP\.gradle\native\1def1411415f61bf3af743bc5b6707747c0891f09f0c88961ee8f79bc544acac\windows-amd64\native-platform.dll
Event: 0.535 Loaded shared library C:\Users\HP\.gradle\native\0.2.7\x86_64-windows-gnu\gradle-fileevents.dll
Event: 1.660 Loaded shared library C:\Program Files\Microsoft\jdk-17.0.15.6-hotspot\bin\management.dll
Event: 1.663 Loaded shared library C:\Program Files\Microsoft\jdk-17.0.15.6-hotspot\bin\management_ext.dll
Event: 1.912 Loaded shared library C:\Program Files\Microsoft\jdk-17.0.15.6-hotspot\bin\extnet.dll
Event: 2.150 Loaded shared library C:\Program Files\Microsoft\jdk-17.0.15.6-hotspot\bin\sunmscapi.dll

Deoptimization events (20 events):
Event: 279.854 Thread 0x000001857952af40 DEOPT PACKING pc=0x00000185649b18b4 sp=0x00000045805f7690
Event: 279.854 Thread 0x000001857952af40 DEOPT UNPACKING pc=0x0000018562ff69a3 sp=0x00000045805f7650 mode 2
Event: 280.053 Thread 0x000001857952af40 Uncommon trap: trap_request=0xffffffbe fr.pc=0x00000185649b18b4 relative=0x00000000000005f4
Event: 280.053 Thread 0x000001857952af40 Uncommon trap: reason=profile_predicate action=maybe_recompile pc=0x00000185649b18b4 method=com.google.common.collect.ImmutableList.copyIntoArray([Ljava/lang/Object;I)I @ 11 c2
Event: 280.053 Thread 0x000001857952af40 DEOPT PACKING pc=0x00000185649b18b4 sp=0x00000045805f7690
Event: 280.053 Thread 0x000001857952af40 DEOPT UNPACKING pc=0x0000018562ff69a3 sp=0x00000045805f7650 mode 2
Event: 280.345 Thread 0x000001857952af40 Uncommon trap: trap_request=0xffffffbe fr.pc=0x00000185649b18b4 relative=0x00000000000005f4
Event: 280.345 Thread 0x000001857952af40 Uncommon trap: reason=profile_predicate action=maybe_recompile pc=0x00000185649b18b4 method=com.google.common.collect.ImmutableList.copyIntoArray([Ljava/lang/Object;I)I @ 11 c2
Event: 280.345 Thread 0x000001857952af40 DEOPT PACKING pc=0x00000185649b18b4 sp=0x00000045805f7690
Event: 280.345 Thread 0x000001857952af40 DEOPT UNPACKING pc=0x0000018562ff69a3 sp=0x00000045805f7650 mode 2
Event: 280.961 Thread 0x000001857952af40 Uncommon trap: trap_request=0xffffffbe fr.pc=0x00000185649b18b4 relative=0x00000000000005f4
Event: 280.961 Thread 0x000001857952af40 Uncommon trap: reason=profile_predicate action=maybe_recompile pc=0x00000185649b18b4 method=com.google.common.collect.ImmutableList.copyIntoArray([Ljava/lang/Object;I)I @ 11 c2
Event: 280.961 Thread 0x000001857952af40 DEOPT PACKING pc=0x00000185649b18b4 sp=0x00000045805f7690
Event: 280.961 Thread 0x000001857952af40 DEOPT UNPACKING pc=0x0000018562ff69a3 sp=0x00000045805f7650 mode 2
Event: 281.089 Thread 0x000001857952af40 DEOPT PACKING pc=0x000001855d2088e7 sp=0x00000045805f75b0
Event: 281.089 Thread 0x000001857952af40 DEOPT UNPACKING pc=0x0000018562ff7143 sp=0x00000045805f6948 mode 0
Event: 281.710 Thread 0x000001857952af40 Uncommon trap: trap_request=0xffffff45 fr.pc=0x00000185647881cc relative=0x000000000000546c
Event: 281.710 Thread 0x000001857952af40 Uncommon trap: reason=unstable_if action=reinterpret pc=0x00000185647881cc method=com.android.build.api.artifact.impl.ArtifactsImpl.calculateFileName(Lcom/android/build/api/artifact/Artifact$Single;)Ljava/lang/String; @ 24 c2
Event: 281.710 Thread 0x000001857952af40 DEOPT PACKING pc=0x00000185647881cc sp=0x00000045805fa2e0
Event: 281.710 Thread 0x000001857952af40 DEOPT UNPACKING pc=0x0000018562ff69a3 sp=0x00000045805f9fa8 mode 2

Classes loaded (20 events):
Event: 73.283 Loading class java/nio/file/StandardCopyOption
Event: 73.284 Loading class java/nio/file/StandardCopyOption done
Event: 73.284 Loading class sun/nio/fs/WindowsFileCopy
Event: 73.285 Loading class sun/nio/fs/WindowsFileCopy done
Event: 73.298 Loading class sun/nio/fs/WindowsSecurity$Privilege
Event: 73.299 Loading class sun/nio/fs/WindowsSecurity$Privilege done
Event: 73.472 Loading class java/time/Instant$1
Event: 73.472 Loading class java/time/Instant$1 done
Event: 73.517 Loading class java/util/Locale$1
Event: 73.517 Loading class java/util/Locale$1 done
Event: 73.532 Loading class java/util/concurrent/CompletableFuture$AsyncRun
Event: 73.533 Loading class java/util/concurrent/CompletableFuture$AsyncRun done
Event: 156.943 Loading class jdk/internal/math/FormattedFloatingDecimal$Form
Event: 156.988 Loading class jdk/internal/math/FormattedFloatingDecimal$Form done
Event: 156.991 Loading class jdk/internal/math/FormattedFloatingDecimal
Event: 157.050 Loading class jdk/internal/math/FormattedFloatingDecimal done
Event: 157.053 Loading class jdk/internal/math/FormattedFloatingDecimal$1
Event: 157.064 Loading class jdk/internal/math/FormattedFloatingDecimal$1 done
Event: 157.103 Loading class jdk/internal/math/FormattedFloatingDecimal$2
Event: 157.106 Loading class jdk/internal/math/FormattedFloatingDecimal$2 done

Classes unloaded (0 events):
No events

Classes redefined (0 events):
No events

Internal exceptions (20 events):
Event: 275.874 Thread 0x000001857952af40 Exception <a 'sun/nio/fs/WindowsException'{0x00000000c9ef4708}> (0x00000000c9ef4708) 
thrown [s\src\hotspot\share\prims\jni.cpp, line 516]
Event: 275.874 Thread 0x000001857952af40 Exception <a 'sun/nio/fs/WindowsException'{0x00000000c9ef62b8}> (0x00000000c9ef62b8) 
thrown [s\src\hotspot\share\prims\jni.cpp, line 516]
Event: 275.875 Thread 0x000001857952af40 Exception <a 'sun/nio/fs/WindowsException'{0x00000000c9ef7e58}> (0x00000000c9ef7e58) 
thrown [s\src\hotspot\share\prims\jni.cpp, line 516]
Event: 275.875 Thread 0x000001857952af40 Exception <a 'sun/nio/fs/WindowsException'{0x00000000c9ef96a8}> (0x00000000c9ef96a8) 
thrown [s\src\hotspot\share\prims\jni.cpp, line 516]
Event: 276.029 Thread 0x000001857952af40 Exception <a 'sun/nio/fs/WindowsException'{0x00000000ce11b628}> (0x00000000ce11b628) 
thrown [s\src\hotspot\share\prims\jni.cpp, line 516]
Event: 276.029 Thread 0x000001857952af40 Exception <a 'sun/nio/fs/WindowsException'{0x00000000ce11d390}> (0x00000000ce11d390) 
thrown [s\src\hotspot\share\prims\jni.cpp, line 516]
Event: 276.029 Thread 0x000001857952af40 Exception <a 'sun/nio/fs/WindowsException'{0x00000000ce11fcd8}> (0x00000000ce11fcd8) 
thrown [s\src\hotspot\share\prims\jni.cpp, line 516]
Event: 276.695 Thread 0x0000018545556a10 Exception <a 'sun/nio/fs/WindowsException'{0x00000000cb93a9f8}> (0x00000000cb93a9f8) 
thrown [s\src\hotspot\share\prims\jni.cpp, line 516]
Event: 276.696 Thread 0x0000018545556a10 Exception <a 'sun/nio/fs/WindowsException'{0x00000000cb93cb58}> (0x00000000cb93cb58) 
thrown [s\src\hotspot\share\prims\jni.cpp, line 516]
Event: 276.696 Thread 0x0000018545556a10 Exception <a 'sun/nio/fs/WindowsException'{0x00000000cb93ec18}> (0x00000000cb93ec18) 
thrown [s\src\hotspot\share\prims\jni.cpp, line 516]
Event: 276.696 Thread 0x0000018545556a10 Exception <a 'sun/nio/fs/WindowsException'{0x00000000cb9448b0}> (0x00000000cb9448b0) 
thrown [s\src\hotspot\share\prims\jni.cpp, line 516]
Event: 276.699 Thread 0x0000018545556a10 Exception <a 'sun/nio/fs/WindowsException'{0x00000000cb94ec38}> (0x00000000cb94ec38) 
thrown [s\src\hotspot\share\prims\jni.cpp, line 516]
Event: 276.751 Thread 0x0000018545553c80 Exception <a 'sun/nio/fs/WindowsException'{0x00000000cb61b6a8}> (0x00000000cb61b6a8) 
thrown [s\src\hotspot\share\prims\jni.cpp, line 516]
Event: 276.751 Thread 0x0000018545553c80 Exception <a 'sun/nio/fs/WindowsException'{0x00000000cb61d8b0}> (0x00000000cb61d8b0) 
thrown [s\src\hotspot\share\prims\jni.cpp, line 516]
Event: 276.751 Thread 0x0000018545553c80 Exception <a 'sun/nio/fs/WindowsException'{0x00000000cb623900}> (0x00000000cb623900) 
thrown [s\src\hotspot\share\prims\jni.cpp, line 516]
Event: 276.751 Thread 0x0000018545553c80 Exception <a 'sun/nio/fs/WindowsException'{0x00000000cb6256d0}> (0x00000000cb6256d0) 
thrown [s\src\hotspot\share\prims\jni.cpp, line 516]
Event: 277.184 Thread 0x0000018545555ff0 Exception <a 'sun/nio/fs/WindowsException'{0x00000000cf4abe80}> (0x00000000cf4abe80) 
thrown [s\src\hotspot\share\prims\jni.cpp, line 516]
Event: 277.185 Thread 0x0000018545555ff0 Exception <a 'sun/nio/fs/WindowsException'{0x00000000cf4ae430}> (0x00000000cf4ae430) 
thrown [s\src\hotspot\share\prims\jni.cpp, line 516]
Event: 277.185 Thread 0x0000018545555ff0 Exception <a 'sun/nio/fs/WindowsException'{0x00000000cf4b0bd0}> (0x00000000cf4b0bd0) 
thrown [s\src\hotspot\share\prims\jni.cpp, line 516]
Event: 277.185 Thread 0x0000018545555ff0 Exception <a 'sun/nio/fs/WindowsException'{0x00000000cf4b2cf8}> (0x00000000cf4b2cf8) 
thrown [s\src\hotspot\share\prims\jni.cpp, line 516]

VM Operations (20 events):
Event: 280.465 Executing VM operation: G1CollectForAllocation done
Event: 280.930 Executing VM operation: G1CollectForAllocation
Event: 280.934 Executing VM operation: G1CollectForAllocation done
Event: 281.050 Executing VM operation: G1CollectForAllocation
Event: 281.057 Executing VM operation: G1CollectForAllocation done
Event: 281.240 Executing VM operation: G1CollectForAllocation
Event: 281.245 Executing VM operation: G1CollectForAllocation done
Event: 281.782 Executing VM operation: G1CollectForAllocation
Event: 281.788 Executing VM operation: G1CollectForAllocation done
Event: 281.963 Executing VM operation: G1CollectForAllocation
Event: 281.972 Executing VM operation: G1CollectForAllocation done
Event: 282.117 Executing VM operation: G1CollectForAllocation
Event: 282.125 Executing VM operation: G1CollectForAllocation done
Event: 282.269 Executing VM operation: G1CollectForAllocation
Event: 282.297 Executing VM operation: G1CollectForAllocation done
Event: 282.508 Executing VM operation: G1CollectForAllocation
Event: 282.516 Executing VM operation: G1CollectForAllocation done
Event: 282.791 Executing VM operation: G1CollectForAllocation
Event: 282.803 Executing VM operation: G1CollectForAllocation done
Event: 282.945 Executing VM operation: G1PauseRemark

Memory protections (0 events):
No events

Nmethod flushes (20 events):
Event: 262.681 Thread 0x0000018570ff1380 flushing  nmethod 0x000001855d8dcc10
Event: 262.682 Thread 0x0000018570ff1380 flushing  nmethod 0x000001855d8e3c10
Event: 262.682 Thread 0x0000018570ff1380 flushing  nmethod 0x000001855d929410
Event: 262.682 Thread 0x0000018570ff1380 flushing  nmethod 0x000001855d929810
Event: 262.682 Thread 0x0000018570ff1380 flushing  nmethod 0x000001855d987690
Event: 262.682 Thread 0x0000018570ff1380 flushing  nmethod 0x000001855d988390
Event: 262.683 Thread 0x0000018570ff1380 flushing  nmethod 0x000001855d9aeb10
Event: 262.683 Thread 0x0000018570ff1380 flushing  nmethod 0x000001855d9baf10
Event: 262.684 Thread 0x0000018570ff1380 flushing  nmethod 0x000001855dada710
Event: 262.684 Thread 0x0000018570ff1380 flushing  nmethod 0x000001855dadac10
Event: 262.684 Thread 0x0000018570ff1380 flushing  nmethod 0x000001855dafb890
Event: 262.684 Thread 0x0000018570ff1380 flushing  nmethod 0x000001855db3dc90
Event: 262.685 Thread 0x0000018570ff1380 flushing  nmethod 0x000001855db8bf10
Event: 262.685 Thread 0x0000018570ff1380 flushing  nmethod 0x000001855db8f110
Event: 262.685 Thread 0x0000018570ff1380 flushing  nmethod 0x000001855db94d10
Event: 262.686 Thread 0x0000018570ff1380 flushing  nmethod 0x000001855dbd0f10
Event: 262.686 Thread 0x0000018570ff1380 flushing osr nmethod 0x000001855dcb0890
Event: 262.686 Thread 0x0000018570ff1380 flushing  nmethod 0x000001855dcb1990
Event: 262.687 Thread 0x0000018570ff1380 flushing  nmethod 0x000001855de11b10
Event: 262.688 Thread 0x0000018570ff1380 flushing  nmethod 0x000001855dee9290

Events (20 events):
Event: 277.530 Thread 0x000001857952af40 Thread added: 0x0000018578db5d40
Event: 277.530 Thread 0x000001857952af40 Thread added: 0x0000018578db9f10
Event: 277.530 Thread 0x000001857952af40 Thread added: 0x0000018578dba930
Event: 277.530 Thread 0x000001857952af40 Thread added: 0x0000018578dbae40
Event: 277.530 Thread 0x000001857952af40 Thread added: 0x000001857af31ec0
Event: 277.719 Thread 0x000001854593f370 Thread exited: 0x000001854593f370
Event: 277.814 Thread 0x0000018570fe97e0 Thread added: 0x000001857a199f90
Event: 277.814 Thread 0x0000018570fe97e0 Thread added: 0x000001857a197a60
Event: 277.985 Thread 0x000001857a197a60 Thread exited: 0x000001857a197a60
Event: 279.441 Thread 0x000001857a199f90 Thread exited: 0x000001857a199f90
Event: 279.561 Thread 0x0000018570fe6250 Thread added: 0x0000018579f0e610
Event: 279.561 Thread 0x0000018570fe6250 Thread added: 0x0000018579f0eb60
Event: 279.707 Thread 0x0000018579f0eb60 Thread exited: 0x0000018579f0eb60
Event: 279.923 Thread 0x0000018579f0e610 Thread exited: 0x0000018579f0e610
Event: 279.945 Thread 0x0000018570fe6250 Thread added: 0x0000018579d35100
Event: 280.827 Thread 0x0000018579d35100 Thread exited: 0x0000018579d35100
Event: 281.001 Thread 0x0000018570fe97e0 Thread added: 0x000001857a197a60
Event: 281.525 Thread 0x0000018545553c80 Thread added: 0x000001857af328e0
Event: 281.568 Thread 0x000001857a638f90 Thread added: 0x000001857af32df0
Event: 281.731 Thread 0x000001857a197a60 Thread exited: 0x000001857a197a60


Dynamic libraries:
0x00007ff73d600000 - 0x00007ff73d60e000 	C:\Program Files\Microsoft\jdk-17.0.15.6-hotspot\bin\java.exe
0x00007ff95a780000 - 0x00007ff95a9e7000 	C:\WINDOWS\SYSTEM32\ntdll.dll
0x00007ff9587c0000 - 0x00007ff958889000 	C:\WINDOWS\System32\KERNEL32.DLL
0x00007ff958120000 - 0x00007ff95850f000 	C:\WINDOWS\System32\KERNELBASE.dll
0x00007ff957d30000 - 0x00007ff957e7b000 	C:\WINDOWS\System32\ucrtbase.dll
0x00007ff9173a0000 - 0x00007ff9173b7000 	C:\Program Files\Microsoft\jdk-17.0.15.6-hotspot\bin\jli.dll
0x00007ff918a00000 - 0x00007ff918a1d000 	C:\Program Files\Microsoft\jdk-17.0.15.6-hotspot\bin\VCRUNTIME140.dll
0x00007ff958e90000 - 0x00007ff959055000 	C:\WINDOWS\System32\USER32.dll
0x00007ff957a50000 - 0x00007ff957a77000 	C:\WINDOWS\System32\win32u.dll
0x00007ff9589c0000 - 0x00007ff9589eb000 	C:\WINDOWS\System32\GDI32.dll
0x00007ff957ff0000 - 0x00007ff95811c000 	C:\WINDOWS\System32\gdi32full.dll
0x00007ff933dc0000 - 0x00007ff934053000 	C:\WINDOWS\WinSxS\amd64_microsoft.windows.common-controls_6595b64144ccf1df_6.0.26100.7309_none_3e05feeae336a044\COMCTL32.dll
0x00007ff957bd0000 - 0x00007ff957c73000 	C:\WINDOWS\System32\msvcp_win.dll
0x00007ff958710000 - 0x00007ff9587b9000 	C:\WINDOWS\System32\msvcrt.dll
0x00007ff95a1f0000 - 0x00007ff95a221000 	C:\WINDOWS\System32\IMM32.DLL
0x00007ff9331e0000 - 0x00007ff9331ec000 	C:\Program Files\Microsoft\jdk-17.0.15.6-hotspot\bin\vcruntime140_1.dll
0x00007ff90b360000 - 0x00007ff90b3ed000 	C:\Program Files\Microsoft\jdk-17.0.15.6-hotspot\bin\msvcp140.dll
0x00007ff8b32a0000 - 0x00007ff8b3f12000 	C:\Program Files\Microsoft\jdk-17.0.15.6-hotspot\bin\server\jvm.dll
0x00007ff959060000 - 0x00007ff959114000 	C:\WINDOWS\System32\ADVAPI32.dll
0x00007ff958d70000 - 0x00007ff958e16000 	C:\WINDOWS\System32\sechost.dll
0x00007ff9589f0000 - 0x00007ff958b08000 	C:\WINDOWS\System32\RPCRT4.dll
0x00007ff9599a0000 - 0x00007ff959a14000 	C:\WINDOWS\System32\WS2_32.dll
0x00007ff94df90000 - 0x00007ff94dfc5000 	C:\WINDOWS\SYSTEM32\WINMM.dll
0x00007ff957730000 - 0x00007ff95778e000 	C:\WINDOWS\SYSTEM32\POWRPROF.dll
0x00007ff943e50000 - 0x00007ff943e5b000 	C:\WINDOWS\SYSTEM32\VERSION.dll
0x00007ff957710000 - 0x00007ff957724000 	C:\WINDOWS\SYSTEM32\UMPDC.dll
0x00007ff956680000 - 0x00007ff95669b000 	C:\WINDOWS\SYSTEM32\kernel.appcore.dll
0x00007ff9308f0000 - 0x00007ff9308fa000 	C:\Program Files\Microsoft\jdk-17.0.15.6-hotspot\bin\jimage.dll
0x00007ff954f80000 - 0x00007ff9551c2000 	C:\WINDOWS\SYSTEM32\DBGHELP.DLL
0x00007ff959120000 - 0x00007ff9594a6000 	C:\WINDOWS\System32\combase.dll
0x00007ff958c80000 - 0x00007ff958d56000 	C:\WINDOWS\System32\OLEAUT32.dll
0x00007ff92eeb0000 - 0x00007ff92eeec000 	C:\WINDOWS\SYSTEM32\dbgcore.DLL
0x00007ff957c80000 - 0x00007ff957d25000 	C:\WINDOWS\System32\bcryptPrimitives.dll
0x00007ff94fb60000 - 0x00007ff94fb6e000 	C:\Program Files\Microsoft\jdk-17.0.15.6-hotspot\bin\instrument.dll
0x00007ff917370000 - 0x00007ff917395000 	C:\Program Files\Microsoft\jdk-17.0.15.6-hotspot\bin\java.dll
0x00007ff900770000 - 0x00007ff900846000 	C:\Program Files\Microsoft\jdk-17.0.15.6-hotspot\bin\jsvml.dll
0x00007ff959a90000 - 0x00007ff95a1e3000 	C:\WINDOWS\System32\SHELL32.dll
0x00007ff957e80000 - 0x00007ff957fea000 	C:\WINDOWS\System32\wintypes.dll
0x00007ff9554a0000 - 0x00007ff955cfe000 	C:\WINDOWS\SYSTEM32\windows.storage.dll
0x00007ff959520000 - 0x00007ff959615000 	C:\WINDOWS\System32\SHCORE.dll
0x00007ff959a20000 - 0x00007ff959a86000 	C:\WINDOWS\System32\shlwapi.dll
0x00007ff9577f0000 - 0x00007ff957819000 	C:\WINDOWS\SYSTEM32\profapi.dll
0x00007ff916f70000 - 0x00007ff916f88000 	C:\Program Files\Microsoft\jdk-17.0.15.6-hotspot\bin\zip.dll
0x00007ff916fb0000 - 0x00007ff916fca000 	C:\Program Files\Microsoft\jdk-17.0.15.6-hotspot\bin\net.dll
0x00007ff94e760000 - 0x00007ff94e888000 	C:\WINDOWS\SYSTEM32\WINHTTP.dll
0x00007ff956bf0000 - 0x00007ff956c5b000 	C:\WINDOWS\system32\mswsock.dll
0x00007ff916f90000 - 0x00007ff916fa6000 	C:\Program Files\Microsoft\jdk-17.0.15.6-hotspot\bin\nio.dll
0x00007ff9321d0000 - 0x00007ff9321e0000 	C:\Program Files\Microsoft\jdk-17.0.15.6-hotspot\bin\verify.dll
0x00007ff9342d0000 - 0x00007ff9342f7000 	C:\Users\HP\.gradle\native\1def1411415f61bf3af743bc5b6707747c0891f09f0c88961ee8f79bc544acac\windows-amd64\native-platform.dll
0x00007ff900140000 - 0x00007ff9001b8000 	C:\Users\HP\.gradle\native\0.2.7\x86_64-windows-gnu\gradle-fileevents.dll
0x00007ff910e10000 - 0x00007ff910e1a000 	C:\Program Files\Microsoft\jdk-17.0.15.6-hotspot\bin\management.dll
0x00007ff90f060000 - 0x00007ff90f06b000 	C:\Program Files\Microsoft\jdk-17.0.15.6-hotspot\bin\management_ext.dll
0x00007ff958700000 - 0x00007ff958708000 	C:\WINDOWS\System32\PSAPI.DLL
0x00007ff956040000 - 0x00007ff956074000 	C:\WINDOWS\SYSTEM32\IPHLPAPI.DLL
0x00007ff959510000 - 0x00007ff95951a000 	C:\WINDOWS\System32\NSI.dll
0x00007ff94f260000 - 0x00007ff94f27e000 	C:\WINDOWS\SYSTEM32\dhcpcsvc6.DLL
0x00007ff94f230000 - 0x00007ff94f253000 	C:\WINDOWS\SYSTEM32\dhcpcsvc.DLL
0x00007ff956090000 - 0x00007ff9561bc000 	C:\WINDOWS\SYSTEM32\DNSAPI.dll
0x00007ff8fe880000 - 0x00007ff8fe889000 	C:\Program Files\Microsoft\jdk-17.0.15.6-hotspot\bin\extnet.dll
0x00007ff956eb0000 - 0x00007ff956ecb000 	C:\WINDOWS\SYSTEM32\CRYPTSP.dll
0x00007ff9565e0000 - 0x00007ff95661a000 	C:\WINDOWS\system32\rsaenh.dll
0x00007ff956ca0000 - 0x00007ff956ccb000 	C:\WINDOWS\SYSTEM32\USERENV.dll
0x00007ff9577c0000 - 0x00007ff9577ea000 	C:\WINDOWS\SYSTEM32\bcrypt.dll
0x00007ff956ed0000 - 0x00007ff956edc000 	C:\WINDOWS\SYSTEM32\CRYPTBASE.dll
0x00007ff9004b0000 - 0x00007ff9004be000 	C:\Program Files\Microsoft\jdk-17.0.15.6-hotspot\bin\sunmscapi.dll
0x00007ff9578d0000 - 0x00007ff957a47000 	C:\WINDOWS\System32\CRYPT32.dll
0x00007ff9570d0000 - 0x00007ff957100000 	C:\WINDOWS\SYSTEM32\ncrypt.dll
0x00007ff957080000 - 0x00007ff9570bf000 	C:\WINDOWS\SYSTEM32\NTASN1.dll
0x00007ff90eba0000 - 0x00007ff90eba8000 	C:\WINDOWS\system32\wshunix.dll
0x00007ff9567a0000 - 0x00007ff9567d6000 	C:\WINDOWS\SYSTEM32\ntmarta.dll

dbghelp: loaded successfully - version: 4.0.5 - missing functions: none
symbol engine: initialized successfully - sym options: 0x614 - pdb path: .;C:\Program Files\Microsoft\jdk-17.0.15.6-hotspot\bin;C:\WINDOWS\SYSTEM32;C:\WINDOWS\WinSxS\amd64_microsoft.windows.common-controls_6595b64144ccf1df_6.0.26100.7309_none_3e05feeae336a044;C:\Program Files\Microsoft\jdk-17.0.15.6-hotspot\bin\server;C:\Users\HP\.gradle\native\1def1411415f61bf3af743bc5b6707747c0891f09f0c88961ee8f79bc544acac\windows-amd64;C:\Users\HP\.gradle\native\0.2.7\x86_64-windows-gnu

VM Arguments:
jvm_args: --add-opens=java.base/java.lang=ALL-UNNAMED --add-opens=java.base/java.lang.invoke=ALL-UNNAMED --add-opens=java.base/java.util=ALL-UNNAMED --add-opens=java.prefs/java.util.prefs=ALL-UNNAMED --add-exports=jdk.compiler/com.sun.tools.javac.api=ALL-UNNAMED --add-exports=jdk.compiler/com.sun.tools.javac.util=ALL-UNNAMED --add-opens=java.base/java.util=ALL-UNNAMED --add-opens=java.prefs/java.util.prefs=ALL-UNNAMED --add-opens=java.base/java.nio.charset=ALL-UNNAMED --add-opens=java.base/java.net=ALL-UNNAMED --add-opens=java.base/java.util.concurrent.atomic=ALL-UNNAMED --add-opens=java.xml/javax.xml.namespace=ALL-UNNAMED -XX:+HeapDumpOnOutOfMemoryError -Xmx1536m -Dfile.encoding=UTF-8 -Duser.country=IN -Duser.language=en -Duser.variant -javaagent:C:\Users\HP\.gradle\wrapper\dists\gradle-8.14.1-bin\baw1sv0jfoi8rxs14qo3h49cs\gradle-8.14.1\lib\agents\gradle-instrumentation-agent-8.14.1.jar 
java_command: org.gradle.launcher.daemon.bootstrap.GradleDaemon 8.14.1
java_class_path (initial): C:\Users\HP\.gradle\wrapper\dists\gradle-8.14.1-bin\baw1sv0jfoi8rxs14qo3h49cs\gradle-8.14.1\lib\gradle-daemon-main-8.14.1.jar
Launcher Type: SUN_STANDARD

[Global flags]
     intx CICompilerCount                          = 4                                         {product} {ergonomic}
     uint ConcGCThreads                            = 3                                         {product} {ergonomic}
     uint G1ConcRefinementThreads                  = 10                                        {product} {ergonomic}
   size_t G1HeapRegionSize                         = 1048576                                   {product} {ergonomic}
    uintx GCDrainStackTargetSize                   = 64                                        {product} {ergonomic}
     bool HeapDumpOnOutOfMemoryError               = true                                   {manageable} {command line}
   size_t InitialHeapSize                          = 130023424                                 {product} {ergonomic}
   size_t MarkStackSize                            = 4194304                                   {product} {ergonomic}
   size_t MaxHeapSize                              = 1610612736                                {product} {command line}
   size_t MaxNewSize                               = 965738496                                 {product} {ergonomic}
   size_t MinHeapDeltaBytes                        = 1048576                                   {product} {ergonomic}
   size_t MinHeapSize                              = 8388608                                   {product} {ergonomic}
    uintx NonNMethodCodeHeapSize                   = 5839372                                {pd product} {ergonomic}
    uintx NonProfiledCodeHeapSize                  = 122909434                              {pd product} {ergonomic}
    uintx ProfiledCodeHeapSize                     = 122909434                              {pd product} {ergonomic}
    uintx ReservedCodeCacheSize                    = 251658240                              {pd product} {ergonomic}
     bool SegmentedCodeCache                       = true                                      {product} {ergonomic}
   size_t SoftMaxHeapSize                          = 1610612736                             {manageable} {ergonomic}
     bool UseCompressedClassPointers               = true                           {product lp64_product} {ergonomic}
     bool UseCompressedOops                        = true                           {product lp64_product} {ergonomic}
     bool UseG1GC                                  = true                                      {product} {ergonomic}
     bool UseLargePagesIndividualAllocation        = false                                  {pd product} {ergonomic}

Logging:
Log output configuration:
 #0: stdout all=warning uptime,level,tags
 #1: stderr all=off uptime,level,tags

Environment Variables:
JAVA_HOME=C:\Program Files\Microsoft\jdk-17.0.15.6-hotspot
PATH=C:\Program Files\Microsoft\jdk-17.0.15.6-hotspot\bin;C:\WINDOWS\system32;C:\WINDOWS;C:\WINDOWS\System32\Wbem;C:\WINDOWS\System32\WindowsPowerShell\v1.0\;C:\WINDOWS\System32\OpenSSH\;C:\Program Files\Git\cmd;C:\Program Files\dotnet\;C:\ProgramData\chocolatey\bin;C:\Program Files\nodejs\;C:\Users\HP\AppData\Local\Android\Sdk\platform-tools;C:\Users\HP\AppData\Local\Android\Sdk;C:\Users\HP\AppData\Local\Android\Sdk\emulator;;C:\Program Files\Docker\Docker\resources\bin;C:\Program Files\PuTTY\;C:\Program Files\MySQL\MySQL Shell 8.0\bin\;C:\Users\HP\AppData\Local\Microsoft\WindowsApps;C:\Users\HP\AppData\Local\Programs\Microsoft VS Code\bin;C:\Users\HP\AppData\Roaming\npm;C:\Users\HP\AppData\Local\Android\Sdk\platform-tools;C:\Users\HP\AppData\Local\Android\Sdk;C:\Users\HP\AppData\Local\Android\Sdk\emulator;
USERNAME=HP
OS=Windows_NT
PROCESSOR_IDENTIFIER=Intel64 Family 6 Model 154 Stepping 4, GenuineIntel
TMP=C:\Users\HP\AppData\Local\Temp
TEMP=C:\Users\HP\AppData\Local\Temp



Periodic native trim disabled


---------------  S Y S T E M  ---------------

OS:
 Windows 11 , 64 bit Build 26100 (10.0.26100.7623)
OS uptime: 0 days 22:49 hours
Hyper-V role detected

CPU: total 12 (initial active 12) (6 cores per cpu, 2 threads per core) family 6 model 154 stepping 4 microcode 0x432, cx8, cmov, fxsr, ht, mmx, 3dnowpref, sse, sse2, sse3, ssse3, sse4.1, sse4.2, popcnt, lzcnt, tsc, tscinvbit, avx, avx2, aes, erms, clmul, bmi1, bmi2, adx, sha, fma, vzeroupper, clflush, clflushopt, clwb, hv
Processor Information for processor 0
  Max Mhz: 1300, Current Mhz: 1300, Mhz Limit: 1300
Processor Information for processor 1
  Max Mhz: 1300, Current Mhz: 1300, Mhz Limit: 1300
Processor Information for processor 2
  Max Mhz: 1300, Current Mhz: 1300, Mhz Limit: 1300
Processor Information for processor 3
  Max Mhz: 1300, Current Mhz: 1300, Mhz Limit: 1300
Processor Information for processor 4
  Max Mhz: 1300, Current Mhz: 900, Mhz Limit: 897
Processor Information for processor 5
  Max Mhz: 1300, Current Mhz: 900, Mhz Limit: 897
Processor Information for processor 6
  Max Mhz: 1300, Current Mhz: 900, Mhz Limit: 897
Processor Information for processor 7
  Max Mhz: 1300, Current Mhz: 900, Mhz Limit: 897
Processor Information for processor 8
  Max Mhz: 1300, Current Mhz: 900, Mhz Limit: 897
Processor Information for processor 9
  Max Mhz: 1300, Current Mhz: 900, Mhz Limit: 897
Processor Information for processor 10
  Max Mhz: 1300, Current Mhz: 900, Mhz Limit: 897
Processor Information for processor 11
  Max Mhz: 1300, Current Mhz: 900, Mhz Limit: 897

Memory: 4k page, system-wide physical 7835M (668M free)
TotalPageFile size 31387M (AvailPageFile size 191M)
current process WorkingSet (physical memory assigned to process): 765M, peak: 788M
current process commit charge ("private bytes"): 1258M, peak: 1500M

vm_info: OpenJDK 64-Bit Server VM (17.0.15+6-LTS) for windows-amd64 JRE (17.0.15+6-LTS), built on Apr  9 2025 22:27:25 by "MicrosoftCorporation" with unknown MS VC++:1939

END.
