#
# There is insufficient memory for the Java Runtime Environment to continue.
# Native memory allocation (malloc) failed to allocate 1804176 bytes. Error detail: Chunk::new
# Possible reasons:
#   The system is out of physical RAM or swap space
#   This process is running with CompressedOops enabled, and the Java Heap may be blocking the growth of the native heap
# Possible solutions:
#   Reduce memory load on the system
#   Increase physical memory or swap space
#   Check if swap backing store is full
#   Decrease Java heap size (-Xmx/-Xms)
#   Decrease number of Java threads
#   Decrease Java thread stack sizes (-Xss)
#   Set larger code cache with -XX:ReservedCodeCacheSize=
#   JVM is running with Unscaled Compressed Oops mode in which the Java heap is
#     placed in the first 4GB address space. The Java Heap base address is the
#     maximum limit for the native heap growth. Please use -XX:HeapBaseMinAddress
#     to set the Java Heap base and to place the Java Heap above 4GB virtual address.
# This output file may be truncated or incomplete.
#
#  Out of Memory Error (arena.cpp:191), pid=36560, tid=36592
#
# JRE version: OpenJDK Runtime Environment Microsoft-11369865 (17.0.15+6) (build 17.0.15+6-LTS)
# Java VM: OpenJDK 64-Bit Server VM Microsoft-11369865 (17.0.15+6-LTS, mixed mode, sharing, tiered, compressed oops, compressed class ptrs, g1 gc, windows-amd64)
# No core dump will be written. Minidumps are not enabled by default on client versions of Windows
#

---------------  S U M M A R Y ------------

Command Line: --add-opens=java.base/java.util=ALL-UNNAMED --add-opens=java.base/java.lang=ALL-UNNAMED --add-opens=java.base/java.lang.invoke=ALL-UNNAMED --add-opens=java.prefs/java.util.prefs=ALL-UNNAMED --add-exports=jdk.compiler/com.sun.tools.javac.api=ALL-UNNAMED --add-exports=jdk.compiler/com.sun.tools.javac.util=ALL-UNNAMED --add-opens=java.base/java.nio.charset=ALL-UNNAMED --add-opens=java.base/java.net=ALL-UNNAMED --add-opens=java.base/java.util.concurrent.atomic=ALL-UNNAMED -XX:MaxMetaspaceSize=384m -XX:+HeapDumpOnOutOfMemoryError -Xms256m -Xmx512m -Dfile.encoding=utf8 -Duser.country=IN -Duser.language=en -Duser.variant -javaagent:C:\Users\HP\.gradle\wrapper\dists\gradle-8.9-bin\90cnw93cvbtalezasaz0blq0a\gradle-8.9\lib\agents\gradle-instrumentation-agent-8.9.jar org.gradle.launcher.daemon.bootstrap.GradleDaemon 8.9

Host: 12th Gen Intel(R) Core(TM) i5-1235U, 12 cores, 7G,  Windows 11 , 64 bit Build 26100 (10.0.26100.7920)
Time: Thu Mar 26 11:14:25 2026 India Standard Time elapsed time: 73.766828 seconds (0d 0h 1m 13s)

---------------  T H R E A D  ---------------

Current thread (0x00000230226aae70):  JavaThread "C2 CompilerThread0" daemon [_thread_in_native, id=36592, stack(0x000000aa46000000,0x000000aa46100000)]


Current CompileTask:
C2:  73766 15772   !   4       org.gradle.api.internal.artifacts.ivyservice.resolveengine.artifact.VariantResolvingArtifactSet::select (153 bytes)

Stack: [0x000000aa46000000,0x000000aa46100000]
Native frames: (J=compiled Java code, j=interpreted, Vv=VM code, C=native code)
V  [jvm.dll+0x6887a9]
V  [jvm.dll+0x83f5a8]
V  [jvm.dll+0x841053]
V  [jvm.dll+0x8416c3]
V  [jvm.dll+0x2496ef]
V  [jvm.dll+0xad134]
V  [jvm.dll+0xad7cc]
V  [jvm.dll+0x36aedf]
V  [jvm.dll+0x1bd065]
V  [jvm.dll+0x21aa7c]
V  [jvm.dll+0x219d3f]
V  [jvm.dll+0x1a55f6]
V  [jvm.dll+0x22a39a]
V  [jvm.dll+0x2284db]
V  [jvm.dll+0x7f4e28]
V  [jvm.dll+0x7ef2dc]
V  [jvm.dll+0x687687]
C  [ucrtbase.dll+0x37b0]
C  [KERNEL32.DLL+0x2e8d7]
C  [ntdll.dll+0x8c48c]


---------------  P R O C E S S  ---------------

Threads class SMR info:
_java_thread_list=0x00000230431f4850, length=73, elements={
0x000002300764dfa0, 0x0000023022688c70, 0x0000023022689740, 0x000002302269e5b0,
0x00000230226a70c0, 0x00000230226a7990, 0x00000230226a8260, 0x00000230226aae70,
0x00000230226ab830, 0x00000230226b4150, 0x00000230227b30b0, 0x00000230227b35c0,
0x00000230227b4f10, 0x00000230227b5930, 0x00000230227b3fe0, 0x00000230227b4a00,
0x00000230227b3ad0, 0x000002303d508fc0, 0x000002303d509ef0, 0x000002303d50a400,
0x000002303d507670, 0x000002303d508ab0, 0x000002303d5094d0, 0x000002303d507b80,
0x000002303d507160, 0x000002303d5085a0, 0x000002303d50cc80, 0x000002303d50e0c0,
0x000002303daaee10, 0x000002303daaf320, 0x000002303dab1180, 0x000002303dab0c70,
0x000002303daad9d0, 0x000002303dab1690, 0x000002303daadee0, 0x000002303d50a910,
0x0000023040666520, 0x0000023040665b00, 0x000002303d50b330, 0x000002303d50b840,
0x000002303d508090, 0x000002303dab3f10, 0x000002303dab2fe0, 0x000002303dab20b0,
0x000002303dab3a00, 0x000002303dab4420, 0x000002303dab4e40, 0x000002303dab4930,
0x000002303dab5350, 0x000002303fa48930, 0x000002303fa49860, 0x000002303fa4a280,
0x000002303fa4a790, 0x000002303fa4aca0, 0x000002303fa49350, 0x000002303fa4b1b0,
0x000002303fa4b6c0, 0x000002303fa48e40, 0x000002303fa47f10, 0x000002303fa4bbd0,
0x000002303fa48420, 0x000002303fa4d010, 0x000002303fa4cb00, 0x000002303fa4da30,
0x000002303fa4e960, 0x000002303fa4d520, 0x000002303fa4ee70, 0x000002303fa4f380,
0x000002303fa4f890, 0x000002303fa4c0e0, 0x000002303fa4c5f0, 0x00000230406655f0,
0x0000023040666a30
}

Java Threads: ( => current thread )
  0x000002300764dfa0 JavaThread "main" [_thread_blocked, id=36056, stack(0x000000aa45300000,0x000000aa45400000)]
  0x0000023022688c70 JavaThread "Reference Handler" daemon [_thread_blocked, id=32092, stack(0x000000aa45a00000,0x000000aa45b00000)]
  0x0000023022689740 JavaThread "Finalizer" daemon [_thread_blocked, id=36400, stack(0x000000aa45b00000,0x000000aa45c00000)]
  0x000002302269e5b0 JavaThread "Signal Dispatcher" daemon [_thread_blocked, id=20888, stack(0x000000aa45c00000,0x000000aa45d00000)]
  0x00000230226a70c0 JavaThread "Attach Listener" daemon [_thread_blocked, id=34416, stack(0x000000aa45d00000,0x000000aa45e00000)]
  0x00000230226a7990 JavaThread "Service Thread" daemon [_thread_blocked, id=34780, stack(0x000000aa45e00000,0x000000aa45f00000)]
  0x00000230226a8260 JavaThread "Monitor Deflation Thread" daemon [_thread_blocked, id=35572, stack(0x000000aa45f00000,0x000000aa46000000)]
=>0x00000230226aae70 JavaThread "C2 CompilerThread0" daemon [_thread_in_native, id=36592, stack(0x000000aa46000000,0x000000aa46100000)]
  0x00000230226ab830 JavaThread "C1 CompilerThread0" daemon [_thread_blocked, id=36588, stack(0x000000aa46100000,0x000000aa46200000)]
  0x00000230226b4150 JavaThread "Sweeper thread" daemon [_thread_blocked, id=36620, stack(0x000000aa46200000,0x000000aa46300000)]
  0x00000230227b30b0 JavaThread "Common-Cleaner" daemon [_thread_blocked, id=36632, stack(0x000000aa46300000,0x000000aa46400000)]
  0x00000230227b35c0 JavaThread "Notification Thread" daemon [_thread_blocked, id=36608, stack(0x000000aa46500000,0x000000aa46600000)]
  0x00000230227b4f10 JavaThread "Daemon health stats" [_thread_blocked, id=21472, stack(0x000000aa46700000,0x000000aa46800000)]
  0x00000230227b5930 JavaThread "Incoming local TCP Connector on port 63860" [_thread_in_native, id=35344, stack(0x000000aa46d00000,0x000000aa46e00000)]
  0x00000230227b3fe0 JavaThread "Daemon periodic checks" [_thread_blocked, id=36360, stack(0x000000aa46400000,0x000000aa46500000)]
  0x00000230227b4a00 JavaThread "Daemon" [_thread_blocked, id=35876, stack(0x000000aa46e00000,0x000000aa46f00000)]
  0x00000230227b3ad0 JavaThread "Daemon worker" [_thread_in_native, id=36112, stack(0x000000aa47100000,0x000000aa47200000)]
  0x000002303d508fc0 JavaThread "Cache worker for journal cache (C:\Users\HP\.gradle\caches\journal-1)" [_thread_blocked, id=36728, stack(0x000000aa47500000,0x000000aa47600000)]
  0x000002303d509ef0 JavaThread "File lock request listener" [_thread_in_native, id=36832, stack(0x000000aa47700000,0x000000aa47800000)]
  0x000002303d50a400 JavaThread "Cache worker for file hash cache (C:\Users\HP\.gradle\caches\8.9\fileHashes)" [_thread_blocked, id=36648, stack(0x000000aa47800000,0x000000aa47900000)]
  0x000002303d507670 JavaThread "File watcher server" daemon [_thread_in_native, id=35752, stack(0x000000aa48100000,0x000000aa48200000)]
  0x000002303d508ab0 JavaThread "File watcher consumer" daemon [_thread_blocked, id=36536, stack(0x000000aa48200000,0x000000aa48300000)]
  0x000002303d5094d0 JavaThread "jar transforms" [_thread_blocked, id=36564, stack(0x000000aa48300000,0x000000aa48400000)]
  0x000002303d507b80 JavaThread "jar transforms Thread 2" [_thread_blocked, id=34604, stack(0x000000aa48400000,0x000000aa48500000)]
  0x000002303d507160 JavaThread "jar transforms Thread 3" [_thread_blocked, id=36544, stack(0x000000aa48500000,0x000000aa48600000)]
  0x000002303d5085a0 JavaThread "Cache worker for file content cache (C:\Users\HP\.gradle\caches\8.9\fileContent)" [_thread_blocked, id=36456, stack(0x000000aa48800000,0x000000aa48900000)]
  0x000002303d50cc80 JavaThread "jar transforms Thread 4" [_thread_blocked, id=36404, stack(0x000000aa48b00000,0x000000aa48c00000)]
  0x000002303d50e0c0 JavaThread "jar transforms Thread 5" [_thread_blocked, id=35276, stack(0x000000aa48c00000,0x000000aa48d00000)]
  0x000002303daaee10 JavaThread "jar transforms Thread 6" [_thread_blocked, id=36320, stack(0x000000aa48d00000,0x000000aa48e00000)]
  0x000002303daaf320 JavaThread "jar transforms Thread 7" [_thread_blocked, id=35892, stack(0x000000aa48e00000,0x000000aa48f00000)]
  0x000002303dab1180 JavaThread "jar transforms Thread 8" [_thread_blocked, id=35528, stack(0x000000aa48f00000,0x000000aa49000000)]
  0x000002303dab0c70 JavaThread "jar transforms Thread 9" [_thread_blocked, id=35944, stack(0x000000aa49000000,0x000000aa49100000)]
  0x000002303daad9d0 JavaThread "jar transforms Thread 10" [_thread_blocked, id=35920, stack(0x000000aa49100000,0x000000aa49200000)]
  0x000002303dab1690 JavaThread "jar transforms Thread 11" [_thread_blocked, id=36708, stack(0x000000aa49200000,0x000000aa49300000)]
  0x000002303daadee0 JavaThread "jar transforms Thread 12" [_thread_blocked, id=36100, stack(0x000000aa49300000,0x000000aa49400000)]
  0x000002303d50a910 JavaThread "VFS cleanup" [_thread_blocked, id=15132, stack(0x000000aa47200000,0x000000aa47300000)]
  0x0000023040666520 JavaThread "Memory manager" [_thread_blocked, id=36024, stack(0x000000aa4b600000,0x000000aa4b700000)]
  0x0000023040665b00 JavaThread "included builds" [_thread_blocked, id=13856, stack(0x000000aa4ba00000,0x000000aa4bb00000)]
  0x000002303d50b330 JavaThread "included builds" [_thread_blocked, id=35756, stack(0x000000aa4bb00000,0x000000aa4bc00000)]
  0x000002303d50b840 JavaThread "included builds" [_thread_blocked, id=36808, stack(0x000000aa4b400000,0x000000aa4b500000)]
  0x000002303d508090 JavaThread "File lock release action executor" [_thread_blocked, id=21072, stack(0x000000aa45000000,0x000000aa45100000)]
  0x000002303dab3f10 JavaThread "Handler for socket connection from /127.0.0.1:63860 to /127.0.0.1:55500" [_thread_in_native, id=21704, stack(0x000000aa45100000,0x000000aa45200000)]
  0x000002303dab2fe0 JavaThread "Cancel handler" [_thread_blocked, id=32388, stack(0x000000aa45200000,0x000000aa45300000)]
  0x000002303dab20b0 JavaThread "Asynchronous log dispatcher for DefaultDaemonConnection: socket connection from /127.0.0.1:63860 to /127.0.0.1:55500" [_thread_blocked, id=34324, stack(0x000000aa46f00000,0x000000aa47000000)]
  0x000002303dab3a00 JavaThread "Stdin handler" [_thread_blocked, id=35640, stack(0x000000aa47000000,0x000000aa47100000)]
  0x000002303dab4420 JavaThread "Daemon client event forwarder" [_thread_blocked, id=19924, stack(0x000000aa47300000,0x000000aa47400000)]
  0x000002303dab4e40 JavaThread "Cache worker for file hash cache (D:\Parkitdemo\Updated-Sundukpay\node_modules\react-native-webview\android\.gradle\8.9\fileHashes)" [_thread_blocked, id=10272, stack(0x000000aa47400000,0x000000aa47500000)]
  0x000002303dab4930 JavaThread "Cache worker for Build Output Cleanup Cache (D:\Parkitdemo\Updated-Sundukpay\node_modules\react-native-webview\android\.gradle\buildOutputCleanup)" [_thread_blocked, id=35708, stack(0x000000aa47600000,0x000000aa47700000)]
  0x000002303dab5350 JavaThread "Cache worker for checksums cache (D:\Parkitdemo\Updated-Sundukpay\node_modules\react-native-webview\android\.gradle\8.9\checksums)" [_thread_blocked, id=26536, stack(0x000000aa47d00000,0x000000aa47e00000)]
  0x000002303fa48930 JavaThread "Cache worker for cache directory md-rule (C:\Users\HP\.gradle\caches\8.9\md-rule)" [_thread_blocked, id=35956, stack(0x000000aa47e00000,0x000000aa47f00000)]
  0x000002303fa49860 JavaThread "Cache worker for cache directory md-supplier (C:\Users\HP\.gradle\caches\8.9\md-supplier)" [_thread_blocked, id=4780, stack(0x000000aa48600000,0x000000aa48700000)]
  0x000002303fa4a280 JavaThread "Unconstrained build operations" [_thread_blocked, id=35764, stack(0x000000aa48700000,0x000000aa48800000)]
  0x000002303fa4a790 JavaThread "Unconstrained build operations Thread 2" [_thread_blocked, id=25040, stack(0x000000aa48900000,0x000000aa48a00000)]
  0x000002303fa4aca0 JavaThread "Unconstrained build operations Thread 3" [_thread_blocked, id=36704, stack(0x000000aa48a00000,0x000000aa48b00000)]
  0x000002303fa49350 JavaThread "Unconstrained build operations Thread 4" [_thread_blocked, id=36148, stack(0x000000aa49400000,0x000000aa49500000)]
  0x000002303fa4b1b0 JavaThread "Unconstrained build operations Thread 5" [_thread_blocked, id=36692, stack(0x000000aa49500000,0x000000aa49600000)]
  0x000002303fa4b6c0 JavaThread "Unconstrained build operations Thread 6" [_thread_blocked, id=31068, stack(0x000000aa49600000,0x000000aa49700000)]
  0x000002303fa48e40 JavaThread "Unconstrained build operations Thread 7" [_thread_blocked, id=36796, stack(0x000000aa49700000,0x000000aa49800000)]
  0x000002303fa47f10 JavaThread "Unconstrained build operations Thread 8" [_thread_blocked, id=30744, stack(0x000000aa49800000,0x000000aa49900000)]
  0x000002303fa4bbd0 JavaThread "Unconstrained build operations Thread 9" [_thread_blocked, id=1928, stack(0x000000aa49900000,0x000000aa49a00000)]
  0x000002303fa48420 JavaThread "Unconstrained build operations Thread 10" [_thread_blocked, id=32784, stack(0x000000aa49a00000,0x000000aa49b00000)]
  0x000002303fa4d010 JavaThread "Unconstrained build operations Thread 11" [_thread_blocked, id=8692, stack(0x000000aa49b00000,0x000000aa49c00000)]
  0x000002303fa4cb00 JavaThread "Unconstrained build operations Thread 12" [_thread_blocked, id=27108, stack(0x000000aa49c00000,0x000000aa49d00000)]
  0x000002303fa4da30 JavaThread "Unconstrained build operations Thread 13" [_thread_blocked, id=32808, stack(0x000000aa49d00000,0x000000aa49e00000)]
  0x000002303fa4e960 JavaThread "Unconstrained build operations Thread 14" [_thread_blocked, id=18428, stack(0x000000aa49f00000,0x000000aa4a000000)]
  0x000002303fa4d520 JavaThread "Unconstrained build operations Thread 15" [_thread_blocked, id=36748, stack(0x000000aa4a000000,0x000000aa4a100000)]
  0x000002303fa4ee70 JavaThread "Unconstrained build operations Thread 16" [_thread_blocked, id=35416, stack(0x000000aa4a100000,0x000000aa4a200000)]
  0x000002303fa4f380 JavaThread "Unconstrained build operations Thread 17" [_thread_blocked, id=35868, stack(0x000000aa4a200000,0x000000aa4a300000)]
  0x000002303fa4f890 JavaThread "Unconstrained build operations Thread 18" [_thread_blocked, id=36800, stack(0x000000aa4a300000,0x000000aa4a400000)]
  0x000002303fa4c0e0 JavaThread "Unconstrained build operations Thread 19" [_thread_blocked, id=33772, stack(0x000000aa4a400000,0x000000aa4a500000)]
  0x000002303fa4c5f0 JavaThread "Unconstrained build operations Thread 20" [_thread_blocked, id=36860, stack(0x000000aa4a500000,0x000000aa4a600000)]
  0x00000230406655f0 JavaThread "Unconstrained build operations Thread 21" [_thread_blocked, id=32348, stack(0x000000aa4a600000,0x000000aa4a700000)]
  0x0000023040666a30 JavaThread "Unconstrained build operations Thread 22" [_thread_blocked, id=36772, stack(0x000000aa4a700000,0x000000aa4a800000)]

Other Threads:
  0x0000023022684c80 VMThread "VM Thread" [stack: 0x000000aa45900000,0x000000aa45a00000] [id=35456]
  0x000002300764ed30 WatcherThread [stack: 0x000000aa46600000,0x000000aa46700000] [id=36624]
  0x000002300767cd80 GCTaskThread "GC Thread#0" [stack: 0x000000aa45400000,0x000000aa45500000] [id=32964]
  0x00000230229220f0 GCTaskThread "GC Thread#1" [stack: 0x000000aa46800000,0x000000aa46900000] [id=27084]
  0x0000023022920af0 GCTaskThread "GC Thread#2" [stack: 0x000000aa46900000,0x000000aa46a00000] [id=35768]
  0x0000023022921e30 GCTaskThread "GC Thread#3" [stack: 0x000000aa46a00000,0x000000aa46b00000] [id=30320]
  0x0000023022921070 GCTaskThread "GC Thread#4" [stack: 0x000000aa46b00000,0x000000aa46c00000] [id=26112]
  0x0000023022920db0 GCTaskThread "GC Thread#5" [stack: 0x000000aa46c00000,0x000000aa46d00000] [id=35772]
  0x000002303de8a560 GCTaskThread "GC Thread#6" [stack: 0x000000aa47900000,0x000000aa47a00000] [id=24252]
  0x000002303de8a2a0 GCTaskThread "GC Thread#7" [stack: 0x000000aa47a00000,0x000000aa47b00000] [id=16312]
  0x000002303de89fe0 GCTaskThread "GC Thread#8" [stack: 0x000000aa47b00000,0x000000aa47c00000] [id=36812]
  0x000002303de8a820 GCTaskThread "GC Thread#9" [stack: 0x000000aa47c00000,0x000000aa47d00000] [id=35472]
  0x0000023007681be0 ConcurrentGCThread "G1 Main Marker" [stack: 0x000000aa45500000,0x000000aa45600000] [id=36036]
  0x00000230076831e0 ConcurrentGCThread "G1 Conc#0" [stack: 0x000000aa45600000,0x000000aa45700000] [id=35500]
  0x000002303e286d80 ConcurrentGCThread "G1 Conc#1" [stack: 0x000000aa47f00000,0x000000aa48000000] [id=36532]
  0x000002303e286280 ConcurrentGCThread "G1 Conc#2" [stack: 0x000000aa48000000,0x000000aa48100000] [id=36816]
  0x00000230076fd600 ConcurrentGCThread "G1 Refine#0" [stack: 0x000000aa45700000,0x000000aa45800000] [id=35332]
  0x000002303fa8f340 ConcurrentGCThread "G1 Refine#1" [stack: 0x000000aa49e00000,0x000000aa49f00000] [id=28820]
  0x000002302253c1c0 ConcurrentGCThread "G1 Service" [stack: 0x000000aa45800000,0x000000aa45900000] [id=35832]

Threads with active compile tasks:
C2 CompilerThread0    73856 15772   !   4       org.gradle.api.internal.artifacts.ivyservice.resolveengine.artifact.VariantResolvingArtifactSet::select (153 bytes)

VM state: not at safepoint (normal execution)

VM Mutex/Monitor currently owned by a thread: None

Heap address: 0x00000000e0000000, size: 512 MB, Compressed Oops mode: 32-bit

CDS archive(s) mapped at: [0x0000023023000000-0x0000023023bb0000-0x0000023023bb0000), size 12255232, SharedBaseAddress: 0x0000023023000000, ArchiveRelocationMode: 1.
Compressed class space mapped at: 0x0000023024000000-0x0000023038000000, reserved size: 335544320
Narrow klass base: 0x0000023023000000, Narrow klass shift: 0, Narrow klass range: 0x100000000

GC Precious Log:
 CPUs: 12 total, 12 available
 Memory: 7835M
 Large Page Support: Disabled
 NUMA Support: Disabled
 Compressed Oops: Enabled (32-bit)
 Heap Region Size: 1M
 Heap Min Capacity: 256M
 Heap Initial Capacity: 256M
 Heap Max Capacity: 512M
 Pre-touch: Disabled
 Parallel Workers: 10
 Concurrent Workers: 3
 Concurrent Refinement Workers: 10
 Periodic GC: Disabled

Heap:
 garbage-first heap   total 319488K, used 217202K [0x00000000e0000000, 0x0000000100000000)
  region size 1024K, 39 young (39936K), 6 survivors (6144K)
 Metaspace       used 129361K, committed 130624K, reserved 458752K
  class space    used 17623K, committed 18240K, reserved 327680K

Heap Regions: E=young(eden), S=young(survivor), O=old, HS=humongous(starts), HC=humongous(continues), CS=collection set, F=free, OA=open archive, CA=closed archive, TAMS=top-at-mark-start (previous, next)
|   0|0x00000000e0000000, 0x00000000e0100000, 0x00000000e0100000|100%|HS|  |TAMS 0x00000000e0100000, 0x00000000e0000000| Complete 
|   1|0x00000000e0100000, 0x00000000e0200000, 0x00000000e0200000|100%|HC|  |TAMS 0x00000000e0200000, 0x00000000e0100000| Complete 
|   2|0x00000000e0200000, 0x00000000e0300000, 0x00000000e0300000|100%|HC|  |TAMS 0x00000000e0300000, 0x00000000e0200000| Complete 
|   3|0x00000000e0300000, 0x00000000e0400000, 0x00000000e0400000|100%|HC|  |TAMS 0x00000000e0400000, 0x00000000e0300000| Complete 
|   4|0x00000000e0400000, 0x00000000e0500000, 0x00000000e0500000|100%| O|  |TAMS 0x00000000e0500000, 0x00000000e0400000| Untracked 
|   5|0x00000000e0500000, 0x00000000e0600000, 0x00000000e0600000|100%| O|  |TAMS 0x00000000e0600000, 0x00000000e0500000| Untracked 
|   6|0x00000000e0600000, 0x00000000e0700000, 0x00000000e0700000|100%| O|  |TAMS 0x00000000e0700000, 0x00000000e0600000| Untracked 
|   7|0x00000000e0700000, 0x00000000e0800000, 0x00000000e0800000|100%| O|  |TAMS 0x00000000e0800000, 0x00000000e0700000| Untracked 
|   8|0x00000000e0800000, 0x00000000e0900000, 0x00000000e0900000|100%| O|  |TAMS 0x00000000e0900000, 0x00000000e0800000| Untracked 
|   9|0x00000000e0900000, 0x00000000e0a00000, 0x00000000e0a00000|100%| O|  |TAMS 0x00000000e0a00000, 0x00000000e0900000| Untracked 
|  10|0x00000000e0a00000, 0x00000000e0b00000, 0x00000000e0b00000|100%|HS|  |TAMS 0x00000000e0b00000, 0x00000000e0a00000| Complete 
|  11|0x00000000e0b00000, 0x00000000e0c00000, 0x00000000e0c00000|100%| O|  |TAMS 0x00000000e0c00000, 0x00000000e0b00000| Untracked 
|  12|0x00000000e0c00000, 0x00000000e0d00000, 0x00000000e0d00000|100%| O|  |TAMS 0x00000000e0d00000, 0x00000000e0c00000| Untracked 
|  13|0x00000000e0d00000, 0x00000000e0e00000, 0x00000000e0e00000|100%| O|  |TAMS 0x00000000e0e00000, 0x00000000e0d00000| Untracked 
|  14|0x00000000e0e00000, 0x00000000e0f00000, 0x00000000e0f00000|100%| O|  |TAMS 0x00000000e0f00000, 0x00000000e0e00000| Untracked 
|  15|0x00000000e0f00000, 0x00000000e1000000, 0x00000000e1000000|100%| O|  |TAMS 0x00000000e1000000, 0x00000000e0f00000| Untracked 
|  16|0x00000000e1000000, 0x00000000e1100000, 0x00000000e1100000|100%| O|  |TAMS 0x00000000e1100000, 0x00000000e1000000| Untracked 
|  17|0x00000000e1100000, 0x00000000e1200000, 0x00000000e1200000|100%| O|  |TAMS 0x00000000e1200000, 0x00000000e1100000| Untracked 
|  18|0x00000000e1200000, 0x00000000e1300000, 0x00000000e1300000|100%| O|  |TAMS 0x00000000e1300000, 0x00000000e1200000| Untracked 
|  19|0x00000000e1300000, 0x00000000e1400000, 0x00000000e1400000|100%| O|  |TAMS 0x00000000e1400000, 0x00000000e1300000| Untracked 
|  20|0x00000000e1400000, 0x00000000e1500000, 0x00000000e1500000|100%| O|  |TAMS 0x00000000e1500000, 0x00000000e1400000| Untracked 
|  21|0x00000000e1500000, 0x00000000e1600000, 0x00000000e1600000|100%| O|  |TAMS 0x00000000e1600000, 0x00000000e1500000| Untracked 
|  22|0x00000000e1600000, 0x00000000e1700000, 0x00000000e1700000|100%|HS|  |TAMS 0x00000000e1700000, 0x00000000e1600000| Complete 
|  23|0x00000000e1700000, 0x00000000e1800000, 0x00000000e1800000|100%|HC|  |TAMS 0x00000000e1800000, 0x00000000e1700000| Complete 
|  24|0x00000000e1800000, 0x00000000e1900000, 0x00000000e1900000|100%| O|  |TAMS 0x00000000e1900000, 0x00000000e1800000| Untracked 
|  25|0x00000000e1900000, 0x00000000e1a00000, 0x00000000e1a00000|100%| O|  |TAMS 0x00000000e1a00000, 0x00000000e1900000| Untracked 
|  26|0x00000000e1a00000, 0x00000000e1b00000, 0x00000000e1b00000|100%| O|  |TAMS 0x00000000e1b00000, 0x00000000e1a00000| Untracked 
|  27|0x00000000e1b00000, 0x00000000e1c00000, 0x00000000e1c00000|100%| O|  |TAMS 0x00000000e1c00000, 0x00000000e1b00000| Untracked 
|  28|0x00000000e1c00000, 0x00000000e1d00000, 0x00000000e1d00000|100%| O|  |TAMS 0x00000000e1d00000, 0x00000000e1c00000| Untracked 
|  29|0x00000000e1d00000, 0x00000000e1e00000, 0x00000000e1e00000|100%| O|  |TAMS 0x00000000e1e00000, 0x00000000e1d00000| Untracked 
|  30|0x00000000e1e00000, 0x00000000e1f00000, 0x00000000e1f00000|100%| O|  |TAMS 0x00000000e1f00000, 0x00000000e1e00000| Untracked 
|  31|0x00000000e1f00000, 0x00000000e2000000, 0x00000000e2000000|100%| O|  |TAMS 0x00000000e2000000, 0x00000000e1f00000| Untracked 
|  32|0x00000000e2000000, 0x00000000e2100000, 0x00000000e2100000|100%| O|  |TAMS 0x00000000e2100000, 0x00000000e2000000| Untracked 
|  33|0x00000000e2100000, 0x00000000e2200000, 0x00000000e2200000|100%| O|  |TAMS 0x00000000e2200000, 0x00000000e2100000| Untracked 
|  34|0x00000000e2200000, 0x00000000e2300000, 0x00000000e2300000|100%| O|  |TAMS 0x00000000e2300000, 0x00000000e2200000| Untracked 
|  35|0x00000000e2300000, 0x00000000e2400000, 0x00000000e2400000|100%| O|  |TAMS 0x00000000e2400000, 0x00000000e2300000| Untracked 
|  36|0x00000000e2400000, 0x00000000e2500000, 0x00000000e2500000|100%| O|  |TAMS 0x00000000e2500000, 0x00000000e2400000| Untracked 
|  37|0x00000000e2500000, 0x00000000e2600000, 0x00000000e2600000|100%| O|  |TAMS 0x00000000e2600000, 0x00000000e2500000| Untracked 
|  38|0x00000000e2600000, 0x00000000e2700000, 0x00000000e2700000|100%| O|  |TAMS 0x00000000e2700000, 0x00000000e2600000| Untracked 
|  39|0x00000000e2700000, 0x00000000e2800000, 0x00000000e2800000|100%| O|  |TAMS 0x00000000e2800000, 0x00000000e2700000| Untracked 
|  40|0x00000000e2800000, 0x00000000e2900000, 0x00000000e2900000|100%| O|  |TAMS 0x00000000e2900000, 0x00000000e2800000| Untracked 
|  41|0x00000000e2900000, 0x00000000e2a00000, 0x00000000e2a00000|100%| O|  |TAMS 0x00000000e2a00000, 0x00000000e2900000| Untracked 
|  42|0x00000000e2a00000, 0x00000000e2b00000, 0x00000000e2b00000|100%| O|  |TAMS 0x00000000e2b00000, 0x00000000e2a00000| Untracked 
|  43|0x00000000e2b00000, 0x00000000e2c00000, 0x00000000e2c00000|100%| O|  |TAMS 0x00000000e2c00000, 0x00000000e2b00000| Untracked 
|  44|0x00000000e2c00000, 0x00000000e2d00000, 0x00000000e2d00000|100%| O|  |TAMS 0x00000000e2d00000, 0x00000000e2c00000| Untracked 
|  45|0x00000000e2d00000, 0x00000000e2e00000, 0x00000000e2e00000|100%| O|  |TAMS 0x00000000e2e00000, 0x00000000e2d00000| Untracked 
|  46|0x00000000e2e00000, 0x00000000e2f00000, 0x00000000e2f00000|100%| O|  |TAMS 0x00000000e2f00000, 0x00000000e2e00000| Untracked 
|  47|0x00000000e2f00000, 0x00000000e3000000, 0x00000000e3000000|100%| O|  |TAMS 0x00000000e3000000, 0x00000000e2f00000| Untracked 
|  48|0x00000000e3000000, 0x00000000e3100000, 0x00000000e3100000|100%| O|  |TAMS 0x00000000e3100000, 0x00000000e3000000| Untracked 
|  49|0x00000000e3100000, 0x00000000e3200000, 0x00000000e3200000|100%| O|  |TAMS 0x00000000e3200000, 0x00000000e3100000| Untracked 
|  50|0x00000000e3200000, 0x00000000e3300000, 0x00000000e3300000|100%| O|  |TAMS 0x00000000e3300000, 0x00000000e3200000| Untracked 
|  51|0x00000000e3300000, 0x00000000e3400000, 0x00000000e3400000|100%| O|  |TAMS 0x00000000e3400000, 0x00000000e3300000| Untracked 
|  52|0x00000000e3400000, 0x00000000e3500000, 0x00000000e3500000|100%| O|  |TAMS 0x00000000e3500000, 0x00000000e3400000| Untracked 
|  53|0x00000000e3500000, 0x00000000e3600000, 0x00000000e3600000|100%|HS|  |TAMS 0x00000000e3600000, 0x00000000e3500000| Complete 
|  54|0x00000000e3600000, 0x00000000e3700000, 0x00000000e3700000|100%|HS|  |TAMS 0x00000000e3700000, 0x00000000e3600000| Complete 
|  55|0x00000000e3700000, 0x00000000e3800000, 0x00000000e3800000|100%|HS|  |TAMS 0x00000000e3800000, 0x00000000e3700000| Complete 
|  56|0x00000000e3800000, 0x00000000e3900000, 0x00000000e3900000|100%|HS|  |TAMS 0x00000000e3900000, 0x00000000e3800000| Complete 
|  57|0x00000000e3900000, 0x00000000e3a00000, 0x00000000e3a00000|100%|HS|  |TAMS 0x00000000e3a00000, 0x00000000e3900000| Complete 
|  58|0x00000000e3a00000, 0x00000000e3b00000, 0x00000000e3b00000|100%|HS|  |TAMS 0x00000000e3b00000, 0x00000000e3a00000| Complete 
|  59|0x00000000e3b00000, 0x00000000e3c00000, 0x00000000e3c00000|100%|HS|  |TAMS 0x00000000e3c00000, 0x00000000e3b00000| Complete 
|  60|0x00000000e3c00000, 0x00000000e3d00000, 0x00000000e3d00000|100%|HS|  |TAMS 0x00000000e3d00000, 0x00000000e3c00000| Complete 
|  61|0x00000000e3d00000, 0x00000000e3e00000, 0x00000000e3e00000|100%|HS|  |TAMS 0x00000000e3e00000, 0x00000000e3d00000| Complete 
|  62|0x00000000e3e00000, 0x00000000e3f00000, 0x00000000e3f00000|100%|HS|  |TAMS 0x00000000e3f00000, 0x00000000e3e00000| Complete 
|  63|0x00000000e3f00000, 0x00000000e4000000, 0x00000000e4000000|100%|HC|  |TAMS 0x00000000e4000000, 0x00000000e3f00000| Complete 
|  64|0x00000000e4000000, 0x00000000e4100000, 0x00000000e4100000|100%|HC|  |TAMS 0x00000000e4100000, 0x00000000e4000000| Complete 
|  65|0x00000000e4100000, 0x00000000e4200000, 0x00000000e4200000|100%| O|  |TAMS 0x00000000e4200000, 0x00000000e4100000| Untracked 
|  66|0x00000000e4200000, 0x00000000e4300000, 0x00000000e4300000|100%| O|  |TAMS 0x00000000e4300000, 0x00000000e4200000| Untracked 
|  67|0x00000000e4300000, 0x00000000e4400000, 0x00000000e4400000|100%| O|  |TAMS 0x00000000e4400000, 0x00000000e4300000| Untracked 
|  68|0x00000000e4400000, 0x00000000e4500000, 0x00000000e4500000|100%| O|  |TAMS 0x00000000e4500000, 0x00000000e4400000| Untracked 
|  69|0x00000000e4500000, 0x00000000e4600000, 0x00000000e4600000|100%| O|  |TAMS 0x00000000e4600000, 0x00000000e4500000| Untracked 
|  70|0x00000000e4600000, 0x00000000e4700000, 0x00000000e4700000|100%| O|  |TAMS 0x00000000e4700000, 0x00000000e4600000| Untracked 
|  71|0x00000000e4700000, 0x00000000e4800000, 0x00000000e4800000|100%| O|  |TAMS 0x00000000e4800000, 0x00000000e4700000| Untracked 
|  72|0x00000000e4800000, 0x00000000e4900000, 0x00000000e4900000|100%| O|  |TAMS 0x00000000e4900000, 0x00000000e4800000| Untracked 
|  73|0x00000000e4900000, 0x00000000e4a00000, 0x00000000e4a00000|100%| O|  |TAMS 0x00000000e4a00000, 0x00000000e4900000| Untracked 
|  74|0x00000000e4a00000, 0x00000000e4b00000, 0x00000000e4b00000|100%| O|  |TAMS 0x00000000e4b00000, 0x00000000e4a00000| Untracked 
|  75|0x00000000e4b00000, 0x00000000e4c00000, 0x00000000e4c00000|100%| O|  |TAMS 0x00000000e4b00000, 0x00000000e4b00000| Untracked 
|  76|0x00000000e4c00000, 0x00000000e4d00000, 0x00000000e4d00000|100%| O|  |TAMS 0x00000000e4d00000, 0x00000000e4c00000| Untracked 
|  77|0x00000000e4d00000, 0x00000000e4e00000, 0x00000000e4e00000|100%| O|  |TAMS 0x00000000e4e00000, 0x00000000e4d00000| Untracked 
|  78|0x00000000e4e00000, 0x00000000e4f00000, 0x00000000e4f00000|100%| O|  |TAMS 0x00000000e4f00000, 0x00000000e4e00000| Untracked 
|  79|0x00000000e4f00000, 0x00000000e5000000, 0x00000000e5000000|100%|HS|  |TAMS 0x00000000e5000000, 0x00000000e4f00000| Complete 
|  80|0x00000000e5000000, 0x00000000e5100000, 0x00000000e5100000|100%|HC|  |TAMS 0x00000000e5100000, 0x00000000e5000000| Complete 
|  81|0x00000000e5100000, 0x00000000e5200000, 0x00000000e5200000|100%|HS|  |TAMS 0x00000000e5200000, 0x00000000e5100000| Complete 
|  82|0x00000000e5200000, 0x00000000e5300000, 0x00000000e5300000|100%|HS|  |TAMS 0x00000000e5300000, 0x00000000e5200000| Complete 
|  83|0x00000000e5300000, 0x00000000e5400000, 0x00000000e5400000|100%| O|  |TAMS 0x00000000e5400000, 0x00000000e5300000| Untracked 
|  84|0x00000000e5400000, 0x00000000e5500000, 0x00000000e5500000|100%| O|  |TAMS 0x00000000e5500000, 0x00000000e5400000| Untracked 
|  85|0x00000000e5500000, 0x00000000e5600000, 0x00000000e5600000|100%| O|  |TAMS 0x00000000e5600000, 0x00000000e5500000| Untracked 
|  86|0x00000000e5600000, 0x00000000e5700000, 0x00000000e5700000|100%| O|  |TAMS 0x00000000e5700000, 0x00000000e5600000| Untracked 
|  87|0x00000000e5700000, 0x00000000e5800000, 0x00000000e5800000|100%| O|  |TAMS 0x00000000e5800000, 0x00000000e5700000| Untracked 
|  88|0x00000000e5800000, 0x00000000e5900000, 0x00000000e5900000|100%| O|  |TAMS 0x00000000e5800000, 0x00000000e5800000| Untracked 
|  89|0x00000000e5900000, 0x00000000e5a00000, 0x00000000e5a00000|100%| O|  |TAMS 0x00000000e5a00000, 0x00000000e5900000| Untracked 
|  90|0x00000000e5a00000, 0x00000000e5b00000, 0x00000000e5b00000|100%| O|  |TAMS 0x00000000e5b00000, 0x00000000e5a00000| Untracked 
|  91|0x00000000e5b00000, 0x00000000e5c00000, 0x00000000e5c00000|100%| O|  |TAMS 0x00000000e5b00000, 0x00000000e5b00000| Untracked 
|  92|0x00000000e5c00000, 0x00000000e5d00000, 0x00000000e5d00000|100%|HS|  |TAMS 0x00000000e5d00000, 0x00000000e5c00000| Complete 
|  93|0x00000000e5d00000, 0x00000000e5e00000, 0x00000000e5e00000|100%|HC|  |TAMS 0x00000000e5e00000, 0x00000000e5d00000| Complete 
|  94|0x00000000e5e00000, 0x00000000e5f00000, 0x00000000e5f00000|100%|HC|  |TAMS 0x00000000e5f00000, 0x00000000e5e00000| Complete 
|  95|0x00000000e5f00000, 0x00000000e6000000, 0x00000000e6000000|100%| O|  |TAMS 0x00000000e6000000, 0x00000000e5f00000| Untracked 
|  96|0x00000000e6000000, 0x00000000e6100000, 0x00000000e6100000|100%| O|  |TAMS 0x00000000e6100000, 0x00000000e6000000| Untracked 
|  97|0x00000000e6100000, 0x00000000e6200000, 0x00000000e6200000|100%| O|  |TAMS 0x00000000e6200000, 0x00000000e6100000| Untracked 
|  98|0x00000000e6200000, 0x00000000e6300000, 0x00000000e6300000|100%| O|  |TAMS 0x00000000e6300000, 0x00000000e6200000| Untracked 
|  99|0x00000000e6300000, 0x00000000e6400000, 0x00000000e6400000|100%| O|  |TAMS 0x00000000e6400000, 0x00000000e6300000| Untracked 
| 100|0x00000000e6400000, 0x00000000e6500000, 0x00000000e6500000|100%| O|  |TAMS 0x00000000e6500000, 0x00000000e6400000| Untracked 
| 101|0x00000000e6500000, 0x00000000e6600000, 0x00000000e6600000|100%| O|  |TAMS 0x00000000e6600000, 0x00000000e6500000| Untracked 
| 102|0x00000000e6600000, 0x00000000e6700000, 0x00000000e6700000|100%| O|  |TAMS 0x00000000e6600000, 0x00000000e6600000| Untracked 
| 103|0x00000000e6700000, 0x00000000e6800000, 0x00000000e6800000|100%| O|  |TAMS 0x00000000e6800000, 0x00000000e6700000| Untracked 
| 104|0x00000000e6800000, 0x00000000e6900000, 0x00000000e6900000|100%| O|  |TAMS 0x00000000e6900000, 0x00000000e6800000| Untracked 
| 105|0x00000000e6900000, 0x00000000e6a00000, 0x00000000e6a00000|100%| O|  |TAMS 0x00000000e6a00000, 0x00000000e6900000| Untracked 
| 106|0x00000000e6a00000, 0x00000000e6b00000, 0x00000000e6b00000|100%| O|  |TAMS 0x00000000e6b00000, 0x00000000e6a00000| Untracked 
| 107|0x00000000e6b00000, 0x00000000e6c00000, 0x00000000e6c00000|100%| O|  |TAMS 0x00000000e6c00000, 0x00000000e6b00000| Untracked 
| 108|0x00000000e6c00000, 0x00000000e6d00000, 0x00000000e6d00000|100%| O|  |TAMS 0x00000000e6d00000, 0x00000000e6c00000| Untracked 
| 109|0x00000000e6d00000, 0x00000000e6e00000, 0x00000000e6e00000|100%| O|  |TAMS 0x00000000e6e00000, 0x00000000e6d00000| Untracked 
| 110|0x00000000e6e00000, 0x00000000e6f00000, 0x00000000e6f00000|100%| O|  |TAMS 0x00000000e6f00000, 0x00000000e6e00000| Untracked 
| 111|0x00000000e6f00000, 0x00000000e7000000, 0x00000000e7000000|100%| O|  |TAMS 0x00000000e7000000, 0x00000000e6f00000| Untracked 
| 112|0x00000000e7000000, 0x00000000e7100000, 0x00000000e7100000|100%| O|  |TAMS 0x00000000e7100000, 0x00000000e7000000| Untracked 
| 113|0x00000000e7100000, 0x00000000e7200000, 0x00000000e7200000|100%| O|  |TAMS 0x00000000e7200000, 0x00000000e7100000| Untracked 
| 114|0x00000000e7200000, 0x00000000e7300000, 0x00000000e7300000|100%| O|  |TAMS 0x00000000e7200000, 0x00000000e7200000| Untracked 
| 115|0x00000000e7300000, 0x00000000e7400000, 0x00000000e7400000|100%| O|  |TAMS 0x00000000e7400000, 0x00000000e7300000| Untracked 
| 116|0x00000000e7400000, 0x00000000e7500000, 0x00000000e7500000|100%| O|  |TAMS 0x00000000e7500000, 0x00000000e7400000| Untracked 
| 117|0x00000000e7500000, 0x00000000e7600000, 0x00000000e7600000|100%| O|  |TAMS 0x00000000e7500000, 0x00000000e7500000| Untracked 
| 118|0x00000000e7600000, 0x00000000e7700000, 0x00000000e7700000|100%| O|  |TAMS 0x00000000e7600000, 0x00000000e7600000| Untracked 
| 119|0x00000000e7700000, 0x00000000e7800000, 0x00000000e7800000|100%| O|  |TAMS 0x00000000e7700000, 0x00000000e7700000| Untracked 
| 120|0x00000000e7800000, 0x00000000e7900000, 0x00000000e7900000|100%| O|  |TAMS 0x00000000e7900000, 0x00000000e7800000| Untracked 
| 121|0x00000000e7900000, 0x00000000e7a00000, 0x00000000e7a00000|100%| O|  |TAMS 0x00000000e7a00000, 0x00000000e7900000| Untracked 
| 122|0x00000000e7a00000, 0x00000000e7b00000, 0x00000000e7b00000|100%|HS|  |TAMS 0x00000000e7b00000, 0x00000000e7a00000| Complete 
| 123|0x00000000e7b00000, 0x00000000e7c00000, 0x00000000e7c00000|100%|HC|  |TAMS 0x00000000e7c00000, 0x00000000e7b00000| Complete 
| 124|0x00000000e7c00000, 0x00000000e7d00000, 0x00000000e7d00000|100%|HS|  |TAMS 0x00000000e7d00000, 0x00000000e7c00000| Complete 
| 125|0x00000000e7d00000, 0x00000000e7e00000, 0x00000000e7e00000|100%|HS|  |TAMS 0x00000000e7e00000, 0x00000000e7d00000| Complete 
| 126|0x00000000e7e00000, 0x00000000e7f00000, 0x00000000e7f00000|100%|HC|  |TAMS 0x00000000e7f00000, 0x00000000e7e00000| Complete 
| 127|0x00000000e7f00000, 0x00000000e8000000, 0x00000000e8000000|100%|HC|  |TAMS 0x00000000e8000000, 0x00000000e7f00000| Complete 
| 128|0x00000000e8000000, 0x00000000e8100000, 0x00000000e8100000|100%|HC|  |TAMS 0x00000000e8100000, 0x00000000e8000000| Complete 
| 129|0x00000000e8100000, 0x00000000e8200000, 0x00000000e8200000|100%|HS|  |TAMS 0x00000000e8200000, 0x00000000e8100000| Complete 
| 130|0x00000000e8200000, 0x00000000e8300000, 0x00000000e8300000|100%|HS|  |TAMS 0x00000000e8300000, 0x00000000e8200000| Complete 
| 131|0x00000000e8300000, 0x00000000e8400000, 0x00000000e8400000|100%|HS|  |TAMS 0x00000000e8400000, 0x00000000e8300000| Complete 
| 132|0x00000000e8400000, 0x00000000e8500000, 0x00000000e8500000|100%|HS|  |TAMS 0x00000000e8500000, 0x00000000e8400000| Complete 
| 133|0x00000000e8500000, 0x00000000e8600000, 0x00000000e8600000|100%| O|  |TAMS 0x00000000e8600000, 0x00000000e8500000| Untracked 
| 134|0x00000000e8600000, 0x00000000e8700000, 0x00000000e8700000|100%| O|  |TAMS 0x00000000e8700000, 0x00000000e8600000| Untracked 
| 135|0x00000000e8700000, 0x00000000e8800000, 0x00000000e8800000|100%| O|  |TAMS 0x00000000e8800000, 0x00000000e8700000| Untracked 
| 136|0x00000000e8800000, 0x00000000e8900000, 0x00000000e8900000|100%| O|  |TAMS 0x00000000e8900000, 0x00000000e8800000| Untracked 
| 137|0x00000000e8900000, 0x00000000e8a00000, 0x00000000e8a00000|100%| O|  |TAMS 0x00000000e8a00000, 0x00000000e8900000| Untracked 
| 138|0x00000000e8a00000, 0x00000000e8b00000, 0x00000000e8b00000|100%| O|  |TAMS 0x00000000e8b00000, 0x00000000e8a00000| Untracked 
| 139|0x00000000e8b00000, 0x00000000e8c00000, 0x00000000e8c00000|100%| O|  |TAMS 0x00000000e8c00000, 0x00000000e8b00000| Untracked 
| 140|0x00000000e8c00000, 0x00000000e8d00000, 0x00000000e8d00000|100%| O|  |TAMS 0x00000000e8d00000, 0x00000000e8c00000| Untracked 
| 141|0x00000000e8d00000, 0x00000000e8e00000, 0x00000000e8e00000|100%| O|  |TAMS 0x00000000e8e00000, 0x00000000e8d00000| Untracked 
| 142|0x00000000e8e00000, 0x00000000e8f00000, 0x00000000e8f00000|100%| O|  |TAMS 0x00000000e8f00000, 0x00000000e8e00000| Untracked 
| 143|0x00000000e8f00000, 0x00000000e9000000, 0x00000000e9000000|100%| O|  |TAMS 0x00000000e9000000, 0x00000000e8f00000| Untracked 
| 144|0x00000000e9000000, 0x00000000e9100000, 0x00000000e9100000|100%| O|  |TAMS 0x00000000e9100000, 0x00000000e9000000| Untracked 
| 145|0x00000000e9100000, 0x00000000e9200000, 0x00000000e9200000|100%| O|  |TAMS 0x00000000e9200000, 0x00000000e9100000| Untracked 
| 146|0x00000000e9200000, 0x00000000e9300000, 0x00000000e9300000|100%| O|  |TAMS 0x00000000e9300000, 0x00000000e9200000| Untracked 
| 147|0x00000000e9300000, 0x00000000e9400000, 0x00000000e9400000|100%| O|  |TAMS 0x00000000e9400000, 0x00000000e9300000| Untracked 
| 148|0x00000000e9400000, 0x00000000e9500000, 0x00000000e9500000|100%| O|  |TAMS 0x00000000e9500000, 0x00000000e9400000| Untracked 
| 149|0x00000000e9500000, 0x00000000e9600000, 0x00000000e9600000|100%| O|  |TAMS 0x00000000e9600000, 0x00000000e9500000| Untracked 
| 150|0x00000000e9600000, 0x00000000e9700000, 0x00000000e9700000|100%| O|  |TAMS 0x00000000e9700000, 0x00000000e9600000| Untracked 
| 151|0x00000000e9700000, 0x00000000e9800000, 0x00000000e9800000|100%| O|  |TAMS 0x00000000e9800000, 0x00000000e9700000| Untracked 
| 152|0x00000000e9800000, 0x00000000e9900000, 0x00000000e9900000|100%| O|  |TAMS 0x00000000e9900000, 0x00000000e9800000| Untracked 
| 153|0x00000000e9900000, 0x00000000e9a00000, 0x00000000e9a00000|100%| O|  |TAMS 0x00000000e99d5000, 0x00000000e9900000| Untracked 
| 154|0x00000000e9a00000, 0x00000000e9b00000, 0x00000000e9b00000|100%| O|  |TAMS 0x00000000e9a00000, 0x00000000e9a00000| Untracked 
| 155|0x00000000e9b00000, 0x00000000e9c00000, 0x00000000e9c00000|100%| O|  |TAMS 0x00000000e9b00000, 0x00000000e9b00000| Untracked 
| 156|0x00000000e9c00000, 0x00000000e9d00000, 0x00000000e9d00000|100%| O|  |TAMS 0x00000000e9c00000, 0x00000000e9c00000| Untracked 
| 157|0x00000000e9d00000, 0x00000000e9e00000, 0x00000000e9e00000|100%| O|  |TAMS 0x00000000e9d00000, 0x00000000e9d00000| Untracked 
| 158|0x00000000e9e00000, 0x00000000e9f00000, 0x00000000e9f00000|100%| O|  |TAMS 0x00000000e9e00000, 0x00000000e9e00000| Untracked 
| 159|0x00000000e9f00000, 0x00000000ea000000, 0x00000000ea000000|100%| O|  |TAMS 0x00000000e9f00000, 0x00000000e9f00000| Untracked 
| 160|0x00000000ea000000, 0x00000000ea100000, 0x00000000ea100000|100%| O|  |TAMS 0x00000000ea000000, 0x00000000ea000000| Untracked 
| 161|0x00000000ea100000, 0x00000000ea200000, 0x00000000ea200000|100%| O|  |TAMS 0x00000000ea100000, 0x00000000ea100000| Untracked 
| 162|0x00000000ea200000, 0x00000000ea300000, 0x00000000ea300000|100%| O|  |TAMS 0x00000000ea200000, 0x00000000ea200000| Untracked 
| 163|0x00000000ea300000, 0x00000000ea400000, 0x00000000ea400000|100%| O|  |TAMS 0x00000000ea300000, 0x00000000ea300000| Untracked 
| 164|0x00000000ea400000, 0x00000000ea500000, 0x00000000ea500000|100%| O|  |TAMS 0x00000000ea400000, 0x00000000ea400000| Untracked 
| 165|0x00000000ea500000, 0x00000000ea500000, 0x00000000ea600000|  0%| F|  |TAMS 0x00000000ea500000, 0x00000000ea500000| Untracked 
| 166|0x00000000ea600000, 0x00000000ea700000, 0x00000000ea700000|100%| O|  |TAMS 0x00000000ea600000, 0x00000000ea600000| Untracked 
| 167|0x00000000ea700000, 0x00000000ea800000, 0x00000000ea800000|100%| O|  |TAMS 0x00000000ea700000, 0x00000000ea700000| Untracked 
| 168|0x00000000ea800000, 0x00000000ea900000, 0x00000000ea900000|100%| O|  |TAMS 0x00000000ea800000, 0x00000000ea800000| Untracked 
| 169|0x00000000ea900000, 0x00000000eaa00000, 0x00000000eaa00000|100%| O|  |TAMS 0x00000000ea900000, 0x00000000ea900000| Untracked 
| 170|0x00000000eaa00000, 0x00000000eab00000, 0x00000000eab00000|100%| O|  |TAMS 0x00000000eaa00000, 0x00000000eaa00000| Untracked 
| 171|0x00000000eab00000, 0x00000000eac00000, 0x00000000eac00000|100%| O|  |TAMS 0x00000000eab00000, 0x00000000eab00000| Untracked 
| 172|0x00000000eac00000, 0x00000000ead00000, 0x00000000ead00000|100%| O|  |TAMS 0x00000000eac00000, 0x00000000eac00000| Untracked 
| 173|0x00000000ead00000, 0x00000000eae00000, 0x00000000eae00000|100%| O|  |TAMS 0x00000000ead00000, 0x00000000ead00000| Untracked 
| 174|0x00000000eae00000, 0x00000000eaf00000, 0x00000000eaf00000|100%| O|  |TAMS 0x00000000eae00000, 0x00000000eae00000| Untracked 
| 175|0x00000000eaf00000, 0x00000000eafdf600, 0x00000000eb000000| 87%| O|  |TAMS 0x00000000eaf00000, 0x00000000eaf00000| Untracked 
| 176|0x00000000eb000000, 0x00000000eb000000, 0x00000000eb100000|  0%| F|  |TAMS 0x00000000eb000000, 0x00000000eb000000| Untracked 
| 177|0x00000000eb100000, 0x00000000eb100000, 0x00000000eb200000|  0%| F|  |TAMS 0x00000000eb100000, 0x00000000eb100000| Untracked 
| 178|0x00000000eb200000, 0x00000000eb200000, 0x00000000eb300000|  0%| F|  |TAMS 0x00000000eb200000, 0x00000000eb200000| Untracked 
| 179|0x00000000eb300000, 0x00000000eb300000, 0x00000000eb400000|  0%| F|  |TAMS 0x00000000eb300000, 0x00000000eb300000| Untracked 
| 180|0x00000000eb400000, 0x00000000eb400000, 0x00000000eb500000|  0%| F|  |TAMS 0x00000000eb400000, 0x00000000eb400000| Untracked 
| 181|0x00000000eb500000, 0x00000000eb500000, 0x00000000eb600000|  0%| F|  |TAMS 0x00000000eb500000, 0x00000000eb500000| Untracked 
| 182|0x00000000eb600000, 0x00000000eb600000, 0x00000000eb700000|  0%| F|  |TAMS 0x00000000eb600000, 0x00000000eb600000| Untracked 
| 183|0x00000000eb700000, 0x00000000eb700000, 0x00000000eb800000|  0%| F|  |TAMS 0x00000000eb700000, 0x00000000eb700000| Untracked 
| 184|0x00000000eb800000, 0x00000000eb800000, 0x00000000eb900000|  0%| F|  |TAMS 0x00000000eb800000, 0x00000000eb800000| Untracked 
| 185|0x00000000eb900000, 0x00000000eb900000, 0x00000000eba00000|  0%| F|  |TAMS 0x00000000eb900000, 0x00000000eb900000| Untracked 
| 186|0x00000000eba00000, 0x00000000eba00000, 0x00000000ebb00000|  0%| F|  |TAMS 0x00000000eba00000, 0x00000000eba00000| Untracked 
| 187|0x00000000ebb00000, 0x00000000ebb00000, 0x00000000ebc00000|  0%| F|  |TAMS 0x00000000ebb00000, 0x00000000ebb00000| Untracked 
| 188|0x00000000ebc00000, 0x00000000ebc00000, 0x00000000ebd00000|  0%| F|  |TAMS 0x00000000ebc00000, 0x00000000ebc00000| Untracked 
| 189|0x00000000ebd00000, 0x00000000ebd00000, 0x00000000ebe00000|  0%| F|  |TAMS 0x00000000ebd00000, 0x00000000ebd00000| Untracked 
| 190|0x00000000ebe00000, 0x00000000ebe00000, 0x00000000ebf00000|  0%| F|  |TAMS 0x00000000ebe00000, 0x00000000ebe00000| Untracked 
| 191|0x00000000ebf00000, 0x00000000ebf00000, 0x00000000ec000000|  0%| F|  |TAMS 0x00000000ebf00000, 0x00000000ebf00000| Untracked 
| 192|0x00000000ec000000, 0x00000000ec000000, 0x00000000ec100000|  0%| F|  |TAMS 0x00000000ec000000, 0x00000000ec000000| Untracked 
| 193|0x00000000ec100000, 0x00000000ec100000, 0x00000000ec200000|  0%| F|  |TAMS 0x00000000ec100000, 0x00000000ec100000| Untracked 
| 194|0x00000000ec200000, 0x00000000ec200000, 0x00000000ec300000|  0%| F|  |TAMS 0x00000000ec200000, 0x00000000ec200000| Untracked 
| 195|0x00000000ec300000, 0x00000000ec300000, 0x00000000ec400000|  0%| F|  |TAMS 0x00000000ec300000, 0x00000000ec300000| Untracked 
| 196|0x00000000ec400000, 0x00000000ec400000, 0x00000000ec500000|  0%| F|  |TAMS 0x00000000ec400000, 0x00000000ec400000| Untracked 
| 197|0x00000000ec500000, 0x00000000ec500000, 0x00000000ec600000|  0%| F|  |TAMS 0x00000000ec500000, 0x00000000ec500000| Untracked 
| 198|0x00000000ec600000, 0x00000000ec600000, 0x00000000ec700000|  0%| F|  |TAMS 0x00000000ec600000, 0x00000000ec600000| Untracked 
| 199|0x00000000ec700000, 0x00000000ec700000, 0x00000000ec800000|  0%| F|  |TAMS 0x00000000ec700000, 0x00000000ec700000| Untracked 
| 200|0x00000000ec800000, 0x00000000ec800000, 0x00000000ec900000|  0%| F|  |TAMS 0x00000000ec800000, 0x00000000ec800000| Untracked 
| 201|0x00000000ec900000, 0x00000000ec900000, 0x00000000eca00000|  0%| F|  |TAMS 0x00000000ec900000, 0x00000000ec900000| Untracked 
| 202|0x00000000eca00000, 0x00000000eca00000, 0x00000000ecb00000|  0%| F|  |TAMS 0x00000000eca00000, 0x00000000eca00000| Untracked 
| 203|0x00000000ecb00000, 0x00000000ecb00000, 0x00000000ecc00000|  0%| F|  |TAMS 0x00000000ecb00000, 0x00000000ecb00000| Untracked 
| 204|0x00000000ecc00000, 0x00000000ecc00000, 0x00000000ecd00000|  0%| F|  |TAMS 0x00000000ecc00000, 0x00000000ecc00000| Untracked 
| 205|0x00000000ecd00000, 0x00000000ecd00000, 0x00000000ece00000|  0%| F|  |TAMS 0x00000000ecd00000, 0x00000000ecd00000| Untracked 
| 206|0x00000000ece00000, 0x00000000ece00000, 0x00000000ecf00000|  0%| F|  |TAMS 0x00000000ece00000, 0x00000000ece00000| Untracked 
| 207|0x00000000ecf00000, 0x00000000ecf00000, 0x00000000ed000000|  0%| F|  |TAMS 0x00000000ecf00000, 0x00000000ecf00000| Untracked 
| 208|0x00000000ed000000, 0x00000000ed000000, 0x00000000ed100000|  0%| F|  |TAMS 0x00000000ed000000, 0x00000000ed000000| Untracked 
| 209|0x00000000ed100000, 0x00000000ed100000, 0x00000000ed200000|  0%| F|  |TAMS 0x00000000ed100000, 0x00000000ed100000| Untracked 
| 210|0x00000000ed200000, 0x00000000ed200000, 0x00000000ed300000|  0%| F|  |TAMS 0x00000000ed200000, 0x00000000ed200000| Untracked 
| 211|0x00000000ed300000, 0x00000000ed300000, 0x00000000ed400000|  0%| F|  |TAMS 0x00000000ed300000, 0x00000000ed300000| Untracked 
| 212|0x00000000ed400000, 0x00000000ed400000, 0x00000000ed500000|  0%| F|  |TAMS 0x00000000ed400000, 0x00000000ed400000| Untracked 
| 213|0x00000000ed500000, 0x00000000ed500000, 0x00000000ed600000|  0%| F|  |TAMS 0x00000000ed500000, 0x00000000ed500000| Untracked 
| 214|0x00000000ed600000, 0x00000000ed600000, 0x00000000ed700000|  0%| F|  |TAMS 0x00000000ed600000, 0x00000000ed600000| Untracked 
| 215|0x00000000ed700000, 0x00000000ed700000, 0x00000000ed800000|  0%| F|  |TAMS 0x00000000ed700000, 0x00000000ed700000| Untracked 
| 216|0x00000000ed800000, 0x00000000ed800000, 0x00000000ed900000|  0%| F|  |TAMS 0x00000000ed800000, 0x00000000ed800000| Untracked 
| 217|0x00000000ed900000, 0x00000000ed900000, 0x00000000eda00000|  0%| F|  |TAMS 0x00000000ed900000, 0x00000000ed900000| Untracked 
| 218|0x00000000eda00000, 0x00000000eda00000, 0x00000000edb00000|  0%| F|  |TAMS 0x00000000eda00000, 0x00000000eda00000| Untracked 
| 219|0x00000000edb00000, 0x00000000edb00000, 0x00000000edc00000|  0%| F|  |TAMS 0x00000000edb00000, 0x00000000edb00000| Untracked 
| 220|0x00000000edc00000, 0x00000000edc00000, 0x00000000edd00000|  0%| F|  |TAMS 0x00000000edc00000, 0x00000000edc00000| Untracked 
| 221|0x00000000edd00000, 0x00000000edd3d4c8, 0x00000000ede00000| 23%| S|CS|TAMS 0x00000000edd00000, 0x00000000edd00000| Complete 
| 222|0x00000000ede00000, 0x00000000edf00000, 0x00000000edf00000|100%| S|CS|TAMS 0x00000000ede00000, 0x00000000ede00000| Complete 
| 223|0x00000000edf00000, 0x00000000ee000000, 0x00000000ee000000|100%| S|CS|TAMS 0x00000000edf00000, 0x00000000edf00000| Complete 
| 224|0x00000000ee000000, 0x00000000ee100000, 0x00000000ee100000|100%| S|CS|TAMS 0x00000000ee000000, 0x00000000ee000000| Complete 
| 225|0x00000000ee100000, 0x00000000ee200000, 0x00000000ee200000|100%| S|CS|TAMS 0x00000000ee100000, 0x00000000ee100000| Complete 
| 226|0x00000000ee200000, 0x00000000ee300000, 0x00000000ee300000|100%| S|CS|TAMS 0x00000000ee200000, 0x00000000ee200000| Complete 
| 227|0x00000000ee300000, 0x00000000ee300000, 0x00000000ee400000|  0%| F|  |TAMS 0x00000000ee300000, 0x00000000ee300000| Untracked 
| 228|0x00000000ee400000, 0x00000000ee400000, 0x00000000ee500000|  0%| F|  |TAMS 0x00000000ee400000, 0x00000000ee400000| Untracked 
| 229|0x00000000ee500000, 0x00000000ee500000, 0x00000000ee600000|  0%| F|  |TAMS 0x00000000ee500000, 0x00000000ee500000| Untracked 
| 230|0x00000000ee600000, 0x00000000ee600000, 0x00000000ee700000|  0%| F|  |TAMS 0x00000000ee600000, 0x00000000ee600000| Untracked 
| 231|0x00000000ee700000, 0x00000000ee700000, 0x00000000ee800000|  0%| F|  |TAMS 0x00000000ee700000, 0x00000000ee700000| Untracked 
| 232|0x00000000ee800000, 0x00000000ee800000, 0x00000000ee900000|  0%| F|  |TAMS 0x00000000ee800000, 0x00000000ee800000| Untracked 
| 233|0x00000000ee900000, 0x00000000ee900000, 0x00000000eea00000|  0%| F|  |TAMS 0x00000000ee900000, 0x00000000ee900000| Untracked 
| 234|0x00000000eea00000, 0x00000000eea00000, 0x00000000eeb00000|  0%| F|  |TAMS 0x00000000eea00000, 0x00000000eea00000| Untracked 
| 235|0x00000000eeb00000, 0x00000000eeb00000, 0x00000000eec00000|  0%| F|  |TAMS 0x00000000eeb00000, 0x00000000eeb00000| Untracked 
| 236|0x00000000eec00000, 0x00000000eec00000, 0x00000000eed00000|  0%| F|  |TAMS 0x00000000eec00000, 0x00000000eec00000| Untracked 
| 237|0x00000000eed00000, 0x00000000eed00000, 0x00000000eee00000|  0%| F|  |TAMS 0x00000000eed00000, 0x00000000eed00000| Untracked 
| 238|0x00000000eee00000, 0x00000000eee00000, 0x00000000eef00000|  0%| F|  |TAMS 0x00000000eee00000, 0x00000000eee00000| Untracked 
| 239|0x00000000eef00000, 0x00000000eef00000, 0x00000000ef000000|  0%| F|  |TAMS 0x00000000eef00000, 0x00000000eef00000| Untracked 
| 240|0x00000000ef000000, 0x00000000ef000000, 0x00000000ef100000|  0%| F|  |TAMS 0x00000000ef000000, 0x00000000ef000000| Untracked 
| 241|0x00000000ef100000, 0x00000000ef100000, 0x00000000ef200000|  0%| F|  |TAMS 0x00000000ef100000, 0x00000000ef100000| Untracked 
| 242|0x00000000ef200000, 0x00000000ef200000, 0x00000000ef300000|  0%| F|  |TAMS 0x00000000ef200000, 0x00000000ef200000| Untracked 
| 243|0x00000000ef300000, 0x00000000ef300000, 0x00000000ef400000|  0%| F|  |TAMS 0x00000000ef300000, 0x00000000ef300000| Untracked 
| 244|0x00000000ef400000, 0x00000000ef400000, 0x00000000ef500000|  0%| F|  |TAMS 0x00000000ef400000, 0x00000000ef400000| Untracked 
| 245|0x00000000ef500000, 0x00000000ef500000, 0x00000000ef600000|  0%| F|  |TAMS 0x00000000ef500000, 0x00000000ef500000| Untracked 
| 246|0x00000000ef600000, 0x00000000ef600000, 0x00000000ef700000|  0%| F|  |TAMS 0x00000000ef600000, 0x00000000ef600000| Untracked 
| 247|0x00000000ef700000, 0x00000000ef700000, 0x00000000ef800000|  0%| F|  |TAMS 0x00000000ef700000, 0x00000000ef700000| Untracked 
| 248|0x00000000ef800000, 0x00000000ef800000, 0x00000000ef900000|  0%| F|  |TAMS 0x00000000ef800000, 0x00000000ef800000| Untracked 
| 249|0x00000000ef900000, 0x00000000ef900000, 0x00000000efa00000|  0%| F|  |TAMS 0x00000000ef900000, 0x00000000ef900000| Untracked 
| 250|0x00000000efa00000, 0x00000000efa00000, 0x00000000efb00000|  0%| F|  |TAMS 0x00000000efa00000, 0x00000000efa00000| Untracked 
| 251|0x00000000efb00000, 0x00000000efb00000, 0x00000000efc00000|  0%| F|  |TAMS 0x00000000efb00000, 0x00000000efb00000| Untracked 
| 252|0x00000000efc00000, 0x00000000efc00000, 0x00000000efd00000|  0%| F|  |TAMS 0x00000000efc00000, 0x00000000efc00000| Untracked 
| 253|0x00000000efd00000, 0x00000000efd00000, 0x00000000efe00000|  0%| F|  |TAMS 0x00000000efd00000, 0x00000000efd00000| Untracked 
| 254|0x00000000efe00000, 0x00000000efe00000, 0x00000000eff00000|  0%| F|  |TAMS 0x00000000efe00000, 0x00000000efe00000| Untracked 
| 255|0x00000000eff00000, 0x00000000eff00000, 0x00000000f0000000|  0%| F|  |TAMS 0x00000000eff00000, 0x00000000eff00000| Untracked 
| 256|0x00000000f0000000, 0x00000000f0000000, 0x00000000f0100000|  0%| F|  |TAMS 0x00000000f0000000, 0x00000000f0000000| Untracked 
| 257|0x00000000f0100000, 0x00000000f0100000, 0x00000000f0200000|  0%| F|  |TAMS 0x00000000f0100000, 0x00000000f0100000| Untracked 
| 258|0x00000000f0200000, 0x00000000f0200000, 0x00000000f0300000|  0%| F|  |TAMS 0x00000000f0200000, 0x00000000f0200000| Untracked 
| 259|0x00000000f0300000, 0x00000000f0300000, 0x00000000f0400000|  0%| F|  |TAMS 0x00000000f0300000, 0x00000000f0300000| Untracked 
| 260|0x00000000f0400000, 0x00000000f0400000, 0x00000000f0500000|  0%| F|  |TAMS 0x00000000f0400000, 0x00000000f0400000| Untracked 
| 261|0x00000000f0500000, 0x00000000f0500000, 0x00000000f0600000|  0%| F|  |TAMS 0x00000000f0500000, 0x00000000f0500000| Untracked 
| 262|0x00000000f0600000, 0x00000000f0600000, 0x00000000f0700000|  0%| F|  |TAMS 0x00000000f0600000, 0x00000000f0600000| Untracked 
| 263|0x00000000f0700000, 0x00000000f0700000, 0x00000000f0800000|  0%| F|  |TAMS 0x00000000f0700000, 0x00000000f0700000| Untracked 
| 264|0x00000000f0800000, 0x00000000f0800000, 0x00000000f0900000|  0%| F|  |TAMS 0x00000000f0800000, 0x00000000f0800000| Untracked 
| 265|0x00000000f0900000, 0x00000000f0900000, 0x00000000f0a00000|  0%| F|  |TAMS 0x00000000f0900000, 0x00000000f0900000| Untracked 
| 266|0x00000000f0a00000, 0x00000000f0a00000, 0x00000000f0b00000|  0%| F|  |TAMS 0x00000000f0a00000, 0x00000000f0a00000| Untracked 
| 267|0x00000000f0b00000, 0x00000000f0b00000, 0x00000000f0c00000|  0%| F|  |TAMS 0x00000000f0b00000, 0x00000000f0b00000| Untracked 
| 268|0x00000000f0c00000, 0x00000000f0c00000, 0x00000000f0d00000|  0%| F|  |TAMS 0x00000000f0c00000, 0x00000000f0c00000| Untracked 
| 269|0x00000000f0d00000, 0x00000000f0d00000, 0x00000000f0e00000|  0%| F|  |TAMS 0x00000000f0d00000, 0x00000000f0d00000| Untracked 
| 270|0x00000000f0e00000, 0x00000000f0e00000, 0x00000000f0f00000|  0%| F|  |TAMS 0x00000000f0e00000, 0x00000000f0e00000| Untracked 
| 271|0x00000000f0f00000, 0x00000000f0f00000, 0x00000000f1000000|  0%| F|  |TAMS 0x00000000f0f00000, 0x00000000f0f00000| Untracked 
| 272|0x00000000f1000000, 0x00000000f1000000, 0x00000000f1100000|  0%| F|  |TAMS 0x00000000f1000000, 0x00000000f1000000| Untracked 
| 273|0x00000000f1100000, 0x00000000f1100000, 0x00000000f1200000|  0%| F|  |TAMS 0x00000000f1100000, 0x00000000f1100000| Untracked 
| 274|0x00000000f1200000, 0x00000000f1200000, 0x00000000f1300000|  0%| F|  |TAMS 0x00000000f1200000, 0x00000000f1200000| Untracked 
| 275|0x00000000f1300000, 0x00000000f1300000, 0x00000000f1400000|  0%| F|  |TAMS 0x00000000f1300000, 0x00000000f1300000| Untracked 
| 276|0x00000000f1400000, 0x00000000f1400000, 0x00000000f1500000|  0%| F|  |TAMS 0x00000000f1400000, 0x00000000f1400000| Untracked 
| 277|0x00000000f1500000, 0x00000000f1500000, 0x00000000f1600000|  0%| F|  |TAMS 0x00000000f1500000, 0x00000000f1500000| Untracked 
| 278|0x00000000f1600000, 0x00000000f1680000, 0x00000000f1700000| 50%| E|  |TAMS 0x00000000f1600000, 0x00000000f1600000| Complete 
| 279|0x00000000f1700000, 0x00000000f1800000, 0x00000000f1800000|100%| E|CS|TAMS 0x00000000f1700000, 0x00000000f1700000| Complete 
| 280|0x00000000f1800000, 0x00000000f1900000, 0x00000000f1900000|100%| E|CS|TAMS 0x00000000f1800000, 0x00000000f1800000| Complete 
| 281|0x00000000f1900000, 0x00000000f1a00000, 0x00000000f1a00000|100%| E|CS|TAMS 0x00000000f1900000, 0x00000000f1900000| Complete 
| 282|0x00000000f1a00000, 0x00000000f1b00000, 0x00000000f1b00000|100%| E|CS|TAMS 0x00000000f1a00000, 0x00000000f1a00000| Complete 
| 283|0x00000000f1b00000, 0x00000000f1c00000, 0x00000000f1c00000|100%| E|CS|TAMS 0x00000000f1b00000, 0x00000000f1b00000| Complete 
| 284|0x00000000f1c00000, 0x00000000f1d00000, 0x00000000f1d00000|100%| E|CS|TAMS 0x00000000f1c00000, 0x00000000f1c00000| Complete 
| 285|0x00000000f1d00000, 0x00000000f1e00000, 0x00000000f1e00000|100%| E|CS|TAMS 0x00000000f1d00000, 0x00000000f1d00000| Complete 
| 286|0x00000000f1e00000, 0x00000000f1f00000, 0x00000000f1f00000|100%| E|CS|TAMS 0x00000000f1e00000, 0x00000000f1e00000| Complete 
| 287|0x00000000f1f00000, 0x00000000f2000000, 0x00000000f2000000|100%| E|CS|TAMS 0x00000000f1f00000, 0x00000000f1f00000| Complete 
| 288|0x00000000f2000000, 0x00000000f2100000, 0x00000000f2100000|100%| E|CS|TAMS 0x00000000f2000000, 0x00000000f2000000| Complete 
| 289|0x00000000f2100000, 0x00000000f2200000, 0x00000000f2200000|100%| E|CS|TAMS 0x00000000f2100000, 0x00000000f2100000| Complete 
| 290|0x00000000f2200000, 0x00000000f2300000, 0x00000000f2300000|100%| E|CS|TAMS 0x00000000f2200000, 0x00000000f2200000| Complete 
| 291|0x00000000f2300000, 0x00000000f2400000, 0x00000000f2400000|100%| E|CS|TAMS 0x00000000f2300000, 0x00000000f2300000| Complete 
| 292|0x00000000f2400000, 0x00000000f2500000, 0x00000000f2500000|100%| E|CS|TAMS 0x00000000f2400000, 0x00000000f2400000| Complete 
| 293|0x00000000f2500000, 0x00000000f2600000, 0x00000000f2600000|100%| E|CS|TAMS 0x00000000f2500000, 0x00000000f2500000| Complete 
| 294|0x00000000f2600000, 0x00000000f2700000, 0x00000000f2700000|100%| E|CS|TAMS 0x00000000f2600000, 0x00000000f2600000| Complete 
| 295|0x00000000f2700000, 0x00000000f2800000, 0x00000000f2800000|100%| E|CS|TAMS 0x00000000f2700000, 0x00000000f2700000| Complete 
| 296|0x00000000f2800000, 0x00000000f2900000, 0x00000000f2900000|100%| E|CS|TAMS 0x00000000f2800000, 0x00000000f2800000| Complete 
| 297|0x00000000f2900000, 0x00000000f2a00000, 0x00000000f2a00000|100%| E|CS|TAMS 0x00000000f2900000, 0x00000000f2900000| Complete 
| 298|0x00000000f2a00000, 0x00000000f2b00000, 0x00000000f2b00000|100%| E|CS|TAMS 0x00000000f2a00000, 0x00000000f2a00000| Complete 
| 299|0x00000000f2b00000, 0x00000000f2c00000, 0x00000000f2c00000|100%| E|CS|TAMS 0x00000000f2b00000, 0x00000000f2b00000| Complete 
| 300|0x00000000f2c00000, 0x00000000f2d00000, 0x00000000f2d00000|100%| E|CS|TAMS 0x00000000f2c00000, 0x00000000f2c00000| Complete 
| 301|0x00000000f2d00000, 0x00000000f2e00000, 0x00000000f2e00000|100%| E|CS|TAMS 0x00000000f2d00000, 0x00000000f2d00000| Complete 
| 302|0x00000000f2e00000, 0x00000000f2f00000, 0x00000000f2f00000|100%| E|CS|TAMS 0x00000000f2e00000, 0x00000000f2e00000| Complete 
| 303|0x00000000f2f00000, 0x00000000f3000000, 0x00000000f3000000|100%| E|CS|TAMS 0x00000000f2f00000, 0x00000000f2f00000| Complete 
| 304|0x00000000f3000000, 0x00000000f3100000, 0x00000000f3100000|100%| E|CS|TAMS 0x00000000f3000000, 0x00000000f3000000| Complete 
| 305|0x00000000f3100000, 0x00000000f3200000, 0x00000000f3200000|100%| E|CS|TAMS 0x00000000f3100000, 0x00000000f3100000| Complete 
| 306|0x00000000f3200000, 0x00000000f3300000, 0x00000000f3300000|100%| E|CS|TAMS 0x00000000f3200000, 0x00000000f3200000| Complete 
| 307|0x00000000f3300000, 0x00000000f3400000, 0x00000000f3400000|100%| E|CS|TAMS 0x00000000f3300000, 0x00000000f3300000| Complete 
| 308|0x00000000f3400000, 0x00000000f3500000, 0x00000000f3500000|100%| E|CS|TAMS 0x00000000f3400000, 0x00000000f3400000| Complete 
| 309|0x00000000f3500000, 0x00000000f3600000, 0x00000000f3600000|100%| E|CS|TAMS 0x00000000f3500000, 0x00000000f3500000| Complete 
| 310|0x00000000f3600000, 0x00000000f3700000, 0x00000000f3700000|100%| E|CS|TAMS 0x00000000f3600000, 0x00000000f3600000| Complete 
| 311|0x00000000f3700000, 0x00000000f3800000, 0x00000000f3800000|100%| E|CS|TAMS 0x00000000f3700000, 0x00000000f3700000| Complete 

Card table byte_map: [0x000002301e7f0000,0x000002301e8f0000] _byte_map_base: 0x000002301e0f0000

Marking Bits (Prev, Next): (CMBitMap*) 0x000002300767d2f0, (CMBitMap*) 0x000002300767d2b0
 Prev Bits: [0x000002301f1f0000, 0x000002301f9f0000)
 Next Bits: [0x000002301e9f0000, 0x000002301f1f0000)

Polling page: 0x0000023005490000

Metaspace:

Usage:
  Non-class:    109.19 MB used.
      Class:     17.22 MB used.
       Both:    126.41 MB used.

Virtual space:
  Non-class space:      128.00 MB reserved,     109.81 MB ( 86%) committed,  2 nodes.
      Class space:      320.00 MB reserved,      17.81 MB (  6%) committed,  1 nodes.
             Both:      448.00 MB reserved,     127.62 MB ( 28%) committed. 

Chunk freelists:
   Non-Class:  1.64 MB
       Class:  14.03 MB
        Both:  15.67 MB

MaxMetaspaceSize: 384.00 MB
CompressedClassSpaceSize: 320.00 MB
Initial GC threshold: 21.00 MB
Current GC threshold: 173.75 MB
CDS: on
MetaspaceReclaimPolicy: balanced
 - commit_granule_bytes: 65536.
 - commit_granule_words: 8192.
 - virtual_space_node_default_size: 8388608.
 - enlarge_chunks_in_place: 1.
 - new_chunks_are_fully_committed: 0.
 - uncommit_free_chunks: 1.
 - use_allocation_guard: 0.
 - handle_deallocations: 1.


Internal statistics:

num_allocs_failed_limit: 9.
num_arena_births: 1542.
num_arena_deaths: 0.
num_vsnodes_births: 3.
num_vsnodes_deaths: 0.
num_space_committed: 2042.
num_space_uncommitted: 0.
num_chunks_returned_to_freelist: 9.
num_chunks_taken_from_freelist: 7062.
num_chunk_merges: 9.
num_chunk_splits: 4767.
num_chunks_enlarged: 3258.
num_inconsistent_stats: 0.

CodeHeap 'non-profiled nmethods': size=120000Kb used=11528Kb max_used=11528Kb free=108471Kb
 bounds [0x0000023016c60000, 0x00000230177b0000, 0x000002301e190000]
CodeHeap 'profiled nmethods': size=120000Kb used=23281Kb max_used=24625Kb free=96719Kb
 bounds [0x000002300f190000, 0x00000230109a0000, 0x00000230166c0000]
CodeHeap 'non-nmethods': size=5760Kb used=2385Kb max_used=2447Kb free=3374Kb
 bounds [0x00000230166c0000, 0x0000023016930000, 0x0000023016c60000]
 total_blobs=13654 nmethods=12745 adapters=820
 compilation: enabled
              stopped_count=0, restarted_count=0
 full_count=0

Compilation events (20 events):
Event: 73.110 Thread 0x00000230226ab830 nmethod 15786 0x000002301779e590 code [0x000002301779e720, 0x000002301779e7f8]
Event: 73.122 Thread 0x0000023040db6b50 nmethod 15784 0x000002301779e890 code [0x000002301779eaa0, 0x000002301779f150]
Event: 73.122 Thread 0x0000023040db6b50 15773       4       com.google.common.cache.LocalCache$Segment::runUnlockedCleanup (15 bytes)
Event: 73.124 Thread 0x0000023040db6b50 nmethod 15773 0x000002301779f710 code [0x000002301779f8a0, 0x000002301779f988]
Event: 73.124 Thread 0x0000023040db6b50 15785       4       com.google.common.base.Preconditions::checkState (17 bytes)
Event: 73.124 Thread 0x0000023040db6b50 nmethod 15785 0x000002301779fa90 code [0x000002301779fc00, 0x000002301779fc78]
Event: 73.124 Thread 0x0000023040db6b50 15769       4       org.gradle.api.internal.artifacts.transform.TransformStep::createInvocation (92 bytes)
Event: 73.141 Thread 0x00000230226ab830 15787       3       sun.nio.ch.SelectionKeyImpl::channel (8 bytes)
Event: 73.142 Thread 0x00000230226ab830 nmethod 15787 0x00000230101a4310 code [0x00000230101a44a0, 0x00000230101a46b8]
Event: 73.184 Thread 0x0000023040db6b50 nmethod 15769 0x000002301779fd90 code [0x00000230177a0020, 0x00000230177a0fd0]
Event: 73.189 Thread 0x00000230226ab830 15788       3       java.io.FileNotFoundException::<init> (6 bytes)
Event: 73.189 Thread 0x00000230226ab830 nmethod 15788 0x00000230104d1710 code [0x00000230104d18c0, 0x00000230104d1ac8]
Event: 73.401 Thread 0x00000230226ab830 15789       3       java.io.FilePermission::getMask (953 bytes)
Event: 73.405 Thread 0x00000230226ab830 nmethod 15789 0x000002300f470090 code [0x000002300f4704e0, 0x000002300f472b38]
Event: 73.406 Thread 0x00000230226ab830 15790   !   3       java.io.FilePermission::init (558 bytes)
Event: 73.408 Thread 0x00000230226ab830 nmethod 15790 0x000002300f951990 code [0x000002300f951d20, 0x000002300f9533f8]
Event: 73.683 Thread 0x00000230226ab830 15791       3       com.google.common.collect.CollectPreconditions::checkEntryNotNull (100 bytes)
Event: 73.685 Thread 0x00000230226ab830 nmethod 15791 0x000002300f4c6b10 code [0x000002300f4c6e20, 0x000002300f4c7b28]
Event: 73.685 Thread 0x00000230226ab830 15792       1       com.android.build.gradle.options.Stage::getStatus (5 bytes)
Event: 73.685 Thread 0x00000230226ab830 nmethod 15792 0x00000230177a1e10 code [0x00000230177a1fa0, 0x00000230177a2078]

GC Heap History (20 events):
Event: 57.239 GC heap before
{Heap before GC invocations=33 (full 0):
 garbage-first heap   total 263168K, used 222297K [0x00000000e0000000, 0x0000000100000000)
  region size 1024K, 68 young (69632K), 2 survivors (2048K)
 Metaspace       used 105346K, committed 106432K, reserved 458752K
  class space    used 14407K, committed 14912K, reserved 327680K
}
Event: 57.243 GC heap after
{Heap after GC invocations=34 (full 0):
 garbage-first heap   total 263168K, used 156500K [0x00000000e0000000, 0x0000000100000000)
  region size 1024K, 3 young (3072K), 3 survivors (3072K)
 Metaspace       used 105346K, committed 106432K, reserved 458752K
  class space    used 14407K, committed 14912K, reserved 327680K
}
Event: 58.824 GC heap before
{Heap before GC invocations=35 (full 0):
 garbage-first heap   total 268288K, used 223060K [0x00000000e0000000, 0x0000000100000000)
  region size 1024K, 68 young (69632K), 3 survivors (3072K)
 Metaspace       used 107957K, committed 109056K, reserved 458752K
  class space    used 14726K, committed 15296K, reserved 327680K
}
Event: 58.830 GC heap after
{Heap after GC invocations=36 (full 0):
 garbage-first heap   total 268288K, used 158700K [0x00000000e0000000, 0x0000000100000000)
  region size 1024K, 6 young (6144K), 6 survivors (6144K)
 Metaspace       used 107957K, committed 109056K, reserved 458752K
  class space    used 14726K, committed 15296K, reserved 327680K
}
Event: 58.899 GC heap before
{Heap before GC invocations=36 (full 0):
 garbage-first heap   total 268288K, used 164844K [0x00000000e0000000, 0x0000000100000000)
  region size 1024K, 13 young (13312K), 6 survivors (6144K)
 Metaspace       used 107957K, committed 109056K, reserved 458752K
  class space    used 14726K, committed 15296K, reserved 327680K
}
Event: 58.906 GC heap after
{Heap after GC invocations=37 (full 0):
 garbage-first heap   total 268288K, used 157187K [0x00000000e0000000, 0x0000000100000000)
  region size 1024K, 1 young (1024K), 1 survivors (1024K)
 Metaspace       used 107957K, committed 109056K, reserved 458752K
  class space    used 14726K, committed 15296K, reserved 327680K
}
Event: 59.520 GC heap before
{Heap before GC invocations=37 (full 0):
 garbage-first heap   total 268288K, used 226819K [0x00000000e0000000, 0x0000000100000000)
  region size 1024K, 69 young (70656K), 1 survivors (1024K)
 Metaspace       used 108164K, committed 109248K, reserved 458752K
  class space    used 14755K, committed 15296K, reserved 327680K
}
Event: 59.523 GC heap after
{Heap after GC invocations=38 (full 0):
 garbage-first heap   total 319488K, used 158194K [0x00000000e0000000, 0x0000000100000000)
  region size 1024K, 2 young (2048K), 2 survivors (2048K)
 Metaspace       used 108164K, committed 109248K, reserved 458752K
  class space    used 14755K, committed 15296K, reserved 327680K
}
Event: 60.838 GC heap before
{Heap before GC invocations=38 (full 0):
 garbage-first heap   total 319488K, used 265714K [0x00000000e0000000, 0x0000000100000000)
  region size 1024K, 107 young (109568K), 2 survivors (2048K)
 Metaspace       used 108662K, committed 109824K, reserved 458752K
  class space    used 14828K, committed 15360K, reserved 327680K
}
Event: 60.841 GC heap after
{Heap after GC invocations=39 (full 0):
 garbage-first heap   total 319488K, used 159392K [0x00000000e0000000, 0x0000000100000000)
  region size 1024K, 3 young (3072K), 3 survivors (3072K)
 Metaspace       used 108662K, committed 109824K, reserved 458752K
  class space    used 14828K, committed 15360K, reserved 327680K
}
Event: 62.261 GC heap before
{Heap before GC invocations=39 (full 0):
 garbage-first heap   total 319488K, used 267936K [0x00000000e0000000, 0x0000000100000000)
  region size 1024K, 110 young (112640K), 3 survivors (3072K)
 Metaspace       used 110429K, committed 111552K, reserved 458752K
  class space    used 15060K, committed 15616K, reserved 327680K
}
Event: 62.266 GC heap after
{Heap after GC invocations=40 (full 0):
 garbage-first heap   total 319488K, used 163200K [0x00000000e0000000, 0x0000000100000000)
  region size 1024K, 7 young (7168K), 7 survivors (7168K)
 Metaspace       used 110429K, committed 111552K, reserved 458752K
  class space    used 15060K, committed 15616K, reserved 327680K
}
Event: 64.018 GC heap before
{Heap before GC invocations=40 (full 0):
 garbage-first heap   total 319488K, used 269696K [0x00000000e0000000, 0x0000000100000000)
  region size 1024K, 111 young (113664K), 7 survivors (7168K)
 Metaspace       used 119184K, committed 120384K, reserved 458752K
  class space    used 16146K, committed 16704K, reserved 327680K
}
Event: 64.030 GC heap after
{Heap after GC invocations=41 (full 0):
 garbage-first heap   total 319488K, used 168608K [0x00000000e0000000, 0x0000000100000000)
  region size 1024K, 12 young (12288K), 12 survivors (12288K)
 Metaspace       used 119184K, committed 120384K, reserved 458752K
  class space    used 16146K, committed 16704K, reserved 327680K
}
Event: 65.714 GC heap before
{Heap before GC invocations=41 (full 0):
 garbage-first heap   total 319488K, used 268960K [0x00000000e0000000, 0x0000000100000000)
  region size 1024K, 111 young (113664K), 12 survivors (12288K)
 Metaspace       used 125792K, committed 126976K, reserved 458752K
  class space    used 17157K, committed 17728K, reserved 327680K
}
Event: 65.722 GC heap after
{Heap after GC invocations=42 (full 0):
 garbage-first heap   total 319488K, used 175092K [0x00000000e0000000, 0x0000000100000000)
  region size 1024K, 12 young (12288K), 12 survivors (12288K)
 Metaspace       used 125792K, committed 126976K, reserved 458752K
  class space    used 17157K, committed 17728K, reserved 327680K
}
Event: 71.408 GC heap before
{Heap before GC invocations=42 (full 0):
 garbage-first heap   total 319488K, used 269300K [0x00000000e0000000, 0x0000000100000000)
  region size 1024K, 105 young (107520K), 12 survivors (12288K)
 Metaspace       used 127104K, committed 128256K, reserved 458752K
  class space    used 17327K, committed 17920K, reserved 327680K
}
Event: 71.429 GC heap after
{Heap after GC invocations=43 (full 0):
 garbage-first heap   total 319488K, used 182937K [0x00000000e0000000, 0x0000000100000000)
  region size 1024K, 14 young (14336K), 14 survivors (14336K)
 Metaspace       used 127104K, committed 128256K, reserved 458752K
  class space    used 17327K, committed 17920K, reserved 327680K
}
Event: 72.985 GC heap before
{Heap before GC invocations=43 (full 0):
 garbage-first heap   total 319488K, used 269977K [0x00000000e0000000, 0x0000000100000000)
  region size 1024K, 99 young (101376K), 14 survivors (14336K)
 Metaspace       used 127362K, committed 128576K, reserved 458752K
  class space    used 17356K, committed 17920K, reserved 327680K
}
Event: 73.002 GC heap after
{Heap after GC invocations=44 (full 0):
 garbage-first heap   total 319488K, used 184434K [0x00000000e0000000, 0x0000000100000000)
  region size 1024K, 6 young (6144K), 6 survivors (6144K)
 Metaspace       used 127362K, committed 128576K, reserved 458752K
  class space    used 17356K, committed 17920K, reserved 327680K
}

Dll operation events (15 events):
Event: 0.014 Loaded shared library C:\Program Files\Microsoft\jdk-17.0.15.6-hotspot\bin\java.dll
Event: 0.034 Loaded shared library C:\Program Files\Microsoft\jdk-17.0.15.6-hotspot\bin\jsvml.dll
Event: 0.086 Loaded shared library C:\Program Files\Microsoft\jdk-17.0.15.6-hotspot\bin\zip.dll
Event: 0.089 Loaded shared library C:\Program Files\Microsoft\jdk-17.0.15.6-hotspot\bin\instrument.dll
Event: 0.097 Loaded shared library C:\Program Files\Microsoft\jdk-17.0.15.6-hotspot\bin\net.dll
Event: 0.100 Loaded shared library C:\Program Files\Microsoft\jdk-17.0.15.6-hotspot\bin\nio.dll
Event: 0.101 Loaded shared library C:\Program Files\Microsoft\jdk-17.0.15.6-hotspot\bin\zip.dll
Event: 0.427 Loaded shared library C:\Program Files\Microsoft\jdk-17.0.15.6-hotspot\bin\jimage.dll
Event: 0.633 Loaded shared library C:\Program Files\Microsoft\jdk-17.0.15.6-hotspot\bin\verify.dll
Event: 2.904 Loaded shared library C:\Users\HP\.gradle\native\c067742578af261105cb4f569cf0c3c89f3d7b1fecec35dd04571415982c5e48\windows-amd64\native-platform.dll
Event: 2.914 Loaded shared library C:\Users\HP\.gradle\native\100fb08df4bc3b14c8652ba06237920a3bd2aa13389f12d3474272988ae205f9\windows-amd64\native-platform-file-events.dll
Event: 11.539 Loaded shared library C:\Program Files\Microsoft\jdk-17.0.15.6-hotspot\bin\management.dll
Event: 11.544 Loaded shared library C:\Program Files\Microsoft\jdk-17.0.15.6-hotspot\bin\management_ext.dll
Event: 11.817 Loaded shared library C:\Program Files\Microsoft\jdk-17.0.15.6-hotspot\bin\extnet.dll
Event: 14.019 Loaded shared library C:\Program Files\Microsoft\jdk-17.0.15.6-hotspot\bin\sunmscapi.dll

Deoptimization events (20 events):
Event: 70.814 Thread 0x00000230227b3ad0 DEOPT PACKING pc=0x00000230175fa484 sp=0x000000aa471f77f0
Event: 70.814 Thread 0x00000230227b3ad0 DEOPT UNPACKING pc=0x00000230167169a3 sp=0x000000aa471f7790 mode 2
Event: 70.817 Thread 0x00000230227b3ad0 DEOPT PACKING pc=0x000002300fb35a4c sp=0x000000aa471f7950
Event: 70.817 Thread 0x00000230227b3ad0 DEOPT UNPACKING pc=0x0000023016717143 sp=0x000000aa471f6e00 mode 0
Event: 70.978 Thread 0x00000230227b3ad0 DEOPT PACKING pc=0x000002300ff95f62 sp=0x000000aa471f7780
Event: 70.978 Thread 0x00000230227b3ad0 DEOPT UNPACKING pc=0x0000023016717143 sp=0x000000aa471f6b18 mode 0
Event: 71.216 Thread 0x000002303fa4c5f0 Uncommon trap: trap_request=0xffffff45 fr.pc=0x0000023016d1d3e8 relative=0x0000000000001288
Event: 71.216 Thread 0x000002303fa4c5f0 Uncommon trap: reason=unstable_if action=reinterpret pc=0x0000023016d1d3e8 method=java.util.concurrent.locks.AbstractQueuedSynchronizer.hasQueuedPredecessors()Z @ 33 c2
Event: 71.216 Thread 0x000002303fa4ee70 Uncommon trap: trap_request=0xffffff45 fr.pc=0x0000023016d1d3e8 relative=0x0000000000001288
Event: 71.216 Thread 0x000002303fa4c5f0 DEOPT PACKING pc=0x0000023016d1d3e8 sp=0x000000aa49cfe3b0
Event: 71.216 Thread 0x000002303fa4c5f0 DEOPT UNPACKING pc=0x00000230167169a3 sp=0x000000aa49cfe128 mode 2
Event: 71.216 Thread 0x000002303fa4ee70 Uncommon trap: reason=unstable_if action=reinterpret pc=0x0000023016d1d3e8 method=java.util.concurrent.locks.AbstractQueuedSynchronizer.hasQueuedPredecessors()Z @ 33 c2
Event: 71.217 Thread 0x000002303fa4ee70 DEOPT PACKING pc=0x0000023016d1d3e8 sp=0x000000aa4a0fe540
Event: 71.217 Thread 0x000002303fa4ee70 DEOPT UNPACKING pc=0x00000230167169a3 sp=0x000000aa4a0fe2b8 mode 2
Event: 71.966 Thread 0x00000230227b3ad0 DEOPT PACKING pc=0x000002300f54fbd3 sp=0x000000aa471fd100
Event: 71.966 Thread 0x00000230227b3ad0 DEOPT UNPACKING pc=0x0000023016717143 sp=0x000000aa471fc5a8 mode 0
Event: 73.003 Thread 0x000002303fa4c5f0 Uncommon trap: trap_request=0xffffff45 fr.pc=0x0000023017432f7c relative=0x000000000000093c
Event: 73.003 Thread 0x000002303fa4c5f0 Uncommon trap: reason=unstable_if action=reinterpret pc=0x0000023017432f7c method=java.util.concurrent.ConcurrentHashMap.replaceNode(Ljava/lang/Object;Ljava/lang/Object;Ljava/lang/Object;)Ljava/lang/Object; @ 62 c2
Event: 73.003 Thread 0x000002303fa4c5f0 DEOPT PACKING pc=0x0000023017432f7c sp=0x000000aa4a5fe2c0
Event: 73.003 Thread 0x000002303fa4c5f0 DEOPT UNPACKING pc=0x00000230167169a3 sp=0x000000aa4a5fe258 mode 2

Classes loaded (20 events):
Event: 44.237 Loading class java/util/AbstractSetBeanInfo
Event: 44.237 Loading class java/util/AbstractSetBeanInfo done
Event: 44.237 Loading class java/util/AbstractSetCustomizer
Event: 44.237 Loading class java/util/AbstractSetCustomizer done
Event: 44.237 Loading class java/util/AbstractSetCustomizer
Event: 44.237 Loading class java/util/AbstractSetCustomizer done
Event: 44.239 Loading class java/util/TreeSetCustomizer
Event: 44.239 Loading class java/util/TreeSetCustomizer done
Event: 44.239 Loading class java/util/TreeSetCustomizer
Event: 44.239 Loading class java/util/TreeSetCustomizer done
Event: 44.799 Loading class java/util/TreeMap$KeySpliterator
Event: 44.799 Loading class java/util/TreeMap$KeySpliterator done
Event: 44.824 Loading class java/util/TreeMap$ValueSpliterator
Event: 44.824 Loading class java/util/TreeMap$ValueSpliterator done
Event: 45.688 Loading class java/lang/Math$RandomNumberGeneratorHolder
Event: 45.688 Loading class java/lang/Math$RandomNumberGeneratorHolder done
Event: 56.605 Loading class java/util/concurrent/CompletableFuture$Signaller
Event: 56.605 Loading class java/util/concurrent/CompletableFuture$Signaller done
Event: 64.114 Loading class java/beans/ParameterDescriptor
Event: 64.115 Loading class java/beans/ParameterDescriptor done

Classes unloaded (0 events):
No events

Classes redefined (0 events):
No events

Internal exceptions (20 events):
Event: 65.204 Thread 0x00000230227b3ad0 Exception <a 'java/lang/ClassNotFoundException'{0x00000000ef6ccee8}: com/android/build/gradle/internal/api/ReadOnlyBaseConfigBeanInfo> (0x00000000ef6ccee8) 
thrown [s\src\hotspot\share\classfile\systemDictionary.cpp, line 256]
Event: 65.204 Thread 0x00000230227b3ad0 Exception <a 'java/lang/ClassNotFoundException'{0x00000000ef6d7000}: com/android/build/gradle/internal/api/ReadOnlyBaseConfigCustomizer> (0x00000000ef6d7000) 
thrown [s\src\hotspot\share\classfile\systemDictionary.cpp, line 256]
Event: 65.205 Thread 0x00000230227b3ad0 Exception <a 'java/lang/ClassNotFoundException'{0x00000000ef6f2038}: com/android/build/gradle/internal/api/ReadOnlyBuildTypeCustomizer> (0x00000000ef6f2038) 
thrown [s\src\hotspot\share\classfile\systemDictionary.cpp, line 256]
Event: 65.272 Thread 0x00000230227b3ad0 Exception <a 'java/lang/ClassNotFoundException'{0x00000000ef227230}: com/android/build/gradle/internal/api/LibraryVariantOutputImpl_DecoratedBeanInfo> (0x00000000ef227230) 
thrown [s\src\hotspot\share\classfile\systemDictionary.cpp, line 256]
Event: 65.272 Thread 0x00000230227b3ad0 Exception <a 'java/lang/ClassNotFoundException'{0x00000000ef2313a0}: com/android/build/gradle/internal/api/LibraryVariantOutputImplBeanInfo> (0x00000000ef2313a0) 
thrown [s\src\hotspot\share\classfile\systemDictionary.cpp, line 256]
Event: 65.273 Thread 0x00000230227b3ad0 Exception <a 'java/lang/ClassNotFoundException'{0x00000000ef23b550}: com/android/build/gradle/internal/api/LibraryVariantOutputImplCustomizer> (0x00000000ef23b550) 
thrown [s\src\hotspot\share\classfile\systemDictionary.cpp, line 256]
Event: 65.274 Thread 0x00000230227b3ad0 Exception <a 'java/lang/ClassNotFoundException'{0x00000000ef24e698}: com/android/build/gradle/internal/api/LibraryVariantOutputImpl_DecoratedCustomizer> (0x00000000ef24e698) 
thrown [s\src\hotspot\share\classfile\systemDictionary.cpp, line 256]
Event: 70.776 Thread 0x00000230227b3ad0 Exception <a 'sun/nio/fs/WindowsException'{0x00000000f0f17fb0}> (0x00000000f0f17fb0) 
thrown [s\src\hotspot\share\prims\jni.cpp, line 516]
Event: 70.777 Thread 0x00000230227b3ad0 Exception <a 'sun/nio/fs/WindowsException'{0x00000000f0f19610}> (0x00000000f0f19610) 
thrown [s\src\hotspot\share\prims\jni.cpp, line 516]
Event: 70.777 Thread 0x00000230227b3ad0 Exception <a 'sun/nio/fs/WindowsException'{0x00000000f0f1ac60}> (0x00000000f0f1ac60) 
thrown [s\src\hotspot\share\prims\jni.cpp, line 516]
Event: 70.778 Thread 0x00000230227b3ad0 Exception <a 'sun/nio/fs/WindowsException'{0x00000000f0f1c288}> (0x00000000f0f1c288) 
thrown [s\src\hotspot\share\prims\jni.cpp, line 516]
Event: 70.813 Thread 0x00000230227b3ad0 Implicit null exception at 0x00000230175fa42c to 0x00000230175fa474
Event: 71.738 Thread 0x00000230227b3ad0 Exception <a 'java/lang/ClassNotFoundException'{0x00000000f1557658}: build_dajlu3o5uaibatygw3s1srdhuBeanInfo> (0x00000000f1557658) 
thrown [s\src\hotspot\share\classfile\systemDictionary.cpp, line 256]
Event: 71.742 Thread 0x00000230227b3ad0 Exception <a 'java/lang/ClassNotFoundException'{0x00000000f155e790}: build_dajlu3o5uaibatygw3s1srdhuCustomizer> (0x00000000f155e790) 
thrown [s\src\hotspot\share\classfile\systemDictionary.cpp, line 256]
Event: 72.432 Thread 0x00000230227b3ad0 Exception <a 'sun/nio/fs/WindowsException'{0x00000000ef94e008}> (0x00000000ef94e008) 
thrown [s\src\hotspot\share\prims\jni.cpp, line 516]
Event: 72.433 Thread 0x00000230227b3ad0 Exception <a 'sun/nio/fs/WindowsException'{0x00000000ef94f668}> (0x00000000ef94f668) 
thrown [s\src\hotspot\share\prims\jni.cpp, line 516]
Event: 72.434 Thread 0x00000230227b3ad0 Exception <a 'sun/nio/fs/WindowsException'{0x00000000ef950cb8}> (0x00000000ef950cb8) 
thrown [s\src\hotspot\share\prims\jni.cpp, line 516]
Event: 72.434 Thread 0x00000230227b3ad0 Exception <a 'sun/nio/fs/WindowsException'{0x00000000ef9522e0}> (0x00000000ef9522e0) 
thrown [s\src\hotspot\share\prims\jni.cpp, line 516]
Event: 73.101 Thread 0x00000230227b3ad0 Exception <a 'java/lang/ClassNotFoundException'{0x00000000f30cf1c0}: build_e6g2xtden2z60om4qeazb2auaBeanInfo> (0x00000000f30cf1c0) 
thrown [s\src\hotspot\share\classfile\systemDictionary.cpp, line 256]
Event: 73.102 Thread 0x00000230227b3ad0 Exception <a 'java/lang/ClassNotFoundException'{0x00000000f30d62f8}: build_e6g2xtden2z60om4qeazb2auaCustomizer> (0x00000000f30d62f8) 
thrown [s\src\hotspot\share\classfile\systemDictionary.cpp, line 256]

VM Operations (20 events):
Event: 64.762 Executing VM operation: HandshakeAllThreads
Event: 64.762 Executing VM operation: HandshakeAllThreads done
Event: 65.551 Executing VM operation: ICBufferFull
Event: 65.551 Executing VM operation: ICBufferFull done
Event: 65.714 Executing VM operation: G1CollectForAllocation
Event: 65.722 Executing VM operation: G1CollectForAllocation done
Event: 65.932 Executing VM operation: HandshakeAllThreads
Event: 65.933 Executing VM operation: HandshakeAllThreads done
Event: 66.944 Executing VM operation: Cleanup
Event: 66.944 Executing VM operation: Cleanup done
Event: 70.816 Executing VM operation: HandshakeAllThreads
Event: 70.816 Executing VM operation: HandshakeAllThreads done
Event: 70.816 Executing VM operation: Cleanup
Event: 70.816 Executing VM operation: Cleanup done
Event: 71.408 Executing VM operation: G1CollectForAllocation
Event: 71.429 Executing VM operation: G1CollectForAllocation done
Event: 72.443 Executing VM operation: Cleanup
Event: 72.444 Executing VM operation: Cleanup done
Event: 72.985 Executing VM operation: G1CollectForAllocation
Event: 73.002 Executing VM operation: G1CollectForAllocation done

Memory protections (0 events):
No events

Nmethod flushes (20 events):
Event: 64.272 Thread 0x00000230226b4150 flushing  nmethod 0x000002301074d910
Event: 64.272 Thread 0x00000230226b4150 flushing  nmethod 0x0000023010759d90
Event: 64.272 Thread 0x00000230226b4150 flushing  nmethod 0x000002301077a310
Event: 64.272 Thread 0x00000230226b4150 flushing  nmethod 0x0000023010780010
Event: 64.273 Thread 0x00000230226b4150 flushing  nmethod 0x0000023010888710
Event: 64.273 Thread 0x00000230226b4150 flushing  nmethod 0x0000023010888f90
Event: 64.273 Thread 0x00000230226b4150 flushing  nmethod 0x0000023010889a10
Event: 64.273 Thread 0x00000230226b4150 flushing  nmethod 0x000002301088ba90
Event: 64.273 Thread 0x00000230226b4150 flushing  nmethod 0x000002301088bf90
Event: 64.273 Thread 0x00000230226b4150 flushing  nmethod 0x000002301088e690
Event: 64.273 Thread 0x00000230226b4150 flushing  nmethod 0x000002301088fa10
Event: 64.273 Thread 0x00000230226b4150 flushing  nmethod 0x0000023010890210
Event: 64.273 Thread 0x00000230226b4150 flushing  nmethod 0x0000023010897190
Event: 64.273 Thread 0x00000230226b4150 flushing  nmethod 0x0000023010898290
Event: 64.273 Thread 0x00000230226b4150 flushing  nmethod 0x00000230108ad710
Event: 64.273 Thread 0x00000230226b4150 flushing  nmethod 0x00000230108b5210
Event: 64.273 Thread 0x00000230226b4150 flushing  nmethod 0x00000230108b5c90
Event: 64.273 Thread 0x00000230226b4150 flushing  nmethod 0x00000230108ce810
Event: 64.274 Thread 0x00000230226b4150 flushing  nmethod 0x0000023010934190
Event: 64.274 Thread 0x00000230226b4150 flushing  nmethod 0x0000023010936f90

Events (20 events):
Event: 72.870 Thread 0x00000230227b3ad0 Thread added: 0x000002303fa4b1b0
Event: 72.870 Thread 0x00000230227b3ad0 Thread added: 0x000002303fa4b6c0
Event: 72.871 Thread 0x00000230227b3ad0 Thread added: 0x000002303fa48e40
Event: 72.871 Thread 0x00000230227b3ad0 Thread added: 0x000002303fa47f10
Event: 72.873 Thread 0x00000230227b3ad0 Thread added: 0x000002303fa4bbd0
Event: 72.874 Thread 0x00000230227b3ad0 Thread added: 0x000002303fa48420
Event: 72.874 Thread 0x00000230227b3ad0 Thread added: 0x000002303fa4d010
Event: 72.965 Thread 0x00000230227b3ad0 Thread added: 0x000002303fa4cb00
Event: 72.966 Thread 0x00000230227b3ad0 Thread added: 0x000002303fa4da30
Event: 72.966 Thread 0x00000230227b3ad0 Thread added: 0x000002303fa4e960
Event: 72.967 Thread 0x00000230227b3ad0 Thread added: 0x000002303fa4d520
Event: 72.968 Thread 0x00000230227b3ad0 Thread added: 0x000002303fa4ee70
Event: 72.968 Thread 0x00000230227b3ad0 Thread added: 0x000002303fa4f380
Event: 72.969 Thread 0x00000230227b3ad0 Thread added: 0x000002303fa4f890
Event: 72.969 Thread 0x00000230227b3ad0 Thread added: 0x000002303fa4c0e0
Event: 72.970 Thread 0x00000230227b3ad0 Thread added: 0x000002303fa4c5f0
Event: 72.971 Thread 0x00000230227b3ad0 Thread added: 0x00000230406655f0
Event: 72.971 Thread 0x00000230227b3ad0 Thread added: 0x0000023040666a30
Event: 73.105 Thread 0x00000230226ab830 Thread added: 0x0000023040db6b50
Event: 73.401 Thread 0x0000023040db6b50 Thread exited: 0x0000023040db6b50


Dynamic libraries:
0x00007ff77d7d0000 - 0x00007ff77d7de000 	C:\Program Files\Microsoft\jdk-17.0.15.6-hotspot\bin\java.exe
0x00007ff8dc440000 - 0x00007ff8dc6a7000 	C:\WINDOWS\SYSTEM32\ntdll.dll
0x00007ff8db7d0000 - 0x00007ff8db899000 	C:\WINDOWS\System32\KERNEL32.DLL
0x00007ff8d9bd0000 - 0x00007ff8d9fc1000 	C:\WINDOWS\System32\KERNELBASE.dll
0x00007ff8d9fd0000 - 0x00007ff8da11b000 	C:\WINDOWS\System32\ucrtbase.dll
0x00007ff897430000 - 0x00007ff897447000 	C:\Program Files\Microsoft\jdk-17.0.15.6-hotspot\bin\jli.dll
0x00007ff8b9530000 - 0x00007ff8b954d000 	C:\Program Files\Microsoft\jdk-17.0.15.6-hotspot\bin\VCRUNTIME140.dll
0x00007ff8db410000 - 0x00007ff8db5d5000 	C:\WINDOWS\System32\USER32.dll
0x00007ff8d9970000 - 0x00007ff8d9997000 	C:\WINDOWS\System32\win32u.dll
0x00007ff8b8ca0000 - 0x00007ff8b8f33000 	C:\WINDOWS\WinSxS\amd64_microsoft.windows.common-controls_6595b64144ccf1df_6.0.26100.7922_none_3e089e1ee3342171\COMCTL32.dll
0x00007ff8dbed0000 - 0x00007ff8dbefb000 	C:\WINDOWS\System32\GDI32.dll
0x00007ff8d97b0000 - 0x00007ff8d98da000 	C:\WINDOWS\System32\gdi32full.dll
0x00007ff8da2b0000 - 0x00007ff8da359000 	C:\WINDOWS\System32\msvcrt.dll
0x00007ff8d9b20000 - 0x00007ff8d9bc3000 	C:\WINDOWS\System32\msvcp_win.dll
0x00007ff8da360000 - 0x00007ff8da391000 	C:\WINDOWS\System32\IMM32.DLL
0x00007ff899b90000 - 0x00007ff899b9c000 	C:\Program Files\Microsoft\jdk-17.0.15.6-hotspot\bin\vcruntime140_1.dll
0x00007ff83d120000 - 0x00007ff83d1ad000 	C:\Program Files\Microsoft\jdk-17.0.15.6-hotspot\bin\msvcp140.dll
0x00007ff834070000 - 0x00007ff834ce2000 	C:\Program Files\Microsoft\jdk-17.0.15.6-hotspot\bin\server\jvm.dll
0x00007ff8db220000 - 0x00007ff8db2db000 	C:\WINDOWS\System32\ADVAPI32.dll
0x00007ff8da9f0000 - 0x00007ff8daa97000 	C:\WINDOWS\System32\sechost.dll
0x00007ff8db2e0000 - 0x00007ff8db3f8000 	C:\WINDOWS\System32\RPCRT4.dll
0x00007ff8db740000 - 0x00007ff8db7b4000 	C:\WINDOWS\System32\WS2_32.dll
0x00007ff8c6ef0000 - 0x00007ff8c6efb000 	C:\WINDOWS\SYSTEM32\VERSION.dll
0x00007ff8d0b20000 - 0x00007ff8d0b55000 	C:\WINDOWS\SYSTEM32\WINMM.dll
0x00007ff8d8b80000 - 0x00007ff8d8bde000 	C:\WINDOWS\SYSTEM32\POWRPROF.dll
0x00007ff8d8b60000 - 0x00007ff8d8b74000 	C:\WINDOWS\SYSTEM32\UMPDC.dll
0x00007ff8d7ab0000 - 0x00007ff8d7acb000 	C:\WINDOWS\SYSTEM32\kernel.appcore.dll
0x00007ff897890000 - 0x00007ff89789a000 	C:\Program Files\Microsoft\jdk-17.0.15.6-hotspot\bin\jimage.dll
0x00007ff8d6bc0000 - 0x00007ff8d6e02000 	C:\WINDOWS\SYSTEM32\DBGHELP.DLL
0x00007ff8dbf70000 - 0x00007ff8dc2f2000 	C:\WINDOWS\System32\combase.dll
0x00007ff8dbb90000 - 0x00007ff8dbc67000 	C:\WINDOWS\System32\OLEAUT32.dll
0x00007ff8b6050000 - 0x00007ff8b608b000 	C:\WINDOWS\SYSTEM32\dbgcore.DLL
0x00007ff8d9700000 - 0x00007ff8d97a5000 	C:\WINDOWS\System32\bcryptPrimitives.dll
0x00007ff88e7d0000 - 0x00007ff88e7de000 	C:\Program Files\Microsoft\jdk-17.0.15.6-hotspot\bin\instrument.dll
0x00007ff897400000 - 0x00007ff897425000 	C:\Program Files\Microsoft\jdk-17.0.15.6-hotspot\bin\java.dll
0x00007ff83d040000 - 0x00007ff83d116000 	C:\Program Files\Microsoft\jdk-17.0.15.6-hotspot\bin\jsvml.dll
0x00007ff8daab0000 - 0x00007ff8db20f000 	C:\WINDOWS\System32\SHELL32.dll
0x00007ff8d8d20000 - 0x00007ff8d8e8a000 	C:\WINDOWS\System32\wintypes.dll
0x00007ff8d8e90000 - 0x00007ff8d96f4000 	C:\WINDOWS\System32\windows.storage.dll
0x00007ff8dbdd0000 - 0x00007ff8dbec7000 	C:\WINDOWS\System32\SHCORE.dll
0x00007ff8dbf00000 - 0x00007ff8dbf67000 	C:\WINDOWS\System32\shlwapi.dll
0x00007ff8d8c40000 - 0x00007ff8d8c69000 	C:\WINDOWS\SYSTEM32\profapi.dll
0x00007ff8838b0000 - 0x00007ff8838c8000 	C:\Program Files\Microsoft\jdk-17.0.15.6-hotspot\bin\zip.dll
0x00007ff88a720000 - 0x00007ff88a73a000 	C:\Program Files\Microsoft\jdk-17.0.15.6-hotspot\bin\net.dll
0x00007ff8cda60000 - 0x00007ff8cdb87000 	C:\WINDOWS\SYSTEM32\WINHTTP.dll
0x00007ff8d8020000 - 0x00007ff8d808b000 	C:\WINDOWS\system32\mswsock.dll
0x00007ff88a700000 - 0x00007ff88a716000 	C:\Program Files\Microsoft\jdk-17.0.15.6-hotspot\bin\nio.dll
0x00007ff8976e0000 - 0x00007ff8976f0000 	C:\Program Files\Microsoft\jdk-17.0.15.6-hotspot\bin\verify.dll
0x00007ff886160000 - 0x00007ff886187000 	C:\Users\HP\.gradle\native\c067742578af261105cb4f569cf0c3c89f3d7b1fecec35dd04571415982c5e48\windows-amd64\native-platform.dll
0x00007ff8796e0000 - 0x00007ff879824000 	C:\Users\HP\.gradle\native\100fb08df4bc3b14c8652ba06237920a3bd2aa13389f12d3474272988ae205f9\windows-amd64\native-platform-file-events.dll
0x00007ff894870000 - 0x00007ff89487a000 	C:\Program Files\Microsoft\jdk-17.0.15.6-hotspot\bin\management.dll
0x00007ff893630000 - 0x00007ff89363b000 	C:\Program Files\Microsoft\jdk-17.0.15.6-hotspot\bin\management_ext.dll
0x00007ff8db7c0000 - 0x00007ff8db7c8000 	C:\WINDOWS\System32\PSAPI.DLL
0x00007ff8d8300000 - 0x00007ff8d831b000 	C:\WINDOWS\SYSTEM32\CRYPTSP.dll
0x00007ff8d7a10000 - 0x00007ff8d7a49000 	C:\WINDOWS\system32\rsaenh.dll
0x00007ff8d80d0000 - 0x00007ff8d8102000 	C:\WINDOWS\SYSTEM32\USERENV.dll
0x00007ff8d8c10000 - 0x00007ff8d8c3a000 	C:\WINDOWS\SYSTEM32\bcrypt.dll
0x00007ff8d8320000 - 0x00007ff8d832c000 	C:\WINDOWS\SYSTEM32\CRYPTBASE.dll
0x00007ff8d7470000 - 0x00007ff8d74a3000 	C:\WINDOWS\SYSTEM32\IPHLPAPI.DLL
0x00007ff8daaa0000 - 0x00007ff8daaaa000 	C:\WINDOWS\System32\NSI.dll
0x00007ff8d0ef0000 - 0x00007ff8d0f0d000 	C:\WINDOWS\SYSTEM32\dhcpcsvc6.DLL
0x00007ff8cfb00000 - 0x00007ff8cfb23000 	C:\WINDOWS\SYSTEM32\dhcpcsvc.DLL
0x00007ff8d7500000 - 0x00007ff8d762a000 	C:\WINDOWS\SYSTEM32\DNSAPI.dll
0x00007ff893090000 - 0x00007ff893099000 	C:\Program Files\Microsoft\jdk-17.0.15.6-hotspot\bin\extnet.dll
0x00007ff88de20000 - 0x00007ff88de2e000 	C:\Program Files\Microsoft\jdk-17.0.15.6-hotspot\bin\sunmscapi.dll
0x00007ff8d99a0000 - 0x00007ff8d9b17000 	C:\WINDOWS\System32\CRYPT32.dll
0x00007ff8d8520000 - 0x00007ff8d8550000 	C:\WINDOWS\SYSTEM32\ncrypt.dll
0x00007ff8d84d0000 - 0x00007ff8d850f000 	C:\WINDOWS\SYSTEM32\NTASN1.dll
0x00007ff8c4030000 - 0x00007ff8c4038000 	C:\WINDOWS\system32\wshunix.dll

dbghelp: loaded successfully - version: 4.0.5 - missing functions: none
symbol engine: initialized successfully - sym options: 0x614 - pdb path: .;C:\Program Files\Microsoft\jdk-17.0.15.6-hotspot\bin;C:\WINDOWS\SYSTEM32;C:\WINDOWS\WinSxS\amd64_microsoft.windows.common-controls_6595b64144ccf1df_6.0.26100.7922_none_3e089e1ee3342171;C:\Program Files\Microsoft\jdk-17.0.15.6-hotspot\bin\server;C:\Users\HP\.gradle\native\c067742578af261105cb4f569cf0c3c89f3d7b1fecec35dd04571415982c5e48\windows-amd64;C:\Users\HP\.gradle\native\100fb08df4bc3b14c8652ba06237920a3bd2aa13389f12d3474272988ae205f9\windows-amd64

VM Arguments:
jvm_args: --add-opens=java.base/java.util=ALL-UNNAMED --add-opens=java.base/java.lang=ALL-UNNAMED --add-opens=java.base/java.lang.invoke=ALL-UNNAMED --add-opens=java.prefs/java.util.prefs=ALL-UNNAMED --add-exports=jdk.compiler/com.sun.tools.javac.api=ALL-UNNAMED --add-exports=jdk.compiler/com.sun.tools.javac.util=ALL-UNNAMED --add-opens=java.base/java.nio.charset=ALL-UNNAMED --add-opens=java.base/java.net=ALL-UNNAMED --add-opens=java.base/java.util.concurrent.atomic=ALL-UNNAMED -XX:MaxMetaspaceSize=384m -XX:+HeapDumpOnOutOfMemoryError -Xms256m -Xmx512m -Dfile.encoding=utf8 -Duser.country=IN -Duser.language=en -Duser.variant -javaagent:C:\Users\HP\.gradle\wrapper\dists\gradle-8.9-bin\90cnw93cvbtalezasaz0blq0a\gradle-8.9\lib\agents\gradle-instrumentation-agent-8.9.jar 
java_command: org.gradle.launcher.daemon.bootstrap.GradleDaemon 8.9
java_class_path (initial): C:\Users\HP\.gradle\wrapper\dists\gradle-8.9-bin\90cnw93cvbtalezasaz0blq0a\gradle-8.9\lib\gradle-daemon-main-8.9.jar
Launcher Type: SUN_STANDARD

[Global flags]
     intx CICompilerCount                          = 4                                         {product} {ergonomic}
   size_t CompressedClassSpaceSize                 = 335544320                                 {product} {ergonomic}
     uint ConcGCThreads                            = 3                                         {product} {ergonomic}
     uint G1ConcRefinementThreads                  = 10                                        {product} {ergonomic}
   size_t G1HeapRegionSize                         = 1048576                                   {product} {ergonomic}
    uintx GCDrainStackTargetSize                   = 64                                        {product} {ergonomic}
     bool HeapDumpOnOutOfMemoryError               = true                                   {manageable} {command line}
   size_t InitialHeapSize                          = 268435456                                 {product} {command line}
   size_t MarkStackSize                            = 4194304                                   {product} {ergonomic}
   size_t MaxHeapSize                              = 536870912                                 {product} {command line}
   size_t MaxMetaspaceSize                         = 402653184                                 {product} {command line}
   size_t MaxNewSize                               = 321912832                                 {product} {ergonomic}
   size_t MinHeapDeltaBytes                        = 1048576                                   {product} {ergonomic}
   size_t MinHeapSize                              = 268435456                                 {product} {command line}
    uintx NonNMethodCodeHeapSize                   = 5839372                                {pd product} {ergonomic}
    uintx NonProfiledCodeHeapSize                  = 122909434                              {pd product} {ergonomic}
    uintx ProfiledCodeHeapSize                     = 122909434                              {pd product} {ergonomic}
    uintx ReservedCodeCacheSize                    = 251658240                              {pd product} {ergonomic}
     bool SegmentedCodeCache                       = true                                      {product} {ergonomic}
   size_t SoftMaxHeapSize                          = 536870912                              {manageable} {ergonomic}
     bool UseCompressedClassPointers               = true                           {product lp64_product} {ergonomic}
     bool UseCompressedOops                        = true                           {product lp64_product} {ergonomic}
     bool UseG1GC                                  = true                                      {product} {ergonomic}
     bool UseLargePagesIndividualAllocation        = false                                  {pd product} {ergonomic}

Logging:
Log output configuration:
 #0: stdout all=warning uptime,level,tags
 #1: stderr all=off uptime,level,tags

Environment Variables:
JAVA_HOME=C:\Program Files\Microsoft\jdk-17.0.15.6-hotspot
PATH=C:\Users\HP\AppData\Local\Programs\Microsoft VS Code;C:\Program Files\Microsoft\jdk-17.0.15.6-hotspot\bin;C:\WINDOWS\system32;C:\WINDOWS;C:\WINDOWS\System32\Wbem;C:\WINDOWS\System32\WindowsPowerShell\v1.0\;C:\WINDOWS\System32\OpenSSH\;C:\Program Files\Git\cmd;C:\Program Files\dotnet\;C:\ProgramData\chocolatey\bin;C:\Users\HP\AppData\Local\Android\Sdk\platform-tools;C:\Users\HP\AppData\Local\Android\Sdk;C:\Users\HP\AppData\Local\Android\Sdk\emulator;;C:\Program Files\Docker\Docker\resources\bin;C:\Program Files\PuTTY\;C:\Program Files\nodejs\;C:\Program Files\MySQL\MySQL Shell 8.0\bin\;C:\Users\HP\AppData\Local\Microsoft\WindowsApps;C:\Users\HP\AppData\Local\Programs\Microsoft VS Code\bin;C:\Users\HP\AppData\Local\Android\Sdk\platform-tools;C:\Users\HP\AppData\Local\Android\Sdk;C:\Users\HP\AppData\Local\Android\Sdk\emulator;C:\Users\HP\AppData\Roaming\npm
USERNAME=HP
OS=Windows_NT
PROCESSOR_IDENTIFIER=Intel64 Family 6 Model 154 Stepping 4, GenuineIntel
TMP=C:\Users\HP\AppData\Local\Temp
TEMP=C:\Users\HP\AppData\Local\Temp



Periodic native trim disabled


---------------  S Y S T E M  ---------------

OS:
 Windows 11 , 64 bit Build 26100 (10.0.26100.7920)
OS uptime: 13 days 22:27 hours
Hyper-V role detected

CPU: total 12 (initial active 12) (6 cores per cpu, 2 threads per core) family 6 model 154 stepping 4 microcode 0x432, cx8, cmov, fxsr, ht, mmx, 3dnowpref, sse, sse2, sse3, ssse3, sse4.1, sse4.2, popcnt, lzcnt, tsc, tscinvbit, avx, avx2, aes, erms, clmul, bmi1, bmi2, adx, sha, fma, vzeroupper, clflush, clflushopt, clwb, hv
Processor Information for processor 0
  Max Mhz: 1300, Current Mhz: 1300, Mhz Limit: 1300
Processor Information for processor 1
  Max Mhz: 1300, Current Mhz: 1300, Mhz Limit: 1300
Processor Information for processor 2
  Max Mhz: 1300, Current Mhz: 1300, Mhz Limit: 1300
Processor Information for processor 3
  Max Mhz: 1300, Current Mhz: 1300, Mhz Limit: 1300
Processor Information for processor 4
  Max Mhz: 1300, Current Mhz: 900, Mhz Limit: 897
Processor Information for processor 5
  Max Mhz: 1300, Current Mhz: 900, Mhz Limit: 897
Processor Information for processor 6
  Max Mhz: 1300, Current Mhz: 900, Mhz Limit: 897
Processor Information for processor 7
  Max Mhz: 1300, Current Mhz: 900, Mhz Limit: 897
Processor Information for processor 8
  Max Mhz: 1300, Current Mhz: 900, Mhz Limit: 897
Processor Information for processor 9
  Max Mhz: 1300, Current Mhz: 900, Mhz Limit: 897
Processor Information for processor 10
  Max Mhz: 1300, Current Mhz: 900, Mhz Limit: 897
Processor Information for processor 11
  Max Mhz: 1300, Current Mhz: 900, Mhz Limit: 897

Memory: 4k page, system-wide physical 7835M (668M free)
TotalPageFile size 31387M (AvailPageFile size 19M)
current process WorkingSet (physical memory assigned to process): 418M, peak: 569M
current process commit charge ("private bytes"): 715M, peak: 718M

vm_info: OpenJDK 64-Bit Server VM (17.0.15+6-LTS) for windows-amd64 JRE (17.0.15+6-LTS), built on Apr  9 2025 22:27:25 by "MicrosoftCorporation" with unknown MS VC++:1939

END.
