#
# There is insufficient memory for the Java Runtime Environment to continue.
# Native memory allocation (mmap) failed to map 68157440 bytes. Error detail: G1 virtual space
# Possible reasons:
#   The system is out of physical RAM or swap space
#   This process is running with CompressedOops enabled, and the Java Heap may be blocking the growth of the native heap
# Possible solutions:
#   Reduce memory load on the system
#   Increase physical memory or swap space
#   Check if swap backing store is full
#   Decrease Java heap size (-Xmx/-Xms)
#   Decrease number of Java threads
#   Decrease Java thread stack sizes (-Xss)
#   Set larger code cache with -XX:ReservedCodeCacheSize=
#   JVM is running with Unscaled Compressed Oops mode in which the Java heap is
#     placed in the first 4GB address space. The Java Heap base address is the
#     maximum limit for the native heap growth. Please use -XX:HeapBaseMinAddress
#     to set the Java Heap base and to place the Java Heap above 4GB virtual address.
# This output file may be truncated or incomplete.
#
#  Out of Memory Error (os_windows.cpp:3710), pid=31576, tid=18328
#
# JRE version: OpenJDK Runtime Environment Microsoft-11369865 (17.0.15+6) (build 17.0.15+6-LTS)
# Java VM: OpenJDK 64-Bit Server VM Microsoft-11369865 (17.0.15+6-LTS, mixed mode, sharing, tiered, compressed oops, compressed class ptrs, g1 gc, windows-amd64)
# No core dump will be written. Minidumps are not enabled by default on client versions of Windows
#

---------------  S U M M A R Y ------------

Command Line: --add-opens=java.base/java.lang=ALL-UNNAMED --add-opens=java.base/java.lang.invoke=ALL-UNNAMED --add-opens=java.base/java.util=ALL-UNNAMED --add-opens=java.prefs/java.util.prefs=ALL-UNNAMED --add-exports=jdk.compiler/com.sun.tools.javac.api=ALL-UNNAMED --add-exports=jdk.compiler/com.sun.tools.javac.util=ALL-UNNAMED --add-opens=java.base/java.util=ALL-UNNAMED --add-opens=java.prefs/java.util.prefs=ALL-UNNAMED --add-opens=java.base/java.nio.charset=ALL-UNNAMED --add-opens=java.base/java.net=ALL-UNNAMED --add-opens=java.base/java.util.concurrent.atomic=ALL-UNNAMED --add-opens=java.xml/javax.xml.namespace=ALL-UNNAMED -XX:+HeapDumpOnOutOfMemoryError -Xmx1536m -Dfile.encoding=UTF-8 -Duser.country=IN -Duser.language=en -Duser.variant -javaagent:C:\Users\HP\.gradle\wrapper\dists\gradle-8.14.1-bin\baw1sv0jfoi8rxs14qo3h49cs\gradle-8.14.1\lib\agents\gradle-instrumentation-agent-8.14.1.jar org.gradle.launcher.daemon.bootstrap.GradleDaemon 8.14.1

Host: 12th Gen Intel(R) Core(TM) i5-1235U, 12 cores, 7G,  Windows 11 , 64 bit Build 26100 (10.0.26100.7623)
Time: Fri Feb 13 14:00:46 2026 India Standard Time elapsed time: 50.527250 seconds (0d 0h 0m 50s)

---------------  T H R E A D  ---------------

Current thread (0x0000028d59fca380):  VMThread "VM Thread" [stack: 0x000000edb2f00000,0x000000edb3000000] [id=18328]

Stack: [0x000000edb2f00000,0x000000edb3000000]
Native frames: (J=compiled Java code, j=interpreted, Vv=VM code, C=native code)
V  [jvm.dll+0x6887a9]
V  [jvm.dll+0x83f5a8]
V  [jvm.dll+0x841053]
V  [jvm.dll+0x8416c3]
V  [jvm.dll+0x2496ef]
V  [jvm.dll+0x6856e9]
V  [jvm.dll+0x679b7a]
V  [jvm.dll+0x30b0d7]
V  [jvm.dll+0x312646]
V  [jvm.dll+0x36300e]
V  [jvm.dll+0x36324d]
V  [jvm.dll+0x2e236c]
V  [jvm.dll+0x2e0719]
V  [jvm.dll+0x2dfe7c]
V  [jvm.dll+0x322e01]
V  [jvm.dll+0x845efd]
V  [jvm.dll+0x846c33]
V  [jvm.dll+0x84715f]
V  [jvm.dll+0x847544]
V  [jvm.dll+0x84760e]
V  [jvm.dll+0x7ef2dc]
V  [jvm.dll+0x687687]
C  [ucrtbase.dll+0x37b0]
C  [KERNEL32.DLL+0x2e8d7]
C  [ntdll.dll+0x8c53c]

VM_Operation (0x000000edb46f3d10): G1TryInitiateConcMark, mode: safepoint, requested by thread 0x0000028da11ed350


---------------  P R O C E S S  ---------------

Threads class SMR info:
_java_thread_list=0x0000028da563af60, length=195, elements={
0x0000028d3c9f2b10, 0x0000028d59fd0ef0, 0x0000028d59fd2330, 0x0000028d59fe8840,
0x0000028d59fe9110, 0x0000028d59fea550, 0x0000028d59fed9a0, 0x0000028d59ff1120,
0x0000028d59ff4660, 0x0000028d59ff9f00, 0x0000028d5a0ff570, 0x0000028d5a1cb9c0,
0x0000028da10a4630, 0x0000028d5a4594a0, 0x0000028d5a7b92c0, 0x0000028da04beb10,
0x0000028da11ab480, 0x0000028da11ea0b0, 0x0000028da11ed350, 0x0000028da11ec420,
0x0000028da11ed860, 0x0000028da11ec930, 0x0000028da11eb4f0, 0x0000028da11eafe0,
0x0000028da11ea5c0, 0x0000028da11ece40, 0x0000028da11ebf10, 0x0000028da11eaad0,
0x0000028da13a39d0, 0x0000028da13a2080, 0x0000028da13a5d40, 0x0000028da13a6250,
0x0000028da13a7690, 0x0000028da13a7180, 0x0000028da13a3ee0, 0x0000028da13a7ba0,
0x0000028da13a80b0, 0x0000028da13a4900, 0x0000028da13a85c0, 0x0000028da13a8ad0,
0x0000028da13a8fe0, 0x0000028da13a94f0, 0x0000028da3804120, 0x0000028da3805050,
0x0000028da3805560, 0x0000028da3804630, 0x0000028da3803700, 0x0000028da38069a0,
0x0000028da3803c10, 0x0000028da3806490, 0x0000028da38078d0, 0x0000028da3806eb0,
0x0000028da38073c0, 0x0000028da3807de0, 0x0000028da3805a70, 0x0000028da3804b40,
0x0000028da38082f0, 0x0000028da3809730, 0x0000028da3808800, 0x0000028da3808d10,
0x0000028da3809220, 0x0000028da3805f80, 0x0000028da380b080, 0x0000028da380a150,
0x0000028da380a660, 0x0000028da3809c40, 0x0000028da380ab70, 0x0000028da1332ee0,
0x0000028da13324c0, 0x0000028da1334830, 0x0000028da1331fb0, 0x0000028da1333900,
0x0000028da1334320, 0x0000028da13333f0, 0x0000028da1331080, 0x0000028da1331aa0,
0x0000028da1333e10, 0x0000028da1337ad0, 0x0000028da1337fe0, 0x0000028da13375c0,
0x0000028da1338a00, 0x0000028da1336180, 0x0000028da1336690, 0x0000028da1335250,
0x0000028da13384f0, 0x0000028da1336ba0, 0x0000028da1335760, 0x0000028da18e3de0,
0x0000028da18e42f0, 0x0000028da18e4800, 0x0000028da18e29a0, 0x0000028da18e5220,
0x0000028da18e4d10, 0x0000028da18e5c40, 0x0000028da18e2490, 0x0000028da18e6660,
0x0000028da18e38d0, 0x0000028da18e5730, 0x0000028da18e6b70, 0x0000028da18e6150,
0x0000028da18e33c0, 0x0000028da18e7080, 0x0000028da18e84c0, 0x0000028da18e8ee0,
0x0000028da18e9900, 0x0000028da18e89d0, 0x0000028da18e93f0, 0x0000028da18e7590,
0x0000028da18e7aa0, 0x0000028da18e7fb0, 0x0000028da1930bb0, 0x0000028da19310c0,
0x0000028da19315d0, 0x0000028da1932500, 0x0000028da1931ff0, 0x0000028da192f770,
0x0000028da192f260, 0x0000028da1931ae0, 0x0000028da1930190, 0x0000028da192fc80,
0x0000028da192ed50, 0x0000028da1933940, 0x0000028da1932a10, 0x0000028da1932f20,
0x0000028da1933430, 0x0000028da19306a0, 0x0000028da1933e50, 0x0000028da1934360,
0x0000028da1934870, 0x0000028da1934d80, 0x0000028da1935cb0, 0x0000028da19357a0,
0x0000028da19361c0, 0x0000028da19366d0, 0x0000028da503b4a0, 0x0000028da503bec0,
0x0000028da503c8e0, 0x0000028da503cdf0, 0x0000028da503d300, 0x0000028da503b9b0,
0x0000028da503aa80, 0x0000028da503c3d0, 0x0000028da503a060, 0x0000028da503d810,
0x0000028da503dd20, 0x0000028da503af90, 0x0000028da503a570, 0x0000028da5040090,
0x0000028da50405a0, 0x0000028da503f160, 0x0000028da503e230, 0x0000028da5040fc0,
0x0000028da50414d0, 0x0000028da5040ab0, 0x0000028da50419e0, 0x0000028da503e740,
0x0000028da503ec50, 0x0000028da503fb80, 0x0000028da436e660, 0x0000028da436d220,
0x0000028da4370ee0, 0x0000028da436d730, 0x0000028da43709d0, 0x0000028da436eb70,
0x0000028da436f080, 0x0000028da436ffb0, 0x0000028da436f590, 0x0000028da43704c0,
0x0000028da43713f0, 0x0000028da436faa0, 0x0000028da436dc40, 0x0000028da4371900,
0x0000028da436e150, 0x0000028da4374ba0, 0x0000028da4371e10, 0x0000028da4373c70,
0x0000028da4372d40, 0x0000028da4373250, 0x0000028da4373760, 0x0000028da4374690,
0x0000028da503f670, 0x0000028da0379080, 0x0000028da0378b70, 0x0000028da03762f0,
0x0000028da0379590, 0x0000028da0379aa0, 0x0000028da0377730, 0x0000028da0378150,
0x0000028da2bc7d90, 0x0000028da037be10, 0x0000028da037c320, 0x0000028da037c830,
0x0000028da1335c70, 0x0000028da4372320, 0x0000028da1c5cda0
}

Java Threads: ( => current thread )
  0x0000028d3c9f2b10 JavaThread "main" [_thread_blocked, id=29268, stack(0x000000edb2900000,0x000000edb2a00000)]
  0x0000028d59fd0ef0 JavaThread "Reference Handler" daemon [_thread_blocked, id=23240, stack(0x000000edb3000000,0x000000edb3100000)]
  0x0000028d59fd2330 JavaThread "Finalizer" daemon [_thread_blocked, id=32780, stack(0x000000edb3100000,0x000000edb3200000)]
  0x0000028d59fe8840 JavaThread "Signal Dispatcher" daemon [_thread_blocked, id=27788, stack(0x000000edb3200000,0x000000edb3300000)]
  0x0000028d59fe9110 JavaThread "Attach Listener" daemon [_thread_blocked, id=31520, stack(0x000000edb3300000,0x000000edb3400000)]
  0x0000028d59fea550 JavaThread "Service Thread" daemon [_thread_blocked, id=27844, stack(0x000000edb3400000,0x000000edb3500000)]
  0x0000028d59fed9a0 JavaThread "Monitor Deflation Thread" daemon [_thread_blocked, id=29404, stack(0x000000edb3500000,0x000000edb3600000)]
  0x0000028d59ff1120 JavaThread "C2 CompilerThread0" daemon [_thread_blocked, id=25328, stack(0x000000edb3600000,0x000000edb3700000)]
  0x0000028d59ff4660 JavaThread "C1 CompilerThread0" daemon [_thread_blocked, id=26788, stack(0x000000edb3700000,0x000000edb3800000)]
  0x0000028d59ff9f00 JavaThread "Sweeper thread" daemon [_thread_blocked, id=16536, stack(0x000000edb3800000,0x000000edb3900000)]
  0x0000028d5a0ff570 JavaThread "Common-Cleaner" daemon [_thread_blocked, id=17280, stack(0x000000edb3900000,0x000000edb3a00000)]
  0x0000028d5a1cb9c0 JavaThread "Notification Thread" daemon [_thread_blocked, id=27880, stack(0x000000edb3a00000,0x000000edb3b00000)]
  0x0000028da10a4630 JavaThread "Daemon health stats" [_thread_blocked, id=23472, stack(0x000000edb3c00000,0x000000edb3d00000)]
  0x0000028d5a4594a0 JavaThread "Incoming local TCP Connector on port 50775" [_thread_in_native, id=23372, stack(0x000000edb4100000,0x000000edb4200000)]
  0x0000028d5a7b92c0 JavaThread "Daemon periodic checks" [_thread_blocked, id=32872, stack(0x000000edb4200000,0x000000edb4300000)]
  0x0000028da04beb10 JavaThread "Daemon" [_thread_blocked, id=23332, stack(0x000000edb4300000,0x000000edb4400000)]
  0x0000028da11ab480 JavaThread "Handler for socket connection from /127.0.0.1:50775 to /127.0.0.1:50776" [_thread_in_native, id=7256, stack(0x000000edb4400000,0x000000edb4500000)]
  0x0000028da11ea0b0 JavaThread "Cancel handler" [_thread_blocked, id=29280, stack(0x000000edb4500000,0x000000edb4600000)]
  0x0000028da11ed350 JavaThread "Daemon worker" [_thread_blocked, id=1800, stack(0x000000edb4600000,0x000000edb4700000)]
  0x0000028da11ec420 JavaThread "Asynchronous log dispatcher for DefaultDaemonConnection: socket connection from /127.0.0.1:50775 to /127.0.0.1:50776" [_thread_blocked, id=10600, stack(0x000000edb4700000,0x000000edb4800000)]
  0x0000028da11ed860 JavaThread "Stdin handler" [_thread_blocked, id=19136, stack(0x000000edb4800000,0x000000edb4900000)]
  0x0000028da11ec930 JavaThread "Daemon client event forwarder" [_thread_blocked, id=33488, stack(0x000000edb4900000,0x000000edb4a00000)]
  0x0000028da11eb4f0 JavaThread "Cache worker for journal cache (C:\Users\HP\.gradle\caches\journal-1)" [_thread_blocked, id=29052, stack(0x000000edb4a00000,0x000000edb4b00000)]
  0x0000028da11eafe0 JavaThread "File lock request listener" [_thread_in_native, id=32080, stack(0x000000edb4b00000,0x000000edb4c00000)]
  0x0000028da11ea5c0 JavaThread "Cache worker for file hash cache (C:\Users\HP\.gradle\caches\8.14.1\fileHashes)" [_thread_blocked, id=21624, stack(0x000000edb4c00000,0x000000edb4d00000)]
  0x0000028da11ece40 JavaThread "Cache worker for file hash cache (D:\Parkitdemo\Updated-Sundukpay\android\.gradle\8.14.1\fileHashes)" [_thread_blocked, id=28448, stack(0x000000edb5300000,0x000000edb5400000)]
  0x0000028da11ebf10 JavaThread "Cache worker for Build Output Cleanup Cache (D:\Parkitdemo\Updated-Sundukpay\android\.gradle\buildOutputCleanup)" [_thread_blocked, id=16904, stack(0x000000edb4d00000,0x000000edb4e00000)]
  0x0000028da11eaad0 JavaThread "File watcher server" daemon [_thread_in_native, id=10288, stack(0x000000edb5700000,0x000000edb5800000)]
  0x0000028da13a39d0 JavaThread "File watcher consumer" daemon [_thread_blocked, id=28068, stack(0x000000edb5800000,0x000000edb5900000)]
  0x0000028da13a2080 JavaThread "jar transforms" [_thread_blocked, id=444, stack(0x000000edb5900000,0x000000edb5a00000)]
  0x0000028da13a5d40 JavaThread "Cache worker for checksums cache (D:\Parkitdemo\Updated-Sundukpay\android\.gradle\8.14.1\checksums)" [_thread_blocked, id=32940, stack(0x000000edb5400000,0x000000edb5500000)]
  0x0000028da13a6250 JavaThread "Cache worker for file content cache (C:\Users\HP\.gradle\caches\8.14.1\fileContent)" [_thread_blocked, id=18692, stack(0x000000edb5a00000,0x000000edb5b00000)]
  0x0000028da13a7690 JavaThread "Cache worker for cache directory md-supplier (C:\Users\HP\.gradle\caches\8.14.1\md-supplier)" [_thread_blocked, id=5816, stack(0x000000edb5c00000,0x000000edb5d00000)]
  0x0000028da13a7180 JavaThread "Cache worker for cache directory md-rule (C:\Users\HP\.gradle\caches\8.14.1\md-rule)" [_thread_blocked, id=26336, stack(0x000000edb5d00000,0x000000edb5e00000)]
  0x0000028da13a3ee0 JavaThread "File lock release action executor" [_thread_blocked, id=3032, stack(0x000000edb5e00000,0x000000edb5f00000)]
  0x0000028da13a7ba0 JavaThread "Cache worker for Build Output Cleanup Cache (D:\Parkitdemo\Updated-Sundukpay\node_modules\@react-native\gradle-plugin\.gradle\buildOutputCleanup)" [_thread_blocked, id=26372, stack(0x000000edb5f00000,0x000000edb6000000)]
  0x0000028da13a80b0 JavaThread "Unconstrained build operations" [_thread_blocked, id=15384, stack(0x000000edb6000000,0x000000edb6100000)]
  0x0000028da13a4900 JavaThread "Unconstrained build operations Thread 2" [_thread_blocked, id=20344, stack(0x000000edb6100000,0x000000edb6200000)]
  0x0000028da13a85c0 JavaThread "Unconstrained build operations Thread 3" [_thread_blocked, id=24060, stack(0x000000edb5b00000,0x000000edb5c00000)]
  0x0000028da13a8ad0 JavaThread "Unconstrained build operations Thread 4" [_thread_blocked, id=11204, stack(0x000000edb6200000,0x000000edb6300000)]
  0x0000028da13a8fe0 JavaThread "Unconstrained build operations Thread 5" [_thread_blocked, id=23140, stack(0x000000edb6300000,0x000000edb6400000)]
  0x0000028da13a94f0 JavaThread "Unconstrained build operations Thread 6" [_thread_blocked, id=33684, stack(0x000000edb6400000,0x000000edb6500000)]
  0x0000028da3804120 JavaThread "Unconstrained build operations Thread 7" [_thread_blocked, id=32124, stack(0x000000edb6600000,0x000000edb6700000)]
  0x0000028da3805050 JavaThread "Unconstrained build operations Thread 8" [_thread_blocked, id=28944, stack(0x000000edb6700000,0x000000edb6800000)]
  0x0000028da3805560 JavaThread "Unconstrained build operations Thread 9" [_thread_blocked, id=7740, stack(0x000000edb6800000,0x000000edb6900000)]
  0x0000028da3804630 JavaThread "Unconstrained build operations Thread 10" [_thread_blocked, id=26216, stack(0x000000edb6900000,0x000000edb6a00000)]
  0x0000028da3803700 JavaThread "Unconstrained build operations Thread 11" [_thread_blocked, id=32508, stack(0x000000edb6a00000,0x000000edb6b00000)]
  0x0000028da38069a0 JavaThread "Unconstrained build operations Thread 12" [_thread_blocked, id=30596, stack(0x000000edb6b00000,0x000000edb6c00000)]
  0x0000028da3803c10 JavaThread "Unconstrained build operations Thread 13" [_thread_blocked, id=31760, stack(0x000000edb6c00000,0x000000edb6d00000)]
  0x0000028da3806490 JavaThread "Unconstrained build operations Thread 14" [_thread_blocked, id=2776, stack(0x000000edb6d00000,0x000000edb6e00000)]
  0x0000028da38078d0 JavaThread "Unconstrained build operations Thread 15" [_thread_blocked, id=5920, stack(0x000000edb6e00000,0x000000edb6f00000)]
  0x0000028da3806eb0 JavaThread "Unconstrained build operations Thread 16" [_thread_blocked, id=31228, stack(0x000000edb6f00000,0x000000edb7000000)]
  0x0000028da38073c0 JavaThread "Unconstrained build operations Thread 17" [_thread_blocked, id=16280, stack(0x000000edb7000000,0x000000edb7100000)]
  0x0000028da3807de0 JavaThread "Unconstrained build operations Thread 18" [_thread_blocked, id=32492, stack(0x000000edb6500000,0x000000edb6600000)]
  0x0000028da3805a70 JavaThread "Unconstrained build operations Thread 19" [_thread_blocked, id=10376, stack(0x000000edb7100000,0x000000edb7200000)]
  0x0000028da3804b40 JavaThread "Unconstrained build operations Thread 20" [_thread_blocked, id=26812, stack(0x000000edb7200000,0x000000edb7300000)]
  0x0000028da38082f0 JavaThread "Unconstrained build operations Thread 21" [_thread_blocked, id=21276, stack(0x000000edb7300000,0x000000edb7400000)]
  0x0000028da3809730 JavaThread "Unconstrained build operations Thread 22" [_thread_blocked, id=28120, stack(0x000000edb7400000,0x000000edb7500000)]
  0x0000028da3808800 JavaThread "Unconstrained build operations Thread 23" [_thread_blocked, id=24200, stack(0x000000edb7500000,0x000000edb7600000)]
  0x0000028da3808d10 JavaThread "Unconstrained build operations Thread 24" [_thread_blocked, id=30964, stack(0x000000edb7600000,0x000000edb7700000)]
  0x0000028da3809220 JavaThread "Unconstrained build operations Thread 25" [_thread_blocked, id=16296, stack(0x000000edb7700000,0x000000edb7800000)]
  0x0000028da3805f80 JavaThread "Unconstrained build operations Thread 26" [_thread_blocked, id=25540, stack(0x000000edb7800000,0x000000edb7900000)]
  0x0000028da380b080 JavaThread "Unconstrained build operations Thread 27" [_thread_blocked, id=21608, stack(0x000000edb7900000,0x000000edb7a00000)]
  0x0000028da380a150 JavaThread "Unconstrained build operations Thread 28" [_thread_blocked, id=22688, stack(0x000000edb7a00000,0x000000edb7b00000)]
  0x0000028da380a660 JavaThread "Unconstrained build operations Thread 29" [_thread_blocked, id=28880, stack(0x000000edb7b00000,0x000000edb7c00000)]
  0x0000028da3809c40 JavaThread "Unconstrained build operations Thread 30" [_thread_blocked, id=14268, stack(0x000000edb7c00000,0x000000edb7d00000)]
  0x0000028da380ab70 JavaThread "Unconstrained build operations Thread 31" [_thread_blocked, id=13296, stack(0x000000edb7d00000,0x000000edb7e00000)]
  0x0000028da1332ee0 JavaThread "Unconstrained build operations Thread 32" [_thread_blocked, id=11008, stack(0x000000edb7e00000,0x000000edb7f00000)]
  0x0000028da13324c0 JavaThread "Unconstrained build operations Thread 33" [_thread_blocked, id=32044, stack(0x000000edb7f00000,0x000000edb8000000)]
  0x0000028da1334830 JavaThread "Unconstrained build operations Thread 34" [_thread_blocked, id=32468, stack(0x000000edb8000000,0x000000edb8100000)]
  0x0000028da1331fb0 JavaThread "Unconstrained build operations Thread 35" [_thread_blocked, id=25068, stack(0x000000edb8100000,0x000000edb8200000)]
  0x0000028da1333900 JavaThread "Unconstrained build operations Thread 36" [_thread_blocked, id=29092, stack(0x000000edb8200000,0x000000edb8300000)]
  0x0000028da1334320 JavaThread "Unconstrained build operations Thread 37" [_thread_blocked, id=32196, stack(0x000000edb8300000,0x000000edb8400000)]
  0x0000028da13333f0 JavaThread "Unconstrained build operations Thread 38" [_thread_blocked, id=4268, stack(0x000000edb8400000,0x000000edb8500000)]
  0x0000028da1331080 JavaThread "Unconstrained build operations Thread 39" [_thread_blocked, id=14416, stack(0x000000edb8500000,0x000000edb8600000)]
  0x0000028da1331aa0 JavaThread "build event listener" [_thread_blocked, id=25720, stack(0x000000edb8600000,0x000000edb8700000)]
  0x0000028da1333e10 JavaThread "Memory manager" [_thread_blocked, id=33528, stack(0x000000edb8700000,0x000000edb8800000)]
  0x0000028da1337ad0 JavaThread "ForkJoinPool.commonPool-worker-1" daemon [_thread_blocked, id=16104, stack(0x000000edb8900000,0x000000edb8a00000)]
  0x0000028da1337fe0 JavaThread "ForkJoinPool.commonPool-worker-2" daemon [_thread_blocked, id=10996, stack(0x000000edb8a00000,0x000000edb8b00000)]
  0x0000028da13375c0 JavaThread "ForkJoinPool.commonPool-worker-3" daemon [_thread_blocked, id=27268, stack(0x000000edb8b00000,0x000000edb8c00000)]
  0x0000028da1338a00 JavaThread "ForkJoinPool.commonPool-worker-4" daemon [_thread_blocked, id=32220, stack(0x000000edb8c00000,0x000000edb8d00000)]
  0x0000028da1336180 JavaThread "ForkJoinPool.commonPool-worker-5" daemon [_thread_blocked, id=33424, stack(0x000000edb8d00000,0x000000edb8e00000)]
  0x0000028da1336690 JavaThread "ForkJoinPool.commonPool-worker-6" daemon [_thread_blocked, id=30464, stack(0x000000edb8e00000,0x000000edb8f00000)]
  0x0000028da1335250 JavaThread "ForkJoinPool.commonPool-worker-7" daemon [_thread_blocked, id=31828, stack(0x000000edb8f00000,0x000000edb9000000)]
  0x0000028da13384f0 JavaThread "ForkJoinPool.commonPool-worker-8" daemon [_thread_blocked, id=32304, stack(0x000000edb9000000,0x000000edb9100000)]
  0x0000028da1336ba0 JavaThread "ForkJoinPool.commonPool-worker-9" daemon [_thread_blocked, id=32964, stack(0x000000edb9100000,0x000000edb9200000)]
  0x0000028da1335760 JavaThread "ForkJoinPool.commonPool-worker-10" daemon [_thread_blocked, id=30180, stack(0x000000edb9200000,0x000000edb9300000)]
  0x0000028da18e3de0 JavaThread "included builds" [_thread_blocked, id=25960, stack(0x000000edb9300000,0x000000edb9400000)]
  0x0000028da18e42f0 JavaThread "Execution worker" [_thread_blocked, id=5776, stack(0x000000edb9400000,0x000000edb9500000)]
  0x0000028da18e4800 JavaThread "Execution worker Thread 2" [_thread_blocked, id=24600, stack(0x000000edb9500000,0x000000edb9600000)]
  0x0000028da18e29a0 JavaThread "Execution worker Thread 3" [_thread_blocked, id=16428, stack(0x000000edb9600000,0x000000edb9700000)]
  0x0000028da18e5220 JavaThread "Execution worker Thread 4" [_thread_blocked, id=24784, stack(0x000000edb9700000,0x000000edb9800000)]
  0x0000028da18e4d10 JavaThread "Execution worker Thread 5" [_thread_blocked, id=22376, stack(0x000000edb9800000,0x000000edb9900000)]
  0x0000028da18e5c40 JavaThread "Execution worker Thread 6" [_thread_blocked, id=9584, stack(0x000000edb9900000,0x000000edb9a00000)]
  0x0000028da18e2490 JavaThread "Execution worker Thread 7" [_thread_blocked, id=10092, stack(0x000000edb9a00000,0x000000edb9b00000)]
  0x0000028da18e6660 JavaThread "Execution worker Thread 8" [_thread_blocked, id=22568, stack(0x000000edb9b00000,0x000000edb9c00000)]
  0x0000028da18e38d0 JavaThread "Execution worker Thread 9" [_thread_blocked, id=28624, stack(0x000000edb9c00000,0x000000edb9d00000)]
  0x0000028da18e5730 JavaThread "Execution worker Thread 10" [_thread_blocked, id=8616, stack(0x000000edb9d00000,0x000000edb9e00000)]
  0x0000028da18e6b70 JavaThread "Execution worker Thread 11" [_thread_blocked, id=32804, stack(0x000000edb9e00000,0x000000edb9f00000)]
  0x0000028da18e6150 JavaThread "Cache worker for execution history cache (D:\Parkitdemo\Updated-Sundukpay\node_modules\@react-native\gradle-plugin\.gradle\8.14.1\executionHistory)" [_thread_blocked, id=14052, stack(0x000000edb9f00000,0x000000edba000000)]
  0x0000028da18e33c0 JavaThread "Unconstrained build operations Thread 40" [_thread_blocked, id=15932, stack(0x000000edba000000,0x000000edba100000)]
  0x0000028da18e7080 JavaThread "Unconstrained build operations Thread 41" [_thread_blocked, id=21036, stack(0x000000edba100000,0x000000edba200000)]
  0x0000028da18e84c0 JavaThread "Unconstrained build operations Thread 42" [_thread_blocked, id=15548, stack(0x000000edba200000,0x000000edba300000)]
  0x0000028da18e8ee0 JavaThread "Unconstrained build operations Thread 43" [_thread_blocked, id=25784, stack(0x000000edba300000,0x000000edba400000)]
  0x0000028da18e9900 JavaThread "Unconstrained build operations Thread 44" [_thread_blocked, id=23508, stack(0x000000edba400000,0x000000edba500000)]
  0x0000028da18e89d0 JavaThread "Unconstrained build operations Thread 45" [_thread_blocked, id=20748, stack(0x000000edba500000,0x000000edba600000)]
  0x0000028da18e93f0 JavaThread "Unconstrained build operations Thread 46" [_thread_blocked, id=23724, stack(0x000000edba600000,0x000000edba700000)]
  0x0000028da18e7590 JavaThread "Unconstrained build operations Thread 47" [_thread_blocked, id=132, stack(0x000000edba700000,0x000000edba800000)]
  0x0000028da18e7aa0 JavaThread "Unconstrained build operations Thread 48" [_thread_blocked, id=31472, stack(0x000000edba800000,0x000000edba900000)]
  0x0000028da18e7fb0 JavaThread "Unconstrained build operations Thread 49" [_thread_blocked, id=31188, stack(0x000000edba900000,0x000000edbaa00000)]
  0x0000028da1930bb0 JavaThread "Unconstrained build operations Thread 50" [_thread_blocked, id=12680, stack(0x000000edbaa00000,0x000000edbab00000)]
  0x0000028da19310c0 JavaThread "Unconstrained build operations Thread 51" [_thread_blocked, id=33712, stack(0x000000edbab00000,0x000000edbac00000)]
  0x0000028da19315d0 JavaThread "Unconstrained build operations Thread 52" [_thread_blocked, id=26556, stack(0x000000edbac00000,0x000000edbad00000)]
  0x0000028da1932500 JavaThread "Unconstrained build operations Thread 53" [_thread_blocked, id=32104, stack(0x000000edbad00000,0x000000edbae00000)]
  0x0000028da1931ff0 JavaThread "Unconstrained build operations Thread 54" [_thread_blocked, id=32592, stack(0x000000edbae00000,0x000000edbaf00000)]
  0x0000028da192f770 JavaThread "Unconstrained build operations Thread 55" [_thread_blocked, id=24840, stack(0x000000edbaf00000,0x000000edbb000000)]
  0x0000028da192f260 JavaThread "Unconstrained build operations Thread 56" [_thread_blocked, id=14532, stack(0x000000edbb000000,0x000000edbb100000)]
  0x0000028da1931ae0 JavaThread "Unconstrained build operations Thread 57" [_thread_blocked, id=30888, stack(0x000000edbb100000,0x000000edbb200000)]
  0x0000028da1930190 JavaThread "Unconstrained build operations Thread 58" [_thread_blocked, id=24532, stack(0x000000edbb200000,0x000000edbb300000)]
  0x0000028da192fc80 JavaThread "Unconstrained build operations Thread 59" [_thread_blocked, id=18440, stack(0x000000edbb300000,0x000000edbb400000)]
  0x0000028da192ed50 JavaThread "Unconstrained build operations Thread 60" [_thread_blocked, id=15100, stack(0x000000edbb400000,0x000000edbb500000)]
  0x0000028da1933940 JavaThread "Unconstrained build operations Thread 61" [_thread_blocked, id=30576, stack(0x000000edbb500000,0x000000edbb600000)]
  0x0000028da1932a10 JavaThread "Unconstrained build operations Thread 62" [_thread_blocked, id=22956, stack(0x000000edbb600000,0x000000edbb700000)]
  0x0000028da1932f20 JavaThread "Unconstrained build operations Thread 63" [_thread_blocked, id=21736, stack(0x000000edbb700000,0x000000edbb800000)]
  0x0000028da1933430 JavaThread "Unconstrained build operations Thread 64" [_thread_blocked, id=5836, stack(0x000000edbb800000,0x000000edbb900000)]
  0x0000028da19306a0 JavaThread "Unconstrained build operations Thread 65" [_thread_blocked, id=20604, stack(0x000000edbb900000,0x000000edbba00000)]
  0x0000028da1933e50 JavaThread "Unconstrained build operations Thread 66" [_thread_blocked, id=27724, stack(0x000000edbba00000,0x000000edbbb00000)]
  0x0000028da1934360 JavaThread "Unconstrained build operations Thread 67" [_thread_blocked, id=16392, stack(0x000000edbbb00000,0x000000edbbc00000)]
  0x0000028da1934870 JavaThread "Unconstrained build operations Thread 68" [_thread_blocked, id=31504, stack(0x000000edbbc00000,0x000000edbbd00000)]
  0x0000028da1934d80 JavaThread "Unconstrained build operations Thread 69" [_thread_blocked, id=31868, stack(0x000000edbbd00000,0x000000edbbe00000)]
  0x0000028da1935cb0 JavaThread "Unconstrained build operations Thread 70" [_thread_blocked, id=20568, stack(0x000000edbbe00000,0x000000edbbf00000)]
  0x0000028da19357a0 JavaThread "Unconstrained build operations Thread 71" [_thread_blocked, id=15224, stack(0x000000edbbf00000,0x000000edbc000000)]
  0x0000028da19361c0 JavaThread "Unconstrained build operations Thread 72" [_thread_blocked, id=21652, stack(0x000000edbc000000,0x000000edbc100000)]
  0x0000028da19366d0 JavaThread "Unconstrained build operations Thread 73" [_thread_blocked, id=25164, stack(0x000000edbc100000,0x000000edbc200000)]
  0x0000028da503b4a0 JavaThread "Unconstrained build operations Thread 74" [_thread_blocked, id=25748, stack(0x000000edbc200000,0x000000edbc300000)]
  0x0000028da503bec0 JavaThread "Unconstrained build operations Thread 75" [_thread_blocked, id=5844, stack(0x000000edbc300000,0x000000edbc400000)]
  0x0000028da503c8e0 JavaThread "Unconstrained build operations Thread 76" [_thread_blocked, id=24580, stack(0x000000edbc400000,0x000000edbc500000)]
  0x0000028da503cdf0 JavaThread "Unconstrained build operations Thread 77" [_thread_blocked, id=14752, stack(0x000000edbc500000,0x000000edbc600000)]
  0x0000028da503d300 JavaThread "Unconstrained build operations Thread 78" [_thread_blocked, id=14536, stack(0x000000edbc600000,0x000000edbc700000)]
  0x0000028da503b9b0 JavaThread "Unconstrained build operations Thread 79" [_thread_blocked, id=25764, stack(0x000000edbc700000,0x000000edbc800000)]
  0x0000028da503aa80 JavaThread "Unconstrained build operations Thread 80" [_thread_blocked, id=24260, stack(0x000000edbc800000,0x000000edbc900000)]
  0x0000028da503c3d0 JavaThread "Unconstrained build operations Thread 81" [_thread_blocked, id=25172, stack(0x000000edbc900000,0x000000edbca00000)]
  0x0000028da503a060 JavaThread "Unconstrained build operations Thread 82" [_thread_blocked, id=9348, stack(0x000000edbcc00000,0x000000edbcd00000)]
  0x0000028da503d810 JavaThread "Unconstrained build operations Thread 83" [_thread_blocked, id=18820, stack(0x000000edbcd00000,0x000000edbce00000)]
  0x0000028da503dd20 JavaThread "Unconstrained build operations Thread 84" [_thread_blocked, id=30892, stack(0x000000edbce00000,0x000000edbcf00000)]
  0x0000028da503af90 JavaThread "Unconstrained build operations Thread 85" [_thread_blocked, id=20416, stack(0x000000edbcf00000,0x000000edbd000000)]
  0x0000028da503a570 JavaThread "Unconstrained build operations Thread 86" [_thread_blocked, id=31152, stack(0x000000edbd000000,0x000000edbd100000)]
  0x0000028da5040090 JavaThread "Unconstrained build operations Thread 87" [_thread_blocked, id=26756, stack(0x000000edbd100000,0x000000edbd200000)]
  0x0000028da50405a0 JavaThread "Unconstrained build operations Thread 88" [_thread_blocked, id=9280, stack(0x000000edbd200000,0x000000edbd300000)]
  0x0000028da503f160 JavaThread "Unconstrained build operations Thread 89" [_thread_blocked, id=3396, stack(0x000000edbd300000,0x000000edbd400000)]
  0x0000028da503e230 JavaThread "Unconstrained build operations Thread 90" [_thread_blocked, id=19336, stack(0x000000edbd400000,0x000000edbd500000)]
  0x0000028da5040fc0 JavaThread "Unconstrained build operations Thread 91" [_thread_blocked, id=30792, stack(0x000000edbd500000,0x000000edbd600000)]
  0x0000028da50414d0 JavaThread "Unconstrained build operations Thread 92" [_thread_blocked, id=26292, stack(0x000000edbd600000,0x000000edbd700000)]
  0x0000028da5040ab0 JavaThread "Unconstrained build operations Thread 93" [_thread_blocked, id=32096, stack(0x000000edbd700000,0x000000edbd800000)]
  0x0000028da50419e0 JavaThread "Unconstrained build operations Thread 94" [_thread_blocked, id=10988, stack(0x000000edbd800000,0x000000edbd900000)]
  0x0000028da503e740 JavaThread "Unconstrained build operations Thread 95" [_thread_blocked, id=29108, stack(0x000000edbd900000,0x000000edbda00000)]
  0x0000028da503ec50 JavaThread "Unconstrained build operations Thread 96" [_thread_blocked, id=24168, stack(0x000000edbda00000,0x000000edbdb00000)]
  0x0000028da503fb80 JavaThread "Unconstrained build operations Thread 97" [_thread_blocked, id=31328, stack(0x000000edbdb00000,0x000000edbdc00000)]
  0x0000028da436e660 JavaThread "Unconstrained build operations Thread 98" [_thread_blocked, id=32412, stack(0x000000edbdc00000,0x000000edbdd00000)]
  0x0000028da436d220 JavaThread "Unconstrained build operations Thread 99" [_thread_blocked, id=9924, stack(0x000000edbdd00000,0x000000edbde00000)]
  0x0000028da4370ee0 JavaThread "Unconstrained build operations Thread 100" [_thread_blocked, id=29336, stack(0x000000edbde00000,0x000000edbdf00000)]
  0x0000028da436d730 JavaThread "Unconstrained build operations Thread 101" [_thread_blocked, id=15168, stack(0x000000edbdf00000,0x000000edbe000000)]
  0x0000028da43709d0 JavaThread "Unconstrained build operations Thread 102" [_thread_blocked, id=24552, stack(0x000000edbe000000,0x000000edbe100000)]
  0x0000028da436eb70 JavaThread "Unconstrained build operations Thread 103" [_thread_blocked, id=27720, stack(0x000000edbe100000,0x000000edbe200000)]
  0x0000028da436f080 JavaThread "Unconstrained build operations Thread 104" [_thread_blocked, id=31864, stack(0x000000edbe200000,0x000000edbe300000)]
  0x0000028da436ffb0 JavaThread "Unconstrained build operations Thread 105" [_thread_blocked, id=27276, stack(0x000000edbe300000,0x000000edbe400000)]
  0x0000028da436f590 JavaThread "Unconstrained build operations Thread 106" [_thread_blocked, id=27900, stack(0x000000edbe400000,0x000000edbe500000)]
  0x0000028da43704c0 JavaThread "Unconstrained build operations Thread 107" [_thread_blocked, id=20440, stack(0x000000edbe500000,0x000000edbe600000)]
  0x0000028da43713f0 JavaThread "Unconstrained build operations Thread 108" [_thread_blocked, id=28028, stack(0x000000edbe600000,0x000000edbe700000)]
  0x0000028da436faa0 JavaThread "Unconstrained build operations Thread 109" [_thread_blocked, id=12736, stack(0x000000edbe700000,0x000000edbe800000)]
  0x0000028da436dc40 JavaThread "Unconstrained build operations Thread 110" [_thread_blocked, id=25840, stack(0x000000edbe800000,0x000000edbe900000)]
  0x0000028da4371900 JavaThread "Unconstrained build operations Thread 111" [_thread_blocked, id=1872, stack(0x000000edbe900000,0x000000edbea00000)]
  0x0000028da436e150 JavaThread "Unconstrained build operations Thread 112" [_thread_blocked, id=19684, stack(0x000000edbea00000,0x000000edbeb00000)]
  0x0000028da4374ba0 JavaThread "Unconstrained build operations Thread 113" [_thread_blocked, id=24044, stack(0x000000edbeb00000,0x000000edbec00000)]
  0x0000028da4371e10 JavaThread "Unconstrained build operations Thread 114" [_thread_blocked, id=21000, stack(0x000000edbec00000,0x000000edbed00000)]
  0x0000028da4373c70 JavaThread "jar transforms Thread 2" [_thread_blocked, id=14788, stack(0x000000edbed00000,0x000000edbee00000)]
  0x0000028da4372d40 JavaThread "jar transforms Thread 3" [_thread_blocked, id=16980, stack(0x000000edbee00000,0x000000edbef00000)]
  0x0000028da4373250 JavaThread "Unconstrained build operations Thread 115" [_thread_blocked, id=28832, stack(0x000000edbef00000,0x000000edbf000000)]
  0x0000028da4373760 JavaThread "Unconstrained build operations Thread 116" [_thread_blocked, id=26044, stack(0x000000edbf000000,0x000000edbf100000)]
  0x0000028da4374690 JavaThread "Unconstrained build operations Thread 117" [_thread_blocked, id=26444, stack(0x000000edbf100000,0x000000edbf200000)]
  0x0000028da503f670 JavaThread "Unconstrained build operations Thread 118" [_thread_blocked, id=29528, stack(0x000000edbf200000,0x000000edbf300000)]
  0x0000028da0379080 JavaThread "Unconstrained build operations Thread 119" [_thread_blocked, id=26424, stack(0x000000edbf300000,0x000000edbf400000)]
  0x0000028da0378b70 JavaThread "Unconstrained build operations Thread 120" [_thread_blocked, id=6600, stack(0x000000edbf400000,0x000000edbf500000)]
  0x0000028da03762f0 JavaThread "jar transforms Thread 4" [_thread_blocked, id=30796, stack(0x000000edbf600000,0x000000edbf700000)]
  0x0000028da0379590 JavaThread "jar transforms Thread 5" [_thread_blocked, id=13776, stack(0x000000edbf700000,0x000000edbf800000)]
  0x0000028da0379aa0 JavaThread "jar transforms Thread 6" [_thread_blocked, id=6464, stack(0x000000edbf800000,0x000000edbf900000)]
  0x0000028da0377730 JavaThread "Problems report writer" [_thread_blocked, id=25572, stack(0x000000edbf500000,0x000000edbf600000)]
  0x0000028da0378150 JavaThread "build event listener" [_thread_blocked, id=27308, stack(0x000000edbf900000,0x000000edbfa00000)]
  0x0000028da2bc7d90 JavaThread "C2 CompilerThread1" daemon [_thread_blocked, id=18968, stack(0x000000edb8800000,0x000000edb8900000)]
  0x0000028da037be10 JavaThread "jar transforms Thread 7" [_thread_blocked, id=32644, stack(0x000000edbfb00000,0x000000edbfc00000)]
  0x0000028da037c320 JavaThread "jar transforms Thread 8" [_thread_blocked, id=33352, stack(0x000000edbfc00000,0x000000edbfd00000)]
  0x0000028da037c830 JavaThread "jar transforms Thread 9" [_thread_blocked, id=28708, stack(0x000000edbfd00000,0x000000edbfe00000)]
  0x0000028da1335c70 JavaThread "jar transforms Thread 10" [_thread_blocked, id=26792, stack(0x000000edbfe00000,0x000000edbff00000)]
  0x0000028da4372320 JavaThread "jar transforms Thread 11" [_thread_blocked, id=24640, stack(0x000000edbff00000,0x000000edc0000000)]
  0x0000028da1c5cda0 JavaThread "jar transforms Thread 12" [_thread_blocked, id=14400, stack(0x000000edc0000000,0x000000edc0100000)]

Other Threads:
=>0x0000028d59fca380 VMThread "VM Thread" [stack: 0x000000edb2f00000,0x000000edb3000000] [id=18328]
  0x0000028d3c9f37a0 WatcherThread [stack: 0x000000edb3b00000,0x000000edb3c00000] [id=10584]
  0x0000028d3a7ceaf0 GCTaskThread "GC Thread#0" [stack: 0x000000edb2a00000,0x000000edb2b00000] [id=27360]
  0x0000028d5a289650 GCTaskThread "GC Thread#1" [stack: 0x000000edb3d00000,0x000000edb3e00000] [id=25036]
  0x0000028d5a3b8d40 GCTaskThread "GC Thread#2" [stack: 0x000000edb3e00000,0x000000edb3f00000] [id=28388]
  0x0000028da0a75de0 GCTaskThread "GC Thread#3" [stack: 0x000000edb3f00000,0x000000edb4000000] [id=10124]
  0x0000028da0948320 GCTaskThread "GC Thread#4" [stack: 0x000000edb4000000,0x000000edb4100000] [id=21384]
  0x0000028da2dd1c70 GCTaskThread "GC Thread#5" [stack: 0x000000edb4e00000,0x000000edb4f00000] [id=2896]
  0x0000028d5a3ea030 GCTaskThread "GC Thread#6" [stack: 0x000000edb4f00000,0x000000edb5000000] [id=2288]
  0x0000028d5a3ea2f0 GCTaskThread "GC Thread#7" [stack: 0x000000edb5000000,0x000000edb5100000] [id=25876]
  0x0000028d5a3ea5b0 GCTaskThread "GC Thread#8" [stack: 0x000000edb5100000,0x000000edb5200000] [id=28512]
  0x0000028da2a4c070 GCTaskThread "GC Thread#9" [stack: 0x000000edb5200000,0x000000edb5300000] [id=17156]
  0x0000028d3ca492c0 ConcurrentGCThread "G1 Main Marker" [stack: 0x000000edb2b00000,0x000000edb2c00000] [id=24684]
  0x0000028d3ca4a7c0 ConcurrentGCThread "G1 Conc#0" [stack: 0x000000edb2c00000,0x000000edb2d00000] [id=14056]
  0x0000028da16857a0 ConcurrentGCThread "G1 Conc#1" [stack: 0x000000edb5500000,0x000000edb5600000] [id=12396]
  0x0000028da1685220 ConcurrentGCThread "G1 Conc#2" [stack: 0x000000edb5600000,0x000000edb5700000] [id=30688]
  0x0000028d3ca9e380 ConcurrentGCThread "G1 Refine#0" [stack: 0x000000edb2d00000,0x000000edb2e00000] [id=3712]
  0x0000028d3ca9eb60 ConcurrentGCThread "G1 Service" [stack: 0x000000edb2e00000,0x000000edb2f00000] [id=1996]

Threads with active compile tasks:
C2 CompilerThread0    50641 14060       4       org.gradle.internal.reflect.JavaReflectionUtil::getAnnotation (101 bytes)
C2 CompilerThread1    50641 14053   !   4       java.nio.file.Files::walkFileTree (297 bytes)

VM state: at safepoint (normal execution)

VM Mutex/Monitor currently owned by a thread:  ([mutex/lock_event])
[0x0000028d3a767b60] Threads_lock - owner thread: 0x0000028d59fca380
[0x0000028d3c9f2770] Heap_lock - owner thread: 0x0000028da11ed350

Heap address: 0x00000000a0000000, size: 1536 MB, Compressed Oops mode: 32-bit

CDS archive(s) mapped at: [0x0000028d5b000000-0x0000028d5bbb0000-0x0000028d5bbb0000), size 12255232, SharedBaseAddress: 0x0000028d5b000000, ArchiveRelocationMode: 1.
Compressed class space mapped at: 0x0000028d5c000000-0x0000028d9c000000, reserved size: 1073741824
Narrow klass base: 0x0000028d5b000000, Narrow klass shift: 0, Narrow klass range: 0x100000000

GC Precious Log:
 CPUs: 12 total, 12 available
 Memory: 7835M
 Large Page Support: Disabled
 NUMA Support: Disabled
 Compressed Oops: Enabled (32-bit)
 Heap Region Size: 1M
 Heap Min Capacity: 8M
 Heap Initial Capacity: 124M
 Heap Max Capacity: 1536M
 Pre-touch: Disabled
 Parallel Workers: 10
 Concurrent Workers: 3
 Concurrent Refinement Workers: 10
 Periodic GC: Disabled

Heap:
 garbage-first heap   total 237568K, used 164785K [0x00000000a0000000, 0x0000000100000000)
  region size 1024K, 3 young (3072K), 3 survivors (3072K)
 Metaspace       used 102150K, committed 103232K, reserved 1179648K
  class space    used 14341K, committed 14848K, reserved 1048576K

Heap Regions: E=young(eden), S=young(survivor), O=old, HS=humongous(starts), HC=humongous(continues), CS=collection set, F=free, OA=open archive, CA=closed archive, TAMS=top-at-mark-start (previous, next)
|   0|0x00000000a0000000, 0x00000000a0100000, 0x00000000a0100000|100%|HS|  |TAMS 0x00000000a0100000, 0x00000000a0100000| Complete 
|   1|0x00000000a0100000, 0x00000000a0200000, 0x00000000a0200000|100%|HC|  |TAMS 0x00000000a0200000, 0x00000000a0200000| Complete 
|   2|0x00000000a0200000, 0x00000000a0300000, 0x00000000a0300000|100%|HC|  |TAMS 0x00000000a0300000, 0x00000000a0300000| Complete 
|   3|0x00000000a0300000, 0x00000000a0400000, 0x00000000a0400000|100%| O|  |TAMS 0x00000000a0400000, 0x00000000a0400000| Untracked 
|   4|0x00000000a0400000, 0x00000000a0500000, 0x00000000a0500000|100%| O|  |TAMS 0x00000000a0500000, 0x00000000a0500000| Untracked 
|   5|0x00000000a0500000, 0x00000000a0600000, 0x00000000a0600000|100%| O|  |TAMS 0x00000000a0600000, 0x00000000a0600000| Untracked 
|   6|0x00000000a0600000, 0x00000000a0700000, 0x00000000a0700000|100%|HS|  |TAMS 0x00000000a0700000, 0x00000000a0700000| Complete 
|   7|0x00000000a0700000, 0x00000000a0800000, 0x00000000a0800000|100%| O|  |TAMS 0x00000000a0800000, 0x00000000a0800000| Untracked 
|   8|0x00000000a0800000, 0x00000000a0900000, 0x00000000a0900000|100%| O|  |TAMS 0x00000000a0900000, 0x00000000a0900000| Untracked 
|   9|0x00000000a0900000, 0x00000000a0a00000, 0x00000000a0a00000|100%| O|  |TAMS 0x00000000a0a00000, 0x00000000a0a00000| Untracked 
|  10|0x00000000a0a00000, 0x00000000a0b00000, 0x00000000a0b00000|100%| O|  |TAMS 0x00000000a0b00000, 0x00000000a0b00000| Untracked 
|  11|0x00000000a0b00000, 0x00000000a0c00000, 0x00000000a0c00000|100%| O|  |TAMS 0x00000000a0c00000, 0x00000000a0c00000| Untracked 
|  12|0x00000000a0c00000, 0x00000000a0d00000, 0x00000000a0d00000|100%| O|  |TAMS 0x00000000a0d00000, 0x00000000a0d00000| Untracked 
|  13|0x00000000a0d00000, 0x00000000a0e00000, 0x00000000a0e00000|100%| O|  |TAMS 0x00000000a0e00000, 0x00000000a0e00000| Untracked 
|  14|0x00000000a0e00000, 0x00000000a0f00000, 0x00000000a0f00000|100%| O|  |TAMS 0x00000000a0f00000, 0x00000000a0f00000| Untracked 
|  15|0x00000000a0f00000, 0x00000000a1000000, 0x00000000a1000000|100%| O|  |TAMS 0x00000000a1000000, 0x00000000a1000000| Untracked 
|  16|0x00000000a1000000, 0x00000000a1100000, 0x00000000a1100000|100%| O|  |TAMS 0x00000000a1100000, 0x00000000a1100000| Untracked 
|  17|0x00000000a1100000, 0x00000000a1200000, 0x00000000a1200000|100%| O|  |TAMS 0x00000000a1200000, 0x00000000a1200000| Untracked 
|  18|0x00000000a1200000, 0x00000000a1300000, 0x00000000a1300000|100%| O|  |TAMS 0x00000000a1300000, 0x00000000a1300000| Untracked 
|  19|0x00000000a1300000, 0x00000000a1400000, 0x00000000a1400000|100%| O|  |TAMS 0x00000000a1400000, 0x00000000a1400000| Untracked 
|  20|0x00000000a1400000, 0x00000000a1500000, 0x00000000a1500000|100%| O|  |TAMS 0x00000000a1500000, 0x00000000a1500000| Untracked 
|  21|0x00000000a1500000, 0x00000000a1600000, 0x00000000a1600000|100%| O|  |TAMS 0x00000000a1600000, 0x00000000a1600000| Untracked 
|  22|0x00000000a1600000, 0x00000000a1700000, 0x00000000a1700000|100%| O|  |TAMS 0x00000000a1700000, 0x00000000a1700000| Untracked 
|  23|0x00000000a1700000, 0x00000000a1800000, 0x00000000a1800000|100%| O|  |TAMS 0x00000000a1800000, 0x00000000a1800000| Untracked 
|  24|0x00000000a1800000, 0x00000000a1900000, 0x00000000a1900000|100%| O|  |TAMS 0x00000000a1900000, 0x00000000a1900000| Untracked 
|  25|0x00000000a1900000, 0x00000000a1a00000, 0x00000000a1a00000|100%| O|  |TAMS 0x00000000a1a00000, 0x00000000a1a00000| Untracked 
|  26|0x00000000a1a00000, 0x00000000a1b00000, 0x00000000a1b00000|100%| O|  |TAMS 0x00000000a1b00000, 0x00000000a1b00000| Untracked 
|  27|0x00000000a1b00000, 0x00000000a1c00000, 0x00000000a1c00000|100%| O|  |TAMS 0x00000000a1c00000, 0x00000000a1c00000| Untracked 
|  28|0x00000000a1c00000, 0x00000000a1d00000, 0x00000000a1d00000|100%| O|  |TAMS 0x00000000a1d00000, 0x00000000a1d00000| Untracked 
|  29|0x00000000a1d00000, 0x00000000a1e00000, 0x00000000a1e00000|100%| O|  |TAMS 0x00000000a1e00000, 0x00000000a1e00000| Untracked 
|  30|0x00000000a1e00000, 0x00000000a1f00000, 0x00000000a1f00000|100%| O|  |TAMS 0x00000000a1f00000, 0x00000000a1f00000| Untracked 
|  31|0x00000000a1f00000, 0x00000000a2000000, 0x00000000a2000000|100%| O|  |TAMS 0x00000000a2000000, 0x00000000a2000000| Untracked 
|  32|0x00000000a2000000, 0x00000000a2100000, 0x00000000a2100000|100%| O|  |TAMS 0x00000000a2100000, 0x00000000a2100000| Untracked 
|  33|0x00000000a2100000, 0x00000000a2200000, 0x00000000a2200000|100%|HS|  |TAMS 0x00000000a2200000, 0x00000000a2200000| Complete 
|  34|0x00000000a2200000, 0x00000000a2300000, 0x00000000a2300000|100%| O|  |TAMS 0x00000000a2300000, 0x00000000a2300000| Untracked 
|  35|0x00000000a2300000, 0x00000000a2400000, 0x00000000a2400000|100%| O|  |TAMS 0x00000000a2400000, 0x00000000a2400000| Untracked 
|  36|0x00000000a2400000, 0x00000000a2500000, 0x00000000a2500000|100%| O|  |TAMS 0x00000000a2500000, 0x00000000a2500000| Untracked 
|  37|0x00000000a2500000, 0x00000000a2600000, 0x00000000a2600000|100%| O|  |TAMS 0x00000000a2600000, 0x00000000a2600000| Untracked 
|  38|0x00000000a2600000, 0x00000000a2700000, 0x00000000a2700000|100%| O|  |TAMS 0x00000000a2700000, 0x00000000a2700000| Untracked 
|  39|0x00000000a2700000, 0x00000000a2800000, 0x00000000a2800000|100%| O|  |TAMS 0x00000000a2800000, 0x00000000a2800000| Untracked 
|  40|0x00000000a2800000, 0x00000000a2900000, 0x00000000a2900000|100%| O|  |TAMS 0x00000000a2900000, 0x00000000a2900000| Untracked 
|  41|0x00000000a2900000, 0x00000000a2a00000, 0x00000000a2a00000|100%| O|  |TAMS 0x00000000a2a00000, 0x00000000a2a00000| Untracked 
|  42|0x00000000a2a00000, 0x00000000a2b00000, 0x00000000a2b00000|100%| O|  |TAMS 0x00000000a2b00000, 0x00000000a2b00000| Untracked 
|  43|0x00000000a2b00000, 0x00000000a2c00000, 0x00000000a2c00000|100%| O|  |TAMS 0x00000000a2c00000, 0x00000000a2c00000| Untracked 
|  44|0x00000000a2c00000, 0x00000000a2d00000, 0x00000000a2d00000|100%| O|  |TAMS 0x00000000a2d00000, 0x00000000a2d00000| Untracked 
|  45|0x00000000a2d00000, 0x00000000a2e00000, 0x00000000a2e00000|100%|HS|  |TAMS 0x00000000a2e00000, 0x00000000a2e00000| Complete 
|  46|0x00000000a2e00000, 0x00000000a2f00000, 0x00000000a2f00000|100%|HC|  |TAMS 0x00000000a2f00000, 0x00000000a2f00000| Complete 
|  47|0x00000000a2f00000, 0x00000000a3000000, 0x00000000a3000000|100%|HC|  |TAMS 0x00000000a3000000, 0x00000000a3000000| Complete 
|  48|0x00000000a3000000, 0x00000000a3100000, 0x00000000a3100000|100%|HS|  |TAMS 0x00000000a3100000, 0x00000000a3100000| Complete 
|  49|0x00000000a3100000, 0x00000000a3200000, 0x00000000a3200000|100%|HC|  |TAMS 0x00000000a3200000, 0x00000000a3200000| Complete 
|  50|0x00000000a3200000, 0x00000000a3300000, 0x00000000a3300000|100%|HC|  |TAMS 0x00000000a3300000, 0x00000000a3300000| Complete 
|  51|0x00000000a3300000, 0x00000000a3400000, 0x00000000a3400000|100%| O|  |TAMS 0x00000000a3400000, 0x00000000a3400000| Untracked 
|  52|0x00000000a3400000, 0x00000000a3500000, 0x00000000a3500000|100%| O|  |TAMS 0x00000000a3500000, 0x00000000a3500000| Untracked 
|  53|0x00000000a3500000, 0x00000000a3600000, 0x00000000a3600000|100%| O|  |TAMS 0x00000000a3600000, 0x00000000a3600000| Untracked 
|  54|0x00000000a3600000, 0x00000000a3700000, 0x00000000a3700000|100%| O|  |TAMS 0x00000000a3700000, 0x00000000a3700000| Untracked 
|  55|0x00000000a3700000, 0x00000000a3800000, 0x00000000a3800000|100%| O|  |TAMS 0x00000000a3800000, 0x00000000a3800000| Untracked 
|  56|0x00000000a3800000, 0x00000000a3900000, 0x00000000a3900000|100%| O|  |TAMS 0x00000000a3900000, 0x00000000a3900000| Untracked 
|  57|0x00000000a3900000, 0x00000000a3a00000, 0x00000000a3a00000|100%| O|  |TAMS 0x00000000a3a00000, 0x00000000a3a00000| Untracked 
|  58|0x00000000a3a00000, 0x00000000a3b00000, 0x00000000a3b00000|100%| O|  |TAMS 0x00000000a3b00000, 0x00000000a3b00000| Untracked 
|  59|0x00000000a3b00000, 0x00000000a3c00000, 0x00000000a3c00000|100%| O|  |TAMS 0x00000000a3c00000, 0x00000000a3c00000| Untracked 
|  60|0x00000000a3c00000, 0x00000000a3d00000, 0x00000000a3d00000|100%| O|  |TAMS 0x00000000a3d00000, 0x00000000a3d00000| Untracked 
|  61|0x00000000a3d00000, 0x00000000a3e00000, 0x00000000a3e00000|100%| O|  |TAMS 0x00000000a3e00000, 0x00000000a3e00000| Untracked 
|  62|0x00000000a3e00000, 0x00000000a3f00000, 0x00000000a3f00000|100%| O|  |TAMS 0x00000000a3f00000, 0x00000000a3f00000| Untracked 
|  63|0x00000000a3f00000, 0x00000000a4000000, 0x00000000a4000000|100%|HS|  |TAMS 0x00000000a4000000, 0x00000000a4000000| Complete 
|  64|0x00000000a4000000, 0x00000000a4100000, 0x00000000a4100000|100%|HS|  |TAMS 0x00000000a4100000, 0x00000000a4100000| Complete 
|  65|0x00000000a4100000, 0x00000000a4200000, 0x00000000a4200000|100%| O|  |TAMS 0x00000000a4200000, 0x00000000a4200000| Untracked 
|  66|0x00000000a4200000, 0x00000000a4300000, 0x00000000a4300000|100%| O|  |TAMS 0x00000000a4300000, 0x00000000a4300000| Untracked 
|  67|0x00000000a4300000, 0x00000000a4400000, 0x00000000a4400000|100%| O|  |TAMS 0x00000000a4400000, 0x00000000a4400000| Untracked 
|  68|0x00000000a4400000, 0x00000000a4500000, 0x00000000a4500000|100%| O|  |TAMS 0x00000000a4500000, 0x00000000a4500000| Untracked 
|  69|0x00000000a4500000, 0x00000000a4600000, 0x00000000a4600000|100%|HS|  |TAMS 0x00000000a4600000, 0x00000000a4600000| Complete 
|  70|0x00000000a4600000, 0x00000000a4700000, 0x00000000a4700000|100%| O|  |TAMS 0x00000000a4700000, 0x00000000a4700000| Untracked 
|  71|0x00000000a4700000, 0x00000000a4800000, 0x00000000a4800000|100%|HS|  |TAMS 0x00000000a4800000, 0x00000000a4800000| Complete 
|  72|0x00000000a4800000, 0x00000000a4900000, 0x00000000a4900000|100%|HS|  |TAMS 0x00000000a4900000, 0x00000000a4900000| Complete 
|  73|0x00000000a4900000, 0x00000000a4a00000, 0x00000000a4a00000|100%| O|  |TAMS 0x00000000a4a00000, 0x00000000a4a00000| Untracked 
|  74|0x00000000a4a00000, 0x00000000a4b00000, 0x00000000a4b00000|100%| O|  |TAMS 0x00000000a4b00000, 0x00000000a4b00000| Untracked 
|  75|0x00000000a4b00000, 0x00000000a4c00000, 0x00000000a4c00000|100%| O|  |TAMS 0x00000000a4c00000, 0x00000000a4c00000| Untracked 
|  76|0x00000000a4c00000, 0x00000000a4d00000, 0x00000000a4d00000|100%| O|  |TAMS 0x00000000a4d00000, 0x00000000a4d00000| Untracked 
|  77|0x00000000a4d00000, 0x00000000a4e00000, 0x00000000a4e00000|100%| O|  |TAMS 0x00000000a4e00000, 0x00000000a4e00000| Untracked 
|  78|0x00000000a4e00000, 0x00000000a4f00000, 0x00000000a4f00000|100%| O|  |TAMS 0x00000000a4f00000, 0x00000000a4f00000| Untracked 
|  79|0x00000000a4f00000, 0x00000000a5000000, 0x00000000a5000000|100%| O|  |TAMS 0x00000000a5000000, 0x00000000a5000000| Untracked 
|  80|0x00000000a5000000, 0x00000000a5100000, 0x00000000a5100000|100%| O|  |TAMS 0x00000000a5100000, 0x00000000a5100000| Untracked 
|  81|0x00000000a5100000, 0x00000000a5200000, 0x00000000a5200000|100%| O|  |TAMS 0x00000000a5200000, 0x00000000a5200000| Untracked 
|  82|0x00000000a5200000, 0x00000000a5300000, 0x00000000a5300000|100%| O|  |TAMS 0x00000000a5300000, 0x00000000a5300000| Untracked 
|  83|0x00000000a5300000, 0x00000000a5400000, 0x00000000a5400000|100%| O|  |TAMS 0x00000000a5400000, 0x00000000a5400000| Untracked 
|  84|0x00000000a5400000, 0x00000000a5500000, 0x00000000a5500000|100%| O|  |TAMS 0x00000000a5400000, 0x00000000a5500000| Untracked 
|  85|0x00000000a5500000, 0x00000000a5600000, 0x00000000a5600000|100%|HS|  |TAMS 0x00000000a5500000, 0x00000000a5600000| Complete 
|  86|0x00000000a5600000, 0x00000000a5700000, 0x00000000a5700000|100%|HS|  |TAMS 0x00000000a5600000, 0x00000000a5700000| Complete 
|  87|0x00000000a5700000, 0x00000000a5800000, 0x00000000a5800000|100%| O|  |TAMS 0x00000000a5800000, 0x00000000a5800000| Untracked 
|  88|0x00000000a5800000, 0x00000000a5900000, 0x00000000a5900000|100%|HS|  |TAMS 0x00000000a5900000, 0x00000000a5900000| Complete 
|  89|0x00000000a5900000, 0x00000000a5a00000, 0x00000000a5a00000|100%|HC|  |TAMS 0x00000000a5a00000, 0x00000000a5a00000| Complete 
|  90|0x00000000a5a00000, 0x00000000a5b00000, 0x00000000a5b00000|100%|HC|  |TAMS 0x00000000a5b00000, 0x00000000a5b00000| Complete 
|  91|0x00000000a5b00000, 0x00000000a5c00000, 0x00000000a5c00000|100%|HS|  |TAMS 0x00000000a5c00000, 0x00000000a5c00000| Complete 
|  92|0x00000000a5c00000, 0x00000000a5d00000, 0x00000000a5d00000|100%| O|  |TAMS 0x00000000a5d00000, 0x00000000a5d00000| Untracked 
|  93|0x00000000a5d00000, 0x00000000a5e00000, 0x00000000a5e00000|100%| O|  |TAMS 0x00000000a5e00000, 0x00000000a5e00000| Untracked 
|  94|0x00000000a5e00000, 0x00000000a5f00000, 0x00000000a5f00000|100%| O|  |TAMS 0x00000000a5f00000, 0x00000000a5f00000| Untracked 
|  95|0x00000000a5f00000, 0x00000000a6000000, 0x00000000a6000000|100%| O|  |TAMS 0x00000000a6000000, 0x00000000a6000000| Untracked 
|  96|0x00000000a6000000, 0x00000000a6100000, 0x00000000a6100000|100%|HS|  |TAMS 0x00000000a6000000, 0x00000000a6100000| Complete 
|  97|0x00000000a6100000, 0x00000000a6200000, 0x00000000a6200000|100%| O|  |TAMS 0x00000000a6200000, 0x00000000a6200000| Untracked 
|  98|0x00000000a6200000, 0x00000000a6300000, 0x00000000a6300000|100%| O|  |TAMS 0x00000000a6300000, 0x00000000a6300000| Untracked 
|  99|0x00000000a6300000, 0x00000000a6400000, 0x00000000a6400000|100%| O|  |TAMS 0x00000000a6400000, 0x00000000a6400000| Untracked 
| 100|0x00000000a6400000, 0x00000000a6500000, 0x00000000a6500000|100%| O|  |TAMS 0x00000000a6500000, 0x00000000a6500000| Untracked 
| 101|0x00000000a6500000, 0x00000000a6600000, 0x00000000a6600000|100%| O|  |TAMS 0x00000000a6600000, 0x00000000a6600000| Untracked 
| 102|0x00000000a6600000, 0x00000000a6700000, 0x00000000a6700000|100%| O|  |TAMS 0x00000000a6700000, 0x00000000a6700000| Untracked 
| 103|0x00000000a6700000, 0x00000000a6800000, 0x00000000a6800000|100%| O|  |TAMS 0x00000000a6800000, 0x00000000a6800000| Untracked 
| 104|0x00000000a6800000, 0x00000000a6900000, 0x00000000a6900000|100%| O|  |TAMS 0x00000000a6900000, 0x00000000a6900000| Untracked 
| 105|0x00000000a6900000, 0x00000000a6a00000, 0x00000000a6a00000|100%| O|  |TAMS 0x00000000a6a00000, 0x00000000a6a00000| Untracked 
| 106|0x00000000a6a00000, 0x00000000a6b00000, 0x00000000a6b00000|100%| O|  |TAMS 0x00000000a6b00000, 0x00000000a6b00000| Untracked 
| 107|0x00000000a6b00000, 0x00000000a6c00000, 0x00000000a6c00000|100%| O|  |TAMS 0x00000000a6c00000, 0x00000000a6c00000| Untracked 
| 108|0x00000000a6c00000, 0x00000000a6d00000, 0x00000000a6d00000|100%| O|  |TAMS 0x00000000a6d00000, 0x00000000a6d00000| Untracked 
| 109|0x00000000a6d00000, 0x00000000a6e00000, 0x00000000a6e00000|100%| O|  |TAMS 0x00000000a6e00000, 0x00000000a6e00000| Untracked 
| 110|0x00000000a6e00000, 0x00000000a6f00000, 0x00000000a6f00000|100%| O|  |TAMS 0x00000000a6f00000, 0x00000000a6f00000| Untracked 
| 111|0x00000000a6f00000, 0x00000000a7000000, 0x00000000a7000000|100%| O|  |TAMS 0x00000000a7000000, 0x00000000a7000000| Untracked 
| 112|0x00000000a7000000, 0x00000000a7100000, 0x00000000a7100000|100%| O|  |TAMS 0x00000000a7100000, 0x00000000a7100000| Untracked 
| 113|0x00000000a7100000, 0x00000000a7200000, 0x00000000a7200000|100%| O|  |TAMS 0x00000000a7200000, 0x00000000a7200000| Untracked 
| 114|0x00000000a7200000, 0x00000000a7300000, 0x00000000a7300000|100%| O|  |TAMS 0x00000000a7300000, 0x00000000a7300000| Untracked 
| 115|0x00000000a7300000, 0x00000000a7400000, 0x00000000a7400000|100%| O|  |TAMS 0x00000000a7400000, 0x00000000a7400000| Untracked 
| 116|0x00000000a7400000, 0x00000000a7500000, 0x00000000a7500000|100%| O|  |TAMS 0x00000000a7500000, 0x00000000a7500000| Untracked 
| 117|0x00000000a7500000, 0x00000000a7600000, 0x00000000a7600000|100%| O|  |TAMS 0x00000000a7600000, 0x00000000a7600000| Untracked 
| 118|0x00000000a7600000, 0x00000000a7700000, 0x00000000a7700000|100%| O|  |TAMS 0x00000000a7700000, 0x00000000a7700000| Untracked 
| 119|0x00000000a7700000, 0x00000000a7800000, 0x00000000a7800000|100%| O|  |TAMS 0x00000000a7800000, 0x00000000a7800000| Untracked 
| 120|0x00000000a7800000, 0x00000000a7900000, 0x00000000a7900000|100%| O|  |TAMS 0x00000000a786e400, 0x00000000a7900000| Untracked 
| 121|0x00000000a7900000, 0x00000000a7a00000, 0x00000000a7a00000|100%|HS|  |TAMS 0x00000000a7a00000, 0x00000000a7a00000| Complete 
| 122|0x00000000a7a00000, 0x00000000a7b00000, 0x00000000a7b00000|100%|HC|  |TAMS 0x00000000a7b00000, 0x00000000a7b00000| Complete 
| 123|0x00000000a7b00000, 0x00000000a7c00000, 0x00000000a7c00000|100%|HS|  |TAMS 0x00000000a7c00000, 0x00000000a7c00000| Complete 
| 124|0x00000000a7c00000, 0x00000000a7d00000, 0x00000000a7d00000|100%|HC|  |TAMS 0x00000000a7d00000, 0x00000000a7d00000| Complete 
| 125|0x00000000a7d00000, 0x00000000a7e00000, 0x00000000a7e00000|100%|HC|  |TAMS 0x00000000a7e00000, 0x00000000a7e00000| Complete 
| 126|0x00000000a7e00000, 0x00000000a7f00000, 0x00000000a7f00000|100%|HC|  |TAMS 0x00000000a7f00000, 0x00000000a7f00000| Complete 
| 127|0x00000000a7f00000, 0x00000000a8000000, 0x00000000a8000000|100%| O|  |TAMS 0x00000000a7f00000, 0x00000000a8000000| Untracked 
| 128|0x00000000a8000000, 0x00000000a8100000, 0x00000000a8100000|100%| O|  |TAMS 0x00000000a8000000, 0x00000000a8100000| Untracked 
| 129|0x00000000a8100000, 0x00000000a8200000, 0x00000000a8200000|100%| O|  |TAMS 0x00000000a8100000, 0x00000000a8200000| Untracked 
| 130|0x00000000a8200000, 0x00000000a8300000, 0x00000000a8300000|100%| O|  |TAMS 0x00000000a8200000, 0x00000000a8300000| Untracked 
| 131|0x00000000a8300000, 0x00000000a8400000, 0x00000000a8400000|100%| O|  |TAMS 0x00000000a8300000, 0x00000000a8400000| Untracked 
| 132|0x00000000a8400000, 0x00000000a8500000, 0x00000000a8500000|100%| O|  |TAMS 0x00000000a8400000, 0x00000000a8500000| Untracked 
| 133|0x00000000a8500000, 0x00000000a8600000, 0x00000000a8600000|100%| O|  |TAMS 0x00000000a8500000, 0x00000000a8600000| Untracked 
| 134|0x00000000a8600000, 0x00000000a8700000, 0x00000000a8700000|100%| O|  |TAMS 0x00000000a8600000, 0x00000000a8700000| Untracked 
| 135|0x00000000a8700000, 0x00000000a8800000, 0x00000000a8800000|100%| O|  |TAMS 0x00000000a8700000, 0x00000000a8800000| Untracked 
| 136|0x00000000a8800000, 0x00000000a8900000, 0x00000000a8900000|100%| O|  |TAMS 0x00000000a8800000, 0x00000000a8900000| Untracked 
| 137|0x00000000a8900000, 0x00000000a8a00000, 0x00000000a8a00000|100%| O|  |TAMS 0x00000000a8900000, 0x00000000a8a00000| Untracked 
| 138|0x00000000a8a00000, 0x00000000a8b00000, 0x00000000a8b00000|100%| O|  |TAMS 0x00000000a8a00000, 0x00000000a8b00000| Untracked 
| 139|0x00000000a8b00000, 0x00000000a8c00000, 0x00000000a8c00000|100%| O|  |TAMS 0x00000000a8b00000, 0x00000000a8c00000| Untracked 
| 140|0x00000000a8c00000, 0x00000000a8d00000, 0x00000000a8d00000|100%| O|  |TAMS 0x00000000a8c00000, 0x00000000a8d00000| Untracked 
| 141|0x00000000a8d00000, 0x00000000a8e00000, 0x00000000a8e00000|100%| O|  |TAMS 0x00000000a8d00000, 0x00000000a8e00000| Untracked 
| 142|0x00000000a8e00000, 0x00000000a8f00000, 0x00000000a8f00000|100%| O|  |TAMS 0x00000000a8e00000, 0x00000000a8f00000| Untracked 
| 143|0x00000000a8f00000, 0x00000000a9000000, 0x00000000a9000000|100%| O|  |TAMS 0x00000000a8f00000, 0x00000000a9000000| Untracked 
| 144|0x00000000a9000000, 0x00000000a9100000, 0x00000000a9100000|100%| O|  |TAMS 0x00000000a9000000, 0x00000000a9100000| Untracked 
| 145|0x00000000a9100000, 0x00000000a9200000, 0x00000000a9200000|100%| O|  |TAMS 0x00000000a9100000, 0x00000000a9200000| Untracked 
| 146|0x00000000a9200000, 0x00000000a9300000, 0x00000000a9300000|100%| O|  |TAMS 0x00000000a9200000, 0x00000000a9300000| Untracked 
| 147|0x00000000a9300000, 0x00000000a9400000, 0x00000000a9400000|100%| O|  |TAMS 0x00000000a9300000, 0x00000000a9400000| Untracked 
| 148|0x00000000a9400000, 0x00000000a9500000, 0x00000000a9500000|100%| O|  |TAMS 0x00000000a9400000, 0x00000000a9500000| Untracked 
| 149|0x00000000a9500000, 0x00000000a9600000, 0x00000000a9600000|100%| O|  |TAMS 0x00000000a9500000, 0x00000000a9600000| Untracked 
| 150|0x00000000a9600000, 0x00000000a9700000, 0x00000000a9700000|100%| O|  |TAMS 0x00000000a9600000, 0x00000000a9700000| Untracked 
| 151|0x00000000a9700000, 0x00000000a9800000, 0x00000000a9800000|100%| O|  |TAMS 0x00000000a9700000, 0x00000000a975e800| Untracked 
| 152|0x00000000a9800000, 0x00000000a9900000, 0x00000000a9900000|100%|HS|  |TAMS 0x00000000a9800000, 0x00000000a9900000| Complete 
| 153|0x00000000a9900000, 0x00000000a9a00000, 0x00000000a9a00000|100%|HC|  |TAMS 0x00000000a9900000, 0x00000000a9a00000| Complete 
| 154|0x00000000a9a00000, 0x00000000a9b00000, 0x00000000a9b00000|100%|HC|  |TAMS 0x00000000a9a00000, 0x00000000a9b00000| Complete 
| 155|0x00000000a9b00000, 0x00000000a9c00000, 0x00000000a9c00000|100%| O|  |TAMS 0x00000000a9b00000, 0x00000000a9b00000| Untracked 
| 156|0x00000000a9c00000, 0x00000000a9d00000, 0x00000000a9d00000|100%| O|  |TAMS 0x00000000a9c00000, 0x00000000a9c00000| Untracked 
| 157|0x00000000a9d00000, 0x00000000a9e00000, 0x00000000a9e00000|100%| O|  |TAMS 0x00000000a9d00000, 0x00000000a9d00000| Untracked 
| 158|0x00000000a9e00000, 0x00000000a9eb4200, 0x00000000a9f00000| 70%| O|  |TAMS 0x00000000a9e00000, 0x00000000a9e00000| Untracked 
| 159|0x00000000a9f00000, 0x00000000a9f00000, 0x00000000aa000000|  0%| F|  |TAMS 0x00000000a9f00000, 0x00000000a9f00000| Untracked 
| 160|0x00000000aa000000, 0x00000000aa000000, 0x00000000aa100000|  0%| F|  |TAMS 0x00000000aa000000, 0x00000000aa000000| Untracked 
| 161|0x00000000aa100000, 0x00000000aa100000, 0x00000000aa200000|  0%| F|  |TAMS 0x00000000aa100000, 0x00000000aa100000| Untracked 
| 162|0x00000000aa200000, 0x00000000aa200000, 0x00000000aa300000|  0%| F|  |TAMS 0x00000000aa200000, 0x00000000aa200000| Untracked 
| 163|0x00000000aa300000, 0x00000000aa300000, 0x00000000aa400000|  0%| F|  |TAMS 0x00000000aa300000, 0x00000000aa300000| Untracked 
| 164|0x00000000aa400000, 0x00000000aa400000, 0x00000000aa500000|  0%| F|  |TAMS 0x00000000aa400000, 0x00000000aa400000| Untracked 
| 165|0x00000000aa500000, 0x00000000aa500000, 0x00000000aa600000|  0%| F|  |TAMS 0x00000000aa500000, 0x00000000aa500000| Untracked 
| 166|0x00000000aa600000, 0x00000000aa600000, 0x00000000aa700000|  0%| F|  |TAMS 0x00000000aa600000, 0x00000000aa600000| Untracked 
| 167|0x00000000aa700000, 0x00000000aa700000, 0x00000000aa800000|  0%| F|  |TAMS 0x00000000aa700000, 0x00000000aa700000| Untracked 
| 168|0x00000000aa800000, 0x00000000aa800000, 0x00000000aa900000|  0%| F|  |TAMS 0x00000000aa800000, 0x00000000aa800000| Untracked 
| 169|0x00000000aa900000, 0x00000000aa900000, 0x00000000aaa00000|  0%| F|  |TAMS 0x00000000aa900000, 0x00000000aa900000| Untracked 
| 170|0x00000000aaa00000, 0x00000000aaa00000, 0x00000000aab00000|  0%| F|  |TAMS 0x00000000aaa00000, 0x00000000aaa00000| Untracked 
| 171|0x00000000aab00000, 0x00000000aab00000, 0x00000000aac00000|  0%| F|  |TAMS 0x00000000aab00000, 0x00000000aab00000| Untracked 
| 172|0x00000000aac00000, 0x00000000aac00000, 0x00000000aad00000|  0%| F|  |TAMS 0x00000000aac00000, 0x00000000aac00000| Untracked 
| 173|0x00000000aad00000, 0x00000000aad00000, 0x00000000aae00000|  0%| F|  |TAMS 0x00000000aad00000, 0x00000000aad00000| Untracked 
| 174|0x00000000aae00000, 0x00000000aae00000, 0x00000000aaf00000|  0%| F|  |TAMS 0x00000000aae00000, 0x00000000aae00000| Untracked 
| 175|0x00000000aaf00000, 0x00000000aaf00000, 0x00000000ab000000|  0%| F|  |TAMS 0x00000000aaf00000, 0x00000000aaf00000| Untracked 
| 176|0x00000000ab000000, 0x00000000ab000000, 0x00000000ab100000|  0%| F|  |TAMS 0x00000000ab000000, 0x00000000ab000000| Untracked 
| 177|0x00000000ab100000, 0x00000000ab100000, 0x00000000ab200000|  0%| F|  |TAMS 0x00000000ab100000, 0x00000000ab100000| Untracked 
| 178|0x00000000ab200000, 0x00000000ab200000, 0x00000000ab300000|  0%| F|  |TAMS 0x00000000ab200000, 0x00000000ab200000| Untracked 
| 179|0x00000000ab300000, 0x00000000ab300000, 0x00000000ab400000|  0%| F|  |TAMS 0x00000000ab300000, 0x00000000ab300000| Untracked 
| 180|0x00000000ab400000, 0x00000000ab400000, 0x00000000ab500000|  0%| F|  |TAMS 0x00000000ab400000, 0x00000000ab400000| Untracked 
| 181|0x00000000ab500000, 0x00000000ab500000, 0x00000000ab600000|  0%| F|  |TAMS 0x00000000ab500000, 0x00000000ab500000| Untracked 
| 182|0x00000000ab600000, 0x00000000ab600000, 0x00000000ab700000|  0%| F|  |TAMS 0x00000000ab600000, 0x00000000ab600000| Untracked 
| 183|0x00000000ab700000, 0x00000000ab700000, 0x00000000ab800000|  0%| F|  |TAMS 0x00000000ab700000, 0x00000000ab700000| Untracked 
| 184|0x00000000ab800000, 0x00000000ab800000, 0x00000000ab900000|  0%| F|  |TAMS 0x00000000ab800000, 0x00000000ab800000| Untracked 
| 185|0x00000000ab900000, 0x00000000ab900000, 0x00000000aba00000|  0%| F|  |TAMS 0x00000000ab900000, 0x00000000ab900000| Untracked 
| 186|0x00000000aba00000, 0x00000000aba00000, 0x00000000abb00000|  0%| F|  |TAMS 0x00000000aba00000, 0x00000000aba00000| Untracked 
| 187|0x00000000abb00000, 0x00000000abb00000, 0x00000000abc00000|  0%| F|  |TAMS 0x00000000abb00000, 0x00000000abb00000| Untracked 
| 188|0x00000000abc00000, 0x00000000abc00000, 0x00000000abd00000|  0%| F|  |TAMS 0x00000000abc00000, 0x00000000abc00000| Untracked 
| 189|0x00000000abd00000, 0x00000000abd00000, 0x00000000abe00000|  0%| F|  |TAMS 0x00000000abd00000, 0x00000000abd00000| Untracked 
| 190|0x00000000abe00000, 0x00000000abe00000, 0x00000000abf00000|  0%| F|  |TAMS 0x00000000abe00000, 0x00000000abe00000| Untracked 
| 191|0x00000000abf00000, 0x00000000abf00000, 0x00000000ac000000|  0%| F|  |TAMS 0x00000000abf00000, 0x00000000abf00000| Untracked 
| 192|0x00000000ac000000, 0x00000000ac000000, 0x00000000ac100000|  0%| F|  |TAMS 0x00000000ac000000, 0x00000000ac000000| Untracked 
| 193|0x00000000ac100000, 0x00000000ac100000, 0x00000000ac200000|  0%| F|  |TAMS 0x00000000ac100000, 0x00000000ac100000| Untracked 
| 194|0x00000000ac200000, 0x00000000ac200000, 0x00000000ac300000|  0%| F|  |TAMS 0x00000000ac200000, 0x00000000ac200000| Untracked 
| 195|0x00000000ac300000, 0x00000000ac300000, 0x00000000ac400000|  0%| F|  |TAMS 0x00000000ac300000, 0x00000000ac300000| Untracked 
| 196|0x00000000ac400000, 0x00000000ac400000, 0x00000000ac500000|  0%| F|  |TAMS 0x00000000ac400000, 0x00000000ac400000| Untracked 
| 197|0x00000000ac500000, 0x00000000ac500000, 0x00000000ac600000|  0%| F|  |TAMS 0x00000000ac500000, 0x00000000ac500000| Untracked 
| 198|0x00000000ac600000, 0x00000000ac600000, 0x00000000ac700000|  0%| F|  |TAMS 0x00000000ac600000, 0x00000000ac600000| Untracked 
| 199|0x00000000ac700000, 0x00000000ac700000, 0x00000000ac800000|  0%| F|  |TAMS 0x00000000ac700000, 0x00000000ac700000| Untracked 
| 200|0x00000000ac800000, 0x00000000ac800000, 0x00000000ac900000|  0%| F|  |TAMS 0x00000000ac800000, 0x00000000ac800000| Untracked 
| 201|0x00000000ac900000, 0x00000000ac900000, 0x00000000aca00000|  0%| F|  |TAMS 0x00000000ac900000, 0x00000000ac900000| Untracked 
| 202|0x00000000aca00000, 0x00000000aca00000, 0x00000000acb00000|  0%| F|  |TAMS 0x00000000aca00000, 0x00000000aca00000| Untracked 
| 203|0x00000000acb00000, 0x00000000acb00000, 0x00000000acc00000|  0%| F|  |TAMS 0x00000000acb00000, 0x00000000acb00000| Untracked 
| 204|0x00000000acc00000, 0x00000000acc00000, 0x00000000acd00000|  0%| F|  |TAMS 0x00000000acc00000, 0x00000000acc00000| Untracked 
| 205|0x00000000acd00000, 0x00000000acd00000, 0x00000000ace00000|  0%| F|  |TAMS 0x00000000acd00000, 0x00000000acd00000| Untracked 
| 206|0x00000000ace00000, 0x00000000ace00000, 0x00000000acf00000|  0%| F|  |TAMS 0x00000000ace00000, 0x00000000ace00000| Untracked 
| 207|0x00000000acf00000, 0x00000000acf00000, 0x00000000ad000000|  0%| F|  |TAMS 0x00000000acf00000, 0x00000000acf00000| Untracked 
| 208|0x00000000ad000000, 0x00000000ad000000, 0x00000000ad100000|  0%| F|  |TAMS 0x00000000ad000000, 0x00000000ad000000| Untracked 
| 209|0x00000000ad100000, 0x00000000ad100000, 0x00000000ad200000|  0%| F|  |TAMS 0x00000000ad100000, 0x00000000ad100000| Untracked 
| 210|0x00000000ad200000, 0x00000000ad200000, 0x00000000ad300000|  0%| F|  |TAMS 0x00000000ad200000, 0x00000000ad200000| Untracked 
| 211|0x00000000ad300000, 0x00000000ad300000, 0x00000000ad400000|  0%| F|  |TAMS 0x00000000ad300000, 0x00000000ad300000| Untracked 
| 212|0x00000000ad400000, 0x00000000ad400000, 0x00000000ad500000|  0%| F|  |TAMS 0x00000000ad400000, 0x00000000ad400000| Untracked 
| 213|0x00000000ad500000, 0x00000000ad500000, 0x00000000ad600000|  0%| F|  |TAMS 0x00000000ad500000, 0x00000000ad500000| Untracked 
| 214|0x00000000ad600000, 0x00000000ad600000, 0x00000000ad700000|  0%| F|  |TAMS 0x00000000ad600000, 0x00000000ad600000| Untracked 
| 215|0x00000000ad700000, 0x00000000ad700000, 0x00000000ad800000|  0%| F|  |TAMS 0x00000000ad700000, 0x00000000ad700000| Untracked 
| 216|0x00000000ad800000, 0x00000000ad800000, 0x00000000ad900000|  0%| F|  |TAMS 0x00000000ad800000, 0x00000000ad800000| Untracked 
| 217|0x00000000ad900000, 0x00000000ad900000, 0x00000000ada00000|  0%| F|  |TAMS 0x00000000ad900000, 0x00000000ad900000| Untracked 
| 218|0x00000000ada00000, 0x00000000ada00000, 0x00000000adb00000|  0%| F|  |TAMS 0x00000000ada00000, 0x00000000ada00000| Untracked 
| 219|0x00000000adb00000, 0x00000000adb00000, 0x00000000adc00000|  0%| F|  |TAMS 0x00000000adb00000, 0x00000000adb00000| Untracked 
| 220|0x00000000adc00000, 0x00000000adc00000, 0x00000000add00000|  0%| F|  |TAMS 0x00000000adc00000, 0x00000000adc00000| Untracked 
| 221|0x00000000add00000, 0x00000000add00000, 0x00000000ade00000|  0%| F|  |TAMS 0x00000000add00000, 0x00000000add00000| Untracked 
| 222|0x00000000ade00000, 0x00000000ade00000, 0x00000000adf00000|  0%| F|  |TAMS 0x00000000ade00000, 0x00000000ade00000| Untracked 
| 223|0x00000000adf00000, 0x00000000adf00000, 0x00000000ae000000|  0%| F|  |TAMS 0x00000000adf00000, 0x00000000adf00000| Untracked 
| 224|0x00000000ae000000, 0x00000000ae000000, 0x00000000ae100000|  0%| F|  |TAMS 0x00000000ae000000, 0x00000000ae000000| Untracked 
| 225|0x00000000ae100000, 0x00000000ae138498, 0x00000000ae200000| 21%| S|CS|TAMS 0x00000000ae100000, 0x00000000ae100000| Complete 
| 226|0x00000000ae200000, 0x00000000ae300000, 0x00000000ae300000|100%| S|CS|TAMS 0x00000000ae200000, 0x00000000ae200000| Complete 
| 227|0x00000000ae300000, 0x00000000ae400000, 0x00000000ae400000|100%| S|CS|TAMS 0x00000000ae300000, 0x00000000ae300000| Complete 
| 228|0x00000000ae400000, 0x00000000ae400000, 0x00000000ae500000|  0%| F|  |TAMS 0x00000000ae400000, 0x00000000ae400000| Untracked 
| 229|0x00000000ae500000, 0x00000000ae500000, 0x00000000ae600000|  0%| F|  |TAMS 0x00000000ae500000, 0x00000000ae500000| Untracked 
| 230|0x00000000ae600000, 0x00000000ae600000, 0x00000000ae700000|  0%| F|  |TAMS 0x00000000ae600000, 0x00000000ae600000| Untracked 
| 231|0x00000000ae700000, 0x00000000ae700000, 0x00000000ae800000|  0%| F|  |TAMS 0x00000000ae700000, 0x00000000ae700000| Untracked 

Card table byte_map: [0x0000028d53d80000,0x0000028d54080000] _byte_map_base: 0x0000028d53880000

Marking Bits (Prev, Next): (CMBitMap*) 0x0000028d3ca3c990, (CMBitMap*) 0x0000028d3ca3c9d0
 Prev Bits: [0x0000028d54380000, 0x0000028d55b80000)
 Next Bits: [0x0000028d55b80000, 0x0000028d57380000)

Polling page: 0x0000028d3a830000

Metaspace:

Usage:
  Non-class:     85.75 MB used.
      Class:     14.01 MB used.
       Both:     99.76 MB used.

Virtual space:
  Non-class space:      128.00 MB reserved,      86.31 MB ( 67%) committed,  2 nodes.
      Class space:        1.00 GB reserved,      14.50 MB (  1%) committed,  1 nodes.
             Both:        1.12 GB reserved,     100.81 MB (  9%) committed. 

Chunk freelists:
   Non-Class:  9.46 MB
       Class:  1.32 MB
        Both:  10.78 MB

MaxMetaspaceSize: unlimited
CompressedClassSpaceSize: 1.00 GB
Initial GC threshold: 21.00 MB
Current GC threshold: 166.25 MB
CDS: on
MetaspaceReclaimPolicy: balanced
 - commit_granule_bytes: 65536.
 - commit_granule_words: 8192.
 - virtual_space_node_default_size: 8388608.
 - enlarge_chunks_in_place: 1.
 - new_chunks_are_fully_committed: 0.
 - uncommit_free_chunks: 1.
 - use_allocation_guard: 0.
 - handle_deallocations: 1.


Internal statistics:

num_allocs_failed_limit: 6.
num_arena_births: 1420.
num_arena_deaths: 0.
num_vsnodes_births: 3.
num_vsnodes_deaths: 0.
num_space_committed: 1613.
num_space_uncommitted: 0.
num_chunks_returned_to_freelist: 6.
num_chunks_taken_from_freelist: 6047.
num_chunk_merges: 6.
num_chunk_splits: 3870.
num_chunks_enlarged: 2455.
num_inconsistent_stats: 0.

CodeHeap 'non-profiled nmethods': size=120000Kb used=8235Kb max_used=8794Kb free=111764Kb
 bounds [0x0000028d4c000000, 0x0000028d4c8a0000, 0x0000028d53530000]
CodeHeap 'profiled nmethods': size=120000Kb used=22498Kb max_used=23570Kb free=97501Kb
 bounds [0x0000028d44530000, 0x0000028d45c40000, 0x0000028d4ba60000]
CodeHeap 'non-nmethods': size=5760Kb used=2404Kb max_used=2482Kb free=3356Kb
 bounds [0x0000028d4ba60000, 0x0000028d4bcd0000, 0x0000028d4c000000]
 total_blobs=12722 nmethods=11784 adapters=850
 compilation: enabled
              stopped_count=0, restarted_count=0
 full_count=0

Compilation events (20 events):
Event: 49.214 Thread 0x0000028d59ff4660 14074       3       org.gradle.api.internal.artifacts.ivyservice.resolutionstrategy.DefaultResolutionStrategy_Decorated::$gradleInitAttach (1 bytes)
Event: 49.215 Thread 0x0000028d59ff4660 nmethod 14074 0x0000028d44d21c10 code [0x0000028d44d21da0, 0x0000028d44d21eb8]
Event: 49.216 Thread 0x0000028d59ff4660 14075       3       com.android.build.gradle.internal.DependencyResolutionChecks$sam$org_gradle_api_Action$0::execute (12 bytes)
Event: 49.216 Thread 0x0000028d59ff4660 nmethod 14075 0x0000028d44fa8390 code [0x0000028d44fa8540, 0x0000028d44fa8708]
Event: 49.216 Thread 0x0000028d59ff4660 14076       3       com.android.build.gradle.internal.DependencyResolutionChecks$registerDependencyCheck$4::invoke (12 bytes)
Event: 49.217 Thread 0x0000028d59ff4660 nmethod 14076 0x0000028d4516ef90 code [0x0000028d4516f140, 0x0000028d4516f3a8]
Event: 49.217 Thread 0x0000028d59ff4660 14077       3       com.android.build.gradle.internal.DependencyResolutionChecks$registerDependencyCheck$4::invoke (47 bytes)
Event: 49.218 Thread 0x0000028d59ff4660 nmethod 14077 0x0000028d45663b90 code [0x0000028d45663e00, 0x0000028d45664dc8]
Event: 49.218 Thread 0x0000028d59ff4660 14078       3       com.android.build.gradle.internal.DependencyResolutionChecks$registerDependencyCheck$4$1::<init> (27 bytes)
Event: 49.218 Thread 0x0000028d59ff4660 nmethod 14078 0x0000028d4522f490 code [0x0000028d4522f640, 0x0000028d4522f938]
Event: 49.222 Thread 0x0000028d59ff4660 14079   !   3       org.codehaus.groovy.runtime.callsite.PogoMetaClassSite::callCurrent (136 bytes)
Event: 49.224 Thread 0x0000028d59ff4660 nmethod 14079 0x0000028d4596c390 code [0x0000028d4596c6a0, 0x0000028d4596dd78]
Event: 49.224 Thread 0x0000028d59ff4660 14080       3       org.codehaus.groovy.runtime.metaclass.ClosureMetaClass::lookupObjectMetaClass (53 bytes)
Event: 49.225 Thread 0x0000028d59ff4660 nmethod 14080 0x0000028d44b6b810 code [0x0000028d44b6bb20, 0x0000028d44b6d128]
Event: 49.225 Thread 0x0000028d59ff4660 14081   !   3       org.gradle.internal.metaobject.ConfigureDelegate::invokeMethod (150 bytes)
Event: 49.226 Thread 0x0000028d59ff4660 nmethod 14081 0x0000028d45042410 code [0x0000028d45042700, 0x0000028d450437c8]
Event: 49.227 Thread 0x0000028d59ff4660 14082       3       org.codehaus.groovy.runtime.metaclass.ClosureMetaClass::unwrap (36 bytes)
Event: 49.227 Thread 0x0000028d59ff4660 nmethod 14082 0x0000028d452ced90 code [0x0000028d452cef60, 0x0000028d452cf5a8]
Event: 49.316 Thread 0x0000028d59ff1120 nmethod 14052 0x0000028d4c32d810 code [0x0000028d4c32db00, 0x0000028d4c32fb50]
Event: 49.317 Thread 0x0000028d59ff1120 14060       4       org.gradle.internal.reflect.JavaReflectionUtil::getAnnotation (101 bytes)

GC Heap History (20 events):
Event: 45.972 GC heap after
{Heap after GC invocations=56 (full 0):
 garbage-first heap   total 200704K, used 127530K [0x00000000a0000000, 0x0000000100000000)
  region size 1024K, 5 young (5120K), 5 survivors (5120K)
 Metaspace       used 100030K, committed 101056K, reserved 1179648K
  class space    used 13984K, committed 14464K, reserved 1048576K
}
Event: 46.664 GC heap before
{Heap before GC invocations=56 (full 0):
 garbage-first heap   total 200704K, used 174634K [0x00000000a0000000, 0x0000000100000000)
  region size 1024K, 45 young (46080K), 5 survivors (5120K)
 Metaspace       used 100896K, committed 101888K, reserved 1179648K
  class space    used 14111K, committed 14592K, reserved 1048576K
}
Event: 46.670 GC heap after
{Heap after GC invocations=57 (full 0):
 garbage-first heap   total 200704K, used 139259K [0x00000000a0000000, 0x0000000100000000)
  region size 1024K, 6 young (6144K), 6 survivors (6144K)
 Metaspace       used 100896K, committed 101888K, reserved 1179648K
  class space    used 14111K, committed 14592K, reserved 1048576K
}
Event: 47.308 GC heap before
{Heap before GC invocations=58 (full 0):
 garbage-first heap   total 237568K, used 165883K [0x00000000a0000000, 0x0000000100000000)
  region size 1024K, 33 young (33792K), 6 survivors (6144K)
 Metaspace       used 101422K, committed 102464K, reserved 1179648K
  class space    used 14235K, committed 14720K, reserved 1048576K
}
Event: 47.315 GC heap after
{Heap after GC invocations=59 (full 0):
 garbage-first heap   total 237568K, used 143087K [0x00000000a0000000, 0x0000000100000000)
  region size 1024K, 5 young (5120K), 5 survivors (5120K)
 Metaspace       used 101422K, committed 102464K, reserved 1179648K
  class space    used 14235K, committed 14720K, reserved 1048576K
}
Event: 47.366 GC heap before
{Heap before GC invocations=59 (full 0):
 garbage-first heap   total 237568K, used 148207K [0x00000000a0000000, 0x0000000100000000)
  region size 1024K, 11 young (11264K), 5 survivors (5120K)
 Metaspace       used 101423K, committed 102464K, reserved 1179648K
  class space    used 14235K, committed 14720K, reserved 1048576K
}
Event: 47.371 GC heap after
{Heap after GC invocations=60 (full 0):
 garbage-first heap   total 237568K, used 140252K [0x00000000a0000000, 0x0000000100000000)
  region size 1024K, 2 young (2048K), 2 survivors (2048K)
 Metaspace       used 101423K, committed 102464K, reserved 1179648K
  class space    used 14235K, committed 14720K, reserved 1048576K
}
Event: 47.658 GC heap before
{Heap before GC invocations=60 (full 0):
 garbage-first heap   total 237568K, used 192476K [0x00000000a0000000, 0x0000000100000000)
  region size 1024K, 54 young (55296K), 2 survivors (2048K)
 Metaspace       used 101429K, committed 102464K, reserved 1179648K
  class space    used 14235K, committed 14720K, reserved 1048576K
}
Event: 47.662 GC heap after
{Heap after GC invocations=61 (full 0):
 garbage-first heap   total 237568K, used 142185K [0x00000000a0000000, 0x0000000100000000)
  region size 1024K, 4 young (4096K), 4 survivors (4096K)
 Metaspace       used 101429K, committed 102464K, reserved 1179648K
  class space    used 14235K, committed 14720K, reserved 1048576K
}
Event: 47.891 GC heap before
{Heap before GC invocations=61 (full 0):
 garbage-first heap   total 237568K, used 194409K [0x00000000a0000000, 0x0000000100000000)
  region size 1024K, 56 young (57344K), 4 survivors (4096K)
 Metaspace       used 101433K, committed 102464K, reserved 1179648K
  class space    used 14236K, committed 14720K, reserved 1048576K
}
Event: 47.895 GC heap after
{Heap after GC invocations=62 (full 0):
 garbage-first heap   total 237568K, used 143377K [0x00000000a0000000, 0x0000000100000000)
  region size 1024K, 5 young (5120K), 5 survivors (5120K)
 Metaspace       used 101433K, committed 102464K, reserved 1179648K
  class space    used 14236K, committed 14720K, reserved 1048576K
}
Event: 48.843 GC heap before
{Heap before GC invocations=62 (full 0):
 garbage-first heap   total 237568K, used 199697K [0x00000000a0000000, 0x0000000100000000)
  region size 1024K, 57 young (58368K), 5 survivors (5120K)
 Metaspace       used 102112K, committed 103168K, reserved 1179648K
  class space    used 14337K, committed 14848K, reserved 1048576K
}
Event: 48.850 GC heap after
{Heap after GC invocations=63 (full 0):
 garbage-first heap   total 237568K, used 154893K [0x00000000a0000000, 0x0000000100000000)
  region size 1024K, 8 young (8192K), 8 survivors (8192K)
 Metaspace       used 102112K, committed 103168K, reserved 1179648K
  class space    used 14337K, committed 14848K, reserved 1048576K
}
Event: 48.993 GC heap before
{Heap before GC invocations=63 (full 0):
 garbage-first heap   total 237568K, used 194829K [0x00000000a0000000, 0x0000000100000000)
  region size 1024K, 48 young (49152K), 8 survivors (8192K)
 Metaspace       used 102113K, committed 103168K, reserved 1179648K
  class space    used 14337K, committed 14848K, reserved 1048576K
}
Event: 48.999 GC heap after
{Heap after GC invocations=64 (full 0):
 garbage-first heap   total 237568K, used 157374K [0x00000000a0000000, 0x0000000100000000)
  region size 1024K, 4 young (4096K), 4 survivors (4096K)
 Metaspace       used 102113K, committed 103168K, reserved 1179648K
  class space    used 14337K, committed 14848K, reserved 1048576K
}
Event: 49.117 GC heap before
{Heap before GC invocations=64 (full 0):
 garbage-first heap   total 237568K, used 196286K [0x00000000a0000000, 0x0000000100000000)
  region size 1024K, 43 young (44032K), 4 survivors (4096K)
 Metaspace       used 102113K, committed 103168K, reserved 1179648K
  class space    used 14337K, committed 14848K, reserved 1048576K
}
Event: 49.120 GC heap after
{Heap after GC invocations=65 (full 0):
 garbage-first heap   total 237568K, used 158372K [0x00000000a0000000, 0x0000000100000000)
  region size 1024K, 4 young (4096K), 4 survivors (4096K)
 Metaspace       used 102113K, committed 103168K, reserved 1179648K
  class space    used 14337K, committed 14848K, reserved 1048576K
}
Event: 49.234 GC heap before
{Heap before GC invocations=65 (full 0):
 garbage-first heap   total 237568K, used 169636K [0x00000000a0000000, 0x0000000100000000)
  region size 1024K, 17 young (17408K), 4 survivors (4096K)
 Metaspace       used 102150K, committed 103232K, reserved 1179648K
  class space    used 14341K, committed 14848K, reserved 1048576K
}
Event: 49.237 GC heap after
{Heap after GC invocations=66 (full 0):
 garbage-first heap   total 237568K, used 159734K [0x00000000a0000000, 0x0000000100000000)
  region size 1024K, 5 young (5120K), 5 survivors (5120K)
 Metaspace       used 102150K, committed 103232K, reserved 1179648K
  class space    used 14341K, committed 14848K, reserved 1048576K
}
Event: 49.340 GC heap before
{Heap before GC invocations=66 (full 0):
 garbage-first heap   total 237568K, used 164854K [0x00000000a0000000, 0x0000000100000000)
  region size 1024K, 9 young (9216K), 5 survivors (5120K)
 Metaspace       used 102150K, committed 103232K, reserved 1179648K
  class space    used 14341K, committed 14848K, reserved 1048576K
}

Dll operation events (15 events):
Event: 0.019 Loaded shared library C:\Program Files\Microsoft\jdk-17.0.15.6-hotspot\bin\java.dll
Event: 0.046 Loaded shared library C:\Program Files\Microsoft\jdk-17.0.15.6-hotspot\bin\jsvml.dll
Event: 0.102 Loaded shared library C:\Program Files\Microsoft\jdk-17.0.15.6-hotspot\bin\zip.dll
Event: 0.107 Loaded shared library C:\Program Files\Microsoft\jdk-17.0.15.6-hotspot\bin\instrument.dll
Event: 0.114 Loaded shared library C:\Program Files\Microsoft\jdk-17.0.15.6-hotspot\bin\net.dll
Event: 0.116 Loaded shared library C:\Program Files\Microsoft\jdk-17.0.15.6-hotspot\bin\nio.dll
Event: 0.119 Loaded shared library C:\Program Files\Microsoft\jdk-17.0.15.6-hotspot\bin\zip.dll
Event: 0.477 Loaded shared library C:\Program Files\Microsoft\jdk-17.0.15.6-hotspot\bin\jimage.dll
Event: 0.798 Loaded shared library C:\Program Files\Microsoft\jdk-17.0.15.6-hotspot\bin\verify.dll
Event: 0.952 Loaded shared library C:\Users\HP\.gradle\native\1def1411415f61bf3af743bc5b6707747c0891f09f0c88961ee8f79bc544acac\windows-amd64\native-platform.dll
Event: 0.977 Loaded shared library C:\Users\HP\.gradle\native\0.2.7\x86_64-windows-gnu\gradle-fileevents.dll
Event: 3.309 Loaded shared library C:\Program Files\Microsoft\jdk-17.0.15.6-hotspot\bin\management.dll
Event: 3.318 Loaded shared library C:\Program Files\Microsoft\jdk-17.0.15.6-hotspot\bin\management_ext.dll
Event: 3.883 Loaded shared library C:\Program Files\Microsoft\jdk-17.0.15.6-hotspot\bin\extnet.dll
Event: 4.769 Loaded shared library C:\Program Files\Microsoft\jdk-17.0.15.6-hotspot\bin\sunmscapi.dll

Deoptimization events (20 events):
Event: 47.128 Thread 0x0000028da11ed350 DEOPT PACKING pc=0x0000028d4c5f4928 sp=0x000000edb46f8610
Event: 47.128 Thread 0x0000028da11ed350 DEOPT UNPACKING pc=0x0000028d4bab69a3 sp=0x000000edb46f8530 mode 2
Event: 47.129 Thread 0x0000028da11ed350 Uncommon trap: trap_request=0xffffffbe fr.pc=0x0000028d4c5f4928 relative=0x0000000000000268
Event: 47.129 Thread 0x0000028da11ed350 Uncommon trap: reason=profile_predicate action=maybe_recompile pc=0x0000028d4c5f4928 method=java.util.Collections.indexedBinarySearch(Ljava/util/List;Ljava/lang/Object;Ljava/util/Comparator;)I @ 15 c2
Event: 47.129 Thread 0x0000028da11ed350 DEOPT PACKING pc=0x0000028d4c5f4928 sp=0x000000edb46f8610
Event: 47.129 Thread 0x0000028da11ed350 DEOPT UNPACKING pc=0x0000028d4bab69a3 sp=0x000000edb46f8530 mode 2
Event: 47.165 Thread 0x0000028da11ed350 Uncommon trap: trap_request=0xffffffbe fr.pc=0x0000028d4c5f4928 relative=0x0000000000000268
Event: 47.165 Thread 0x0000028da11ed350 Uncommon trap: reason=profile_predicate action=maybe_recompile pc=0x0000028d4c5f4928 method=java.util.Collections.indexedBinarySearch(Ljava/util/List;Ljava/lang/Object;Ljava/util/Comparator;)I @ 15 c2
Event: 47.165 Thread 0x0000028da11ed350 DEOPT PACKING pc=0x0000028d4c5f4928 sp=0x000000edb46f8610
Event: 47.165 Thread 0x0000028da11ed350 DEOPT UNPACKING pc=0x0000028d4bab69a3 sp=0x000000edb46f8530 mode 2
Event: 47.178 Thread 0x0000028da11ed350 Uncommon trap: trap_request=0xffffff45 fr.pc=0x0000028d4c5b889c relative=0x00000000000003bc
Event: 47.178 Thread 0x0000028da11ed350 Uncommon trap: reason=unstable_if action=reinterpret pc=0x0000028d4c5b889c method=com.esotericsoftware.kryo.io.Output.writeString(Ljava/lang/String;)V @ 93 c2
Event: 47.178 Thread 0x0000028da11ed350 DEOPT PACKING pc=0x0000028d4c5b889c sp=0x000000edb46f8490
Event: 47.178 Thread 0x0000028da11ed350 DEOPT UNPACKING pc=0x0000028d4bab69a3 sp=0x000000edb46f8428 mode 2
Event: 48.522 Thread 0x0000028da11ed350 DEOPT PACKING pc=0x0000028d44d02814 sp=0x000000edb46f9c40
Event: 48.522 Thread 0x0000028da11ed350 DEOPT UNPACKING pc=0x0000028d4bab7143 sp=0x000000edb46f9130 mode 0
Event: 48.888 Thread 0x0000028da11ed350 Uncommon trap: trap_request=0xffffff76 fr.pc=0x0000028d4c287e68 relative=0x00000000000008a8
Event: 48.888 Thread 0x0000028da11ed350 Uncommon trap: reason=predicate action=maybe_recompile pc=0x0000028d4c287e68 method=java.util.ComparableTimSort.binarySort([Ljava/lang/Object;III)V @ 34 c2
Event: 48.888 Thread 0x0000028da11ed350 DEOPT PACKING pc=0x0000028d4c287e68 sp=0x000000edb46f81d0
Event: 48.888 Thread 0x0000028da11ed350 DEOPT UNPACKING pc=0x0000028d4bab69a3 sp=0x000000edb46f8178 mode 2

Classes loaded (20 events):
Event: 48.192 Loading class java/lang/BooleanCustomizer
Event: 48.192 Loading class java/lang/BooleanCustomizer done
Event: 48.192 Loading class jdk/internal/ValueBased
Event: 48.193 Loading class jdk/internal/ValueBased done
Event: 48.212 Loading class java/lang/EnumBeanInfo
Event: 48.212 Loading class java/lang/EnumBeanInfo done
Event: 48.213 Loading class java/lang/EnumBeanInfo
Event: 48.213 Loading class java/lang/EnumBeanInfo done
Event: 48.213 Loading class java/lang/EnumCustomizer
Event: 48.213 Loading class java/lang/EnumCustomizer done
Event: 48.213 Loading class java/lang/EnumCustomizer
Event: 48.213 Loading class java/lang/EnumCustomizer done
Event: 48.575 Loading class java/util/AbstractList$RandomAccessSubList
Event: 48.576 Loading class java/util/AbstractList$SubList
Event: 48.576 Loading class java/util/AbstractList$SubList done
Event: 48.576 Loading class java/util/AbstractList$RandomAccessSubList done
Event: 48.576 Loading class java/util/AbstractList$SubList$1
Event: 48.576 Loading class java/util/AbstractList$SubList$1 done
Event: 48.576 Loading class java/util/AbstractList$ListItr
Event: 48.577 Loading class java/util/AbstractList$ListItr done

Classes unloaded (0 events):
No events

Classes redefined (0 events):
No events

Internal exceptions (20 events):
Event: 48.225 Thread 0x0000028da11ed350 Exception <a 'java/lang/ClassNotFoundException'{0x00000000adac1880}: com/android/build/gradle/internal/CompileOptionsCustomizer> (0x00000000adac1880) 
thrown [s\src\hotspot\share\classfile\systemDictionary.cpp, line 256]
Event: 48.226 Thread 0x0000028da11ed350 Exception <a 'java/lang/ClassNotFoundException'{0x00000000adadfbd8}: com/android/build/gradle/internal/CompileOptions$AgpDecoratedCustomizer> (0x00000000adadfbd8) 
thrown [s\src\hotspot\share\classfile\systemDictionary.cpp, line 256]
Event: 48.227 Thread 0x0000028da11ed350 Exception <a 'java/lang/ClassNotFoundException'{0x00000000adaf5cc8}: com/android/build/gradle/internal/CompileOptions$AgpDecorated_DecoratedCustomizer> (0x00000000adaf5cc8) 
thrown [s\src\hotspot\share\classfile\systemDictionary.cpp, line 256]
Event: 48.326 Thread 0x0000028da11ed350 Exception <a 'java/lang/ClassNotFoundException'{0x00000000ad550ec0}: build_4jz2n4ngqbgfh5h1ccwnd9ie1BeanInfo> (0x00000000ad550ec0) 
thrown [s\src\hotspot\share\classfile\systemDictionary.cpp, line 256]
Event: 48.326 Thread 0x0000028da11ed350 Exception <a 'java/lang/ClassNotFoundException'{0x00000000ad558448}: build_4jz2n4ngqbgfh5h1ccwnd9ie1Customizer> (0x00000000ad558448) 
thrown [s\src\hotspot\share\classfile\systemDictionary.cpp, line 256]
Event: 48.363 Thread 0x0000028da11ed350 Exception <a 'java/lang/ClassNotFoundException'{0x00000000ad268448}: build_4jz2n4ngqbgfh5h1ccwnd9ie1BeanInfo> (0x00000000ad268448) 
thrown [s\src\hotspot\share\classfile\systemDictionary.cpp, line 256]
Event: 48.364 Thread 0x0000028da11ed350 Exception <a 'java/lang/ClassNotFoundException'{0x00000000ad26f948}: build_4jz2n4ngqbgfh5h1ccwnd9ie1Customizer> (0x00000000ad26f948) 
thrown [s\src\hotspot\share\classfile\systemDictionary.cpp, line 256]
Event: 48.437 Thread 0x0000028da11ed350 Exception <a 'java/lang/NoSuchMethodError'{0x00000000acf9b4e0}: 'void java.lang.invoke.DirectMethodHandle$Holder.invokeSpecial(java.lang.Object, java.lang.Object, java.lang.Object, java.lang.Object, java.lang.Object, java.lang.Object, java.lang.Object, java.lang.Object, java.lang.Object, java.lang.Object)'> (0x00000000acf9b4e0) 
thrown [s\src\hotspot\share\interpreter\linkResolver.cpp, line 759]
Event: 48.438 Thread 0x0000028da11ed350 Exception <a 'java/lang/NoSuchMethodError'{0x00000000acfa7120}: 'java.lang.Object java.lang.invoke.DirectMethodHandle$Holder.newInvokeSpecial(java.lang.Object, java.lang.Object, java.lang.Object, java.lang.Object, java.lang.Object, java.lang.Object, java.lang.Object, java.lang.Object, java.lang.Object)'> (0x00000000acfa7120) 
thrown [s\src\hotspot\share\interpreter\linkResolver.cpp, line 759]
Event: 48.438 Thread 0x0000028da11ed350 Exception <a 'java/lang/NoSuchMethodError'{0x00000000acfac700}: 'java.lang.Object java.lang.invoke.Invokers$Holder.linkToTargetMethod(java.lang.Object, java.lang.Object, java.lang.Object, java.lang.Object, java.lang.Object, java.lang.Object, java.lang.Object, java.lang.Object, java.lang.Object)'> (0x00000000acfac700) 
thrown [s\src\hotspot\share\interpreter\linkResolver.cpp, line 759]
Event: 48.477 Thread 0x0000028da11ed350 Exception <a 'java/lang/ClassNotFoundException'{0x00000000acee50c8}: build_4jz2n4ngqbgfh5h1ccwnd9ie1$_run_closure2BeanInfo> (0x00000000acee50c8) 
thrown [s\src\hotspot\share\classfile\systemDictionary.cpp, line 256]
Event: 48.477 Thread 0x0000028da11ed350 Exception <a 'java/lang/ClassNotFoundException'{0x00000000acef0a38}: build_4jz2n4ngqbgfh5h1ccwnd9ie1$_run_closure2Customizer> (0x00000000acef0a38) 
thrown [s\src\hotspot\share\classfile\systemDictionary.cpp, line 256]
Event: 48.487 Thread 0x0000028da11ed350 Exception <a 'java/lang/ClassNotFoundException'{0x00000000acd34d60}: build_4jz2n4ngqbgfh5h1ccwnd9ie1$_run_closure2$_closure9BeanInfo> (0x00000000acd34d60) 
thrown [s\src\hotspot\share\classfile\systemDictionary.cpp, line 256]
Event: 48.488 Thread 0x0000028da11ed350 Exception <a 'java/lang/ClassNotFoundException'{0x00000000acd417c8}: build_4jz2n4ngqbgfh5h1ccwnd9ie1$_run_closure2$_closure9Customizer> (0x00000000acd417c8) 
thrown [s\src\hotspot\share\classfile\systemDictionary.cpp, line 256]
Event: 48.520 Thread 0x0000028da11ed350 Exception <a 'java/lang/ClassNotFoundException'{0x00000000acdebf78}: org/gradle/configuration/internal/DefaultListenerBuildOperationDecorator$BuildOperationEmittingClosureBeanInfo> (0x00000000acdebf78) 
thrown [s\src\hotspot\share\classfile\systemDictionary.cpp, line 256]
Event: 48.521 Thread 0x0000028da11ed350 Exception <a 'java/lang/ClassNotFoundException'{0x00000000acc01fa8}: org/gradle/configuration/internal/DefaultListenerBuildOperationDecorator$BuildOperationEmittingClosureCustomizer> (0x00000000acc01fa8) 
thrown [s\src\hotspot\share\classfile\systemDictionary.cpp, line 256]
Event: 48.602 Thread 0x0000028da11ed350 Exception <a 'java/lang/ClassNotFoundException'{0x00000000ac81b550}: build_2yu3eqhqs4v379ybl5g7ery3oBeanInfo> (0x00000000ac81b550) 
thrown [s\src\hotspot\share\classfile\systemDictionary.cpp, line 256]
Event: 48.603 Thread 0x0000028da11ed350 Exception <a 'java/lang/ClassNotFoundException'{0x00000000ac822ad8}: build_2yu3eqhqs4v379ybl5g7ery3oCustomizer> (0x00000000ac822ad8) 
thrown [s\src\hotspot\share\classfile\systemDictionary.cpp, line 256]
Event: 49.191 Thread 0x0000028da11ed350 Exception <a 'java/lang/ClassNotFoundException'{0x00000000add232a8}: build_2yu3eqhqs4v379ybl5g7ery3oBeanInfo> (0x00000000add232a8) 
thrown [s\src\hotspot\share\classfile\systemDictionary.cpp, line 256]
Event: 49.192 Thread 0x0000028da11ed350 Exception <a 'java/lang/ClassNotFoundException'{0x00000000add2aa10}: build_2yu3eqhqs4v379ybl5g7ery3oCustomizer> (0x00000000add2aa10) 
thrown [s\src\hotspot\share\classfile\systemDictionary.cpp, line 256]

VM Operations (20 events):
Event: 48.222 Executing VM operation: HandshakeAllThreads done
Event: 48.420 Executing VM operation: HandshakeAllThreads
Event: 48.420 Executing VM operation: HandshakeAllThreads done
Event: 48.435 Executing VM operation: HandshakeAllThreads
Event: 48.435 Executing VM operation: HandshakeAllThreads done
Event: 48.517 Executing VM operation: HandshakeAllThreads
Event: 48.517 Executing VM operation: HandshakeAllThreads done
Event: 48.578 Executing VM operation: HandshakeAllThreads
Event: 48.579 Executing VM operation: HandshakeAllThreads done
Event: 48.594 Executing VM operation: ICBufferFull
Event: 48.594 Executing VM operation: ICBufferFull done
Event: 48.843 Executing VM operation: G1CollectForAllocation
Event: 48.851 Executing VM operation: G1CollectForAllocation done
Event: 48.993 Executing VM operation: G1CollectForAllocation
Event: 48.999 Executing VM operation: G1CollectForAllocation done
Event: 49.117 Executing VM operation: G1CollectForAllocation
Event: 49.120 Executing VM operation: G1CollectForAllocation done
Event: 49.234 Executing VM operation: G1TryInitiateConcMark
Event: 49.237 Executing VM operation: G1TryInitiateConcMark done
Event: 49.340 Executing VM operation: G1TryInitiateConcMark

Memory protections (0 events):
No events

Nmethod flushes (20 events):
Event: 48.243 Thread 0x0000028d59ff9f00 flushing  nmethod 0x0000028d45868110
Event: 48.243 Thread 0x0000028d59ff9f00 flushing  nmethod 0x0000028d45885790
Event: 48.243 Thread 0x0000028d59ff9f00 flushing  nmethod 0x0000028d458cae10
Event: 48.243 Thread 0x0000028d59ff9f00 flushing  nmethod 0x0000028d458cbe90
Event: 48.243 Thread 0x0000028d59ff9f00 flushing  nmethod 0x0000028d45915d10
Event: 48.244 Thread 0x0000028d59ff9f00 flushing  nmethod 0x0000028d45928690
Event: 48.244 Thread 0x0000028d59ff9f00 flushing  nmethod 0x0000028d45946090
Event: 48.244 Thread 0x0000028d59ff9f00 flushing osr nmethod 0x0000028d4596c390
Event: 48.244 Thread 0x0000028d59ff9f00 flushing  nmethod 0x0000028d45990610
Event: 48.244 Thread 0x0000028d59ff9f00 flushing  nmethod 0x0000028d45992410
Event: 48.244 Thread 0x0000028d59ff9f00 flushing  nmethod 0x0000028d459ae190
Event: 48.244 Thread 0x0000028d59ff9f00 flushing  nmethod 0x0000028d459b2090
Event: 48.245 Thread 0x0000028d59ff9f00 flushing  nmethod 0x0000028d459b8190
Event: 48.245 Thread 0x0000028d59ff9f00 flushing  nmethod 0x0000028d459d6210
Event: 48.245 Thread 0x0000028d59ff9f00 flushing  nmethod 0x0000028d459ff610
Event: 48.245 Thread 0x0000028d59ff9f00 flushing  nmethod 0x0000028d45a0a990
Event: 48.245 Thread 0x0000028d59ff9f00 flushing  nmethod 0x0000028d45a91790
Event: 48.245 Thread 0x0000028d59ff9f00 flushing  nmethod 0x0000028d45ab9b90
Event: 48.246 Thread 0x0000028d59ff9f00 flushing  nmethod 0x0000028d45ad1310
Event: 48.246 Thread 0x0000028d59ff9f00 flushing  nmethod 0x0000028d45ad3490

Events (20 events):
Event: 37.565 Thread 0x0000028da11ed350 Thread added: 0x0000028da03762f0
Event: 37.956 Thread 0x0000028da11ed350 Thread added: 0x0000028da0379590
Event: 37.977 Thread 0x0000028da11ed350 Thread added: 0x0000028da0379aa0
Event: 38.368 Thread 0x0000028da2bcad60 Thread exited: 0x0000028da2bcad60
Event: 38.954 Thread 0x0000028da2bc92d0 Thread exited: 0x0000028da2bc92d0
Event: 39.164 Thread 0x0000028d59ff4660 Thread added: 0x0000028da2bc92d0
Event: 40.600 Thread 0x0000028da11ed350 Thread added: 0x0000028da0377730
Event: 41.078 Thread 0x0000028da11ed350 Thread added: 0x0000028da0378150
Event: 41.527 Thread 0x0000028da2bc92d0 Thread exited: 0x0000028da2bc92d0
Event: 41.657 Thread 0x0000028d59ff1120 Thread added: 0x0000028da2bc92d0
Event: 43.738 Thread 0x0000028da2bc92d0 Thread exited: 0x0000028da2bc92d0
Event: 44.347 Thread 0x0000028d59ff4660 Thread added: 0x0000028da2bc7d90
Event: 44.608 Thread 0x0000028d59ff4660 Thread added: 0x0000028da2bccd40
Event: 45.189 Thread 0x0000028da11ed350 Thread added: 0x0000028da037be10
Event: 45.230 Thread 0x0000028da11ed350 Thread added: 0x0000028da037c320
Event: 45.247 Thread 0x0000028da11ed350 Thread added: 0x0000028da037c830
Event: 46.055 Thread 0x0000028da11ed350 Thread added: 0x0000028da1335c70
Event: 46.960 Thread 0x0000028da11ed350 Thread added: 0x0000028da4372320
Event: 47.901 Thread 0x0000028da11ed350 Thread added: 0x0000028da1c5cda0
Event: 48.736 Thread 0x0000028da2bccd40 Thread exited: 0x0000028da2bccd40


Dynamic libraries:
0x00007ff73d600000 - 0x00007ff73d60e000 	C:\Program Files\Microsoft\jdk-17.0.15.6-hotspot\bin\java.exe
0x00007ff95a780000 - 0x00007ff95a9e7000 	C:\WINDOWS\SYSTEM32\ntdll.dll
0x00007ff9587c0000 - 0x00007ff958889000 	C:\WINDOWS\System32\KERNEL32.DLL
0x00007ff958120000 - 0x00007ff95850f000 	C:\WINDOWS\System32\KERNELBASE.dll
0x00007ff957d30000 - 0x00007ff957e7b000 	C:\WINDOWS\System32\ucrtbase.dll
0x00007ff918a00000 - 0x00007ff918a1d000 	C:\Program Files\Microsoft\jdk-17.0.15.6-hotspot\bin\VCRUNTIME140.dll
0x00007ff9173a0000 - 0x00007ff9173b7000 	C:\Program Files\Microsoft\jdk-17.0.15.6-hotspot\bin\jli.dll
0x00007ff958e90000 - 0x00007ff959055000 	C:\WINDOWS\System32\USER32.dll
0x00007ff957a50000 - 0x00007ff957a77000 	C:\WINDOWS\System32\win32u.dll
0x00007ff933dc0000 - 0x00007ff934053000 	C:\WINDOWS\WinSxS\amd64_microsoft.windows.common-controls_6595b64144ccf1df_6.0.26100.7309_none_3e05feeae336a044\COMCTL32.dll
0x00007ff9589c0000 - 0x00007ff9589eb000 	C:\WINDOWS\System32\GDI32.dll
0x00007ff958710000 - 0x00007ff9587b9000 	C:\WINDOWS\System32\msvcrt.dll
0x00007ff957ff0000 - 0x00007ff95811c000 	C:\WINDOWS\System32\gdi32full.dll
0x00007ff957bd0000 - 0x00007ff957c73000 	C:\WINDOWS\System32\msvcp_win.dll
0x00007ff95a1f0000 - 0x00007ff95a221000 	C:\WINDOWS\System32\IMM32.DLL
0x00007ff9331e0000 - 0x00007ff9331ec000 	C:\Program Files\Microsoft\jdk-17.0.15.6-hotspot\bin\vcruntime140_1.dll
0x00007ff90b360000 - 0x00007ff90b3ed000 	C:\Program Files\Microsoft\jdk-17.0.15.6-hotspot\bin\msvcp140.dll
0x00007ff8b32a0000 - 0x00007ff8b3f12000 	C:\Program Files\Microsoft\jdk-17.0.15.6-hotspot\bin\server\jvm.dll
0x00007ff959060000 - 0x00007ff959114000 	C:\WINDOWS\System32\ADVAPI32.dll
0x00007ff958d70000 - 0x00007ff958e16000 	C:\WINDOWS\System32\sechost.dll
0x00007ff9589f0000 - 0x00007ff958b08000 	C:\WINDOWS\System32\RPCRT4.dll
0x00007ff9599a0000 - 0x00007ff959a14000 	C:\WINDOWS\System32\WS2_32.dll
0x00007ff94df90000 - 0x00007ff94dfc5000 	C:\WINDOWS\SYSTEM32\WINMM.dll
0x00007ff957730000 - 0x00007ff95778e000 	C:\WINDOWS\SYSTEM32\POWRPROF.dll
0x00007ff943e50000 - 0x00007ff943e5b000 	C:\WINDOWS\SYSTEM32\VERSION.dll
0x00007ff957710000 - 0x00007ff957724000 	C:\WINDOWS\SYSTEM32\UMPDC.dll
0x00007ff956680000 - 0x00007ff95669b000 	C:\WINDOWS\SYSTEM32\kernel.appcore.dll
0x00007ff9308f0000 - 0x00007ff9308fa000 	C:\Program Files\Microsoft\jdk-17.0.15.6-hotspot\bin\jimage.dll
0x00007ff954f80000 - 0x00007ff9551c2000 	C:\WINDOWS\SYSTEM32\DBGHELP.DLL
0x00007ff959120000 - 0x00007ff9594a6000 	C:\WINDOWS\System32\combase.dll
0x00007ff958c80000 - 0x00007ff958d56000 	C:\WINDOWS\System32\OLEAUT32.dll
0x00007ff92eeb0000 - 0x00007ff92eeec000 	C:\WINDOWS\SYSTEM32\dbgcore.DLL
0x00007ff957c80000 - 0x00007ff957d25000 	C:\WINDOWS\System32\bcryptPrimitives.dll
0x00007ff9414f0000 - 0x00007ff9414fe000 	C:\Program Files\Microsoft\jdk-17.0.15.6-hotspot\bin\instrument.dll
0x00007ff917370000 - 0x00007ff917395000 	C:\Program Files\Microsoft\jdk-17.0.15.6-hotspot\bin\java.dll
0x00007ff900770000 - 0x00007ff900846000 	C:\Program Files\Microsoft\jdk-17.0.15.6-hotspot\bin\jsvml.dll
0x00007ff959a90000 - 0x00007ff95a1e3000 	C:\WINDOWS\System32\SHELL32.dll
0x00007ff957e80000 - 0x00007ff957fea000 	C:\WINDOWS\System32\wintypes.dll
0x00007ff9554a0000 - 0x00007ff955cfe000 	C:\WINDOWS\SYSTEM32\windows.storage.dll
0x00007ff959520000 - 0x00007ff959615000 	C:\WINDOWS\System32\SHCORE.dll
0x00007ff959a20000 - 0x00007ff959a86000 	C:\WINDOWS\System32\shlwapi.dll
0x00007ff9577f0000 - 0x00007ff957819000 	C:\WINDOWS\SYSTEM32\profapi.dll
0x00007ff916f70000 - 0x00007ff916f88000 	C:\Program Files\Microsoft\jdk-17.0.15.6-hotspot\bin\zip.dll
0x00007ff916fb0000 - 0x00007ff916fca000 	C:\Program Files\Microsoft\jdk-17.0.15.6-hotspot\bin\net.dll
0x00007ff94e760000 - 0x00007ff94e888000 	C:\WINDOWS\SYSTEM32\WINHTTP.dll
0x00007ff956bf0000 - 0x00007ff956c5b000 	C:\WINDOWS\system32\mswsock.dll
0x00007ff916f90000 - 0x00007ff916fa6000 	C:\Program Files\Microsoft\jdk-17.0.15.6-hotspot\bin\nio.dll
0x00007ff9321d0000 - 0x00007ff9321e0000 	C:\Program Files\Microsoft\jdk-17.0.15.6-hotspot\bin\verify.dll
0x00007ff9342d0000 - 0x00007ff9342f7000 	C:\Users\HP\.gradle\native\1def1411415f61bf3af743bc5b6707747c0891f09f0c88961ee8f79bc544acac\windows-amd64\native-platform.dll
0x00007ff90b2e0000 - 0x00007ff90b358000 	C:\Users\HP\.gradle\native\0.2.7\x86_64-windows-gnu\gradle-fileevents.dll
0x00007ff910e10000 - 0x00007ff910e1a000 	C:\Program Files\Microsoft\jdk-17.0.15.6-hotspot\bin\management.dll
0x00007ff90f060000 - 0x00007ff90f06b000 	C:\Program Files\Microsoft\jdk-17.0.15.6-hotspot\bin\management_ext.dll
0x00007ff958700000 - 0x00007ff958708000 	C:\WINDOWS\System32\PSAPI.DLL
0x00007ff956040000 - 0x00007ff956074000 	C:\WINDOWS\SYSTEM32\IPHLPAPI.DLL
0x00007ff959510000 - 0x00007ff95951a000 	C:\WINDOWS\System32\NSI.dll
0x00007ff94f260000 - 0x00007ff94f27e000 	C:\WINDOWS\SYSTEM32\dhcpcsvc6.DLL
0x00007ff94f230000 - 0x00007ff94f253000 	C:\WINDOWS\SYSTEM32\dhcpcsvc.DLL
0x00007ff956090000 - 0x00007ff9561bc000 	C:\WINDOWS\SYSTEM32\DNSAPI.dll
0x00007ff8fe880000 - 0x00007ff8fe889000 	C:\Program Files\Microsoft\jdk-17.0.15.6-hotspot\bin\extnet.dll
0x00007ff956eb0000 - 0x00007ff956ecb000 	C:\WINDOWS\SYSTEM32\CRYPTSP.dll
0x00007ff9565e0000 - 0x00007ff95661a000 	C:\WINDOWS\system32\rsaenh.dll
0x00007ff956ca0000 - 0x00007ff956ccb000 	C:\WINDOWS\SYSTEM32\USERENV.dll
0x00007ff9577c0000 - 0x00007ff9577ea000 	C:\WINDOWS\SYSTEM32\bcrypt.dll
0x00007ff956ed0000 - 0x00007ff956edc000 	C:\WINDOWS\SYSTEM32\CRYPTBASE.dll
0x00007ff9004b0000 - 0x00007ff9004be000 	C:\Program Files\Microsoft\jdk-17.0.15.6-hotspot\bin\sunmscapi.dll
0x00007ff9578d0000 - 0x00007ff957a47000 	C:\WINDOWS\System32\CRYPT32.dll
0x00007ff9570d0000 - 0x00007ff957100000 	C:\WINDOWS\SYSTEM32\ncrypt.dll
0x00007ff957080000 - 0x00007ff9570bf000 	C:\WINDOWS\SYSTEM32\NTASN1.dll
0x00007ff90eba0000 - 0x00007ff90eba8000 	C:\WINDOWS\system32\wshunix.dll

dbghelp: loaded successfully - version: 4.0.5 - missing functions: none
symbol engine: initialized successfully - sym options: 0x614 - pdb path: .;C:\Program Files\Microsoft\jdk-17.0.15.6-hotspot\bin;C:\WINDOWS\SYSTEM32;C:\WINDOWS\WinSxS\amd64_microsoft.windows.common-controls_6595b64144ccf1df_6.0.26100.7309_none_3e05feeae336a044;C:\Program Files\Microsoft\jdk-17.0.15.6-hotspot\bin\server;C:\Users\HP\.gradle\native\1def1411415f61bf3af743bc5b6707747c0891f09f0c88961ee8f79bc544acac\windows-amd64;C:\Users\HP\.gradle\native\0.2.7\x86_64-windows-gnu

VM Arguments:
jvm_args: --add-opens=java.base/java.lang=ALL-UNNAMED --add-opens=java.base/java.lang.invoke=ALL-UNNAMED --add-opens=java.base/java.util=ALL-UNNAMED --add-opens=java.prefs/java.util.prefs=ALL-UNNAMED --add-exports=jdk.compiler/com.sun.tools.javac.api=ALL-UNNAMED --add-exports=jdk.compiler/com.sun.tools.javac.util=ALL-UNNAMED --add-opens=java.base/java.util=ALL-UNNAMED --add-opens=java.prefs/java.util.prefs=ALL-UNNAMED --add-opens=java.base/java.nio.charset=ALL-UNNAMED --add-opens=java.base/java.net=ALL-UNNAMED --add-opens=java.base/java.util.concurrent.atomic=ALL-UNNAMED --add-opens=java.xml/javax.xml.namespace=ALL-UNNAMED -XX:+HeapDumpOnOutOfMemoryError -Xmx1536m -Dfile.encoding=UTF-8 -Duser.country=IN -Duser.language=en -Duser.variant -javaagent:C:\Users\HP\.gradle\wrapper\dists\gradle-8.14.1-bin\baw1sv0jfoi8rxs14qo3h49cs\gradle-8.14.1\lib\agents\gradle-instrumentation-agent-8.14.1.jar 
java_command: org.gradle.launcher.daemon.bootstrap.GradleDaemon 8.14.1
java_class_path (initial): C:\Users\HP\.gradle\wrapper\dists\gradle-8.14.1-bin\baw1sv0jfoi8rxs14qo3h49cs\gradle-8.14.1\lib\gradle-daemon-main-8.14.1.jar
Launcher Type: SUN_STANDARD

[Global flags]
     intx CICompilerCount                          = 4                                         {product} {ergonomic}
     uint ConcGCThreads                            = 3                                         {product} {ergonomic}
     uint G1ConcRefinementThreads                  = 10                                        {product} {ergonomic}
   size_t G1HeapRegionSize                         = 1048576                                   {product} {ergonomic}
    uintx GCDrainStackTargetSize                   = 64                                        {product} {ergonomic}
     bool HeapDumpOnOutOfMemoryError               = true                                   {manageable} {command line}
   size_t InitialHeapSize                          = 130023424                                 {product} {ergonomic}
   size_t MarkStackSize                            = 4194304                                   {product} {ergonomic}
   size_t MaxHeapSize                              = 1610612736                                {product} {command line}
   size_t MaxNewSize                               = 965738496                                 {product} {ergonomic}
   size_t MinHeapDeltaBytes                        = 1048576                                   {product} {ergonomic}
   size_t MinHeapSize                              = 8388608                                   {product} {ergonomic}
    uintx NonNMethodCodeHeapSize                   = 5839372                                {pd product} {ergonomic}
    uintx NonProfiledCodeHeapSize                  = 122909434                              {pd product} {ergonomic}
    uintx ProfiledCodeHeapSize                     = 122909434                              {pd product} {ergonomic}
    uintx ReservedCodeCacheSize                    = 251658240                              {pd product} {ergonomic}
     bool SegmentedCodeCache                       = true                                      {product} {ergonomic}
   size_t SoftMaxHeapSize                          = 1610612736                             {manageable} {ergonomic}
     bool UseCompressedClassPointers               = true                           {product lp64_product} {ergonomic}
     bool UseCompressedOops                        = true                           {product lp64_product} {ergonomic}
     bool UseG1GC                                  = true                                      {product} {ergonomic}
     bool UseLargePagesIndividualAllocation        = false                                  {pd product} {ergonomic}

Logging:
Log output configuration:
 #0: stdout all=warning uptime,level,tags
 #1: stderr all=off uptime,level,tags

Environment Variables:
JAVA_HOME=C:\Program Files\Microsoft\jdk-17.0.15.6-hotspot
PATH=D:\Parkitdemo\Updated-Sundukpay\node_modules\.bin;D:\Parkitdemo\Updated-Sundukpay\node_modules\.bin;D:\Parkitdemo\node_modules\.bin;D:\node_modules\.bin;C:\Program Files\nodejs\node_modules\npm\node_modules\@npmcli\run-script\lib\node-gyp-bin;C:\Program Files\Microsoft\jdk-17.0.15.6-hotspot\bin;C:\WINDOWS\system32;C:\WINDOWS;C:\WINDOWS\System32\Wbem;C:\WINDOWS\System32\WindowsPowerShell\v1.0\;C:\WINDOWS\System32\OpenSSH\;C:\Program Files\Git\cmd;C:\Program Files\dotnet\;C:\ProgramData\chocolatey\bin;C:\Program Files\nodejs\;C:\Users\HP\AppData\Local\Android\Sdk\platform-tools;C:\Users\HP\AppData\Local\Android\Sdk;C:\Users\HP\AppData\Local\Android\Sdk\emulator;;C:\Program Files\Docker\Docker\resources\bin;C:\Program Files\PuTTY\;C:\Program Files\MySQL\MySQL Shell 8.0\bin\;C:\Users\HP\AppData\Local\Microsoft\WindowsApps;C:\Users\HP\AppData\Local\Programs\Microsoft VS Code\bin;C:\Users\HP\AppData\Roaming\npm;C:\Users\HP\AppData\Local\Android\Sdk\platform-tools;C:\Users\HP\AppData\Local\Android\Sdk;C:\Users\HP\AppData\Local\Android\Sdk\emulator;c:\Users\HP\.vscode\extensions\vscjava.vscode-java-debug-0.58.5\bundled\scripts\noConfigScripts
USERNAME=HP
LANG=en_US.UTF-8
OS=Windows_NT
PROCESSOR_IDENTIFIER=Intel64 Family 6 Model 154 Stepping 4, GenuineIntel
TMP=C:\Users\HP\AppData\Local\Temp
TEMP=C:\Users\HP\AppData\Local\Temp



Periodic native trim disabled


---------------  S Y S T E M  ---------------

OS:
 Windows 11 , 64 bit Build 26100 (10.0.26100.7623)
OS uptime: 0 days 23:55 hours
Hyper-V role detected

CPU: total 12 (initial active 12) (6 cores per cpu, 2 threads per core) family 6 model 154 stepping 4 microcode 0x432, cx8, cmov, fxsr, ht, mmx, 3dnowpref, sse, sse2, sse3, ssse3, sse4.1, sse4.2, popcnt, lzcnt, tsc, tscinvbit, avx, avx2, aes, erms, clmul, bmi1, bmi2, adx, sha, fma, vzeroupper, clflush, clflushopt, clwb, hv
Processor Information for processor 0
  Max Mhz: 1300, Current Mhz: 1300, Mhz Limit: 1300
Processor Information for processor 1
  Max Mhz: 1300, Current Mhz: 1300, Mhz Limit: 1300
Processor Information for processor 2
  Max Mhz: 1300, Current Mhz: 1300, Mhz Limit: 1300
Processor Information for processor 3
  Max Mhz: 1300, Current Mhz: 1300, Mhz Limit: 1300
Processor Information for processor 4
  Max Mhz: 1300, Current Mhz: 900, Mhz Limit: 897
Processor Information for processor 5
  Max Mhz: 1300, Current Mhz: 900, Mhz Limit: 897
Processor Information for processor 6
  Max Mhz: 1300, Current Mhz: 900, Mhz Limit: 897
Processor Information for processor 7
  Max Mhz: 1300, Current Mhz: 900, Mhz Limit: 897
Processor Information for processor 8
  Max Mhz: 1300, Current Mhz: 900, Mhz Limit: 897
Processor Information for processor 9
  Max Mhz: 1300, Current Mhz: 900, Mhz Limit: 897
Processor Information for processor 10
  Max Mhz: 1300, Current Mhz: 900, Mhz Limit: 897
Processor Information for processor 11
  Max Mhz: 1300, Current Mhz: 900, Mhz Limit: 897

Memory: 4k page, system-wide physical 7835M (795M free)
TotalPageFile size 31387M (AvailPageFile size 35M)
current process WorkingSet (physical memory assigned to process): 485M, peak: 485M
current process commit charge ("private bytes"): 592M, peak: 657M

vm_info: OpenJDK 64-Bit Server VM (17.0.15+6-LTS) for windows-amd64 JRE (17.0.15+6-LTS), built on Apr  9 2025 22:27:25 by "MicrosoftCorporation" with unknown MS VC++:1939

END.
