#
# There is insufficient memory for the Java Runtime Environment to continue.
# Native memory allocation (malloc) failed to allocate 1700880 bytes. Error detail: Chunk::new
# Possible reasons:
#   The system is out of physical RAM or swap space
#   This process is running with CompressedOops enabled, and the Java Heap may be blocking the growth of the native heap
# Possible solutions:
#   Reduce memory load on the system
#   Increase physical memory or swap space
#   Check if swap backing store is full
#   Decrease Java heap size (-Xmx/-Xms)
#   Decrease number of Java threads
#   Decrease Java thread stack sizes (-Xss)
#   Set larger code cache with -XX:ReservedCodeCacheSize=
#   JVM is running with Unscaled Compressed Oops mode in which the Java heap is
#     placed in the first 4GB address space. The Java Heap base address is the
#     maximum limit for the native heap growth. Please use -XX:HeapBaseMinAddress
#     to set the Java Heap base and to place the Java Heap above 4GB virtual address.
# This output file may be truncated or incomplete.
#
#  Out of Memory Error (arena.cpp:191), pid=32632, tid=2612
#
# JRE version: OpenJDK Runtime Environment Microsoft-11369865 (17.0.15+6) (build 17.0.15+6-LTS)
# Java VM: OpenJDK 64-Bit Server VM Microsoft-11369865 (17.0.15+6-LTS, mixed mode, sharing, tiered, compressed oops, compressed class ptrs, g1 gc, windows-amd64)
# No core dump will be written. Minidumps are not enabled by default on client versions of Windows
#

---------------  S U M M A R Y ------------

Command Line: --add-opens=java.base/java.lang=ALL-UNNAMED --add-opens=java.base/java.lang.invoke=ALL-UNNAMED --add-opens=java.base/java.util=ALL-UNNAMED --add-opens=java.prefs/java.util.prefs=ALL-UNNAMED --add-exports=jdk.compiler/com.sun.tools.javac.api=ALL-UNNAMED --add-exports=jdk.compiler/com.sun.tools.javac.util=ALL-UNNAMED --add-opens=java.base/java.util=ALL-UNNAMED --add-opens=java.prefs/java.util.prefs=ALL-UNNAMED --add-opens=java.base/java.nio.charset=ALL-UNNAMED --add-opens=java.base/java.net=ALL-UNNAMED --add-opens=java.base/java.util.concurrent.atomic=ALL-UNNAMED --add-opens=java.xml/javax.xml.namespace=ALL-UNNAMED -XX:+HeapDumpOnOutOfMemoryError -Xmx1536m -Dfile.encoding=UTF-8 -Duser.country=IN -Duser.language=en -Duser.variant -javaagent:C:\Users\HP\.gradle\wrapper\dists\gradle-8.14.1-bin\baw1sv0jfoi8rxs14qo3h49cs\gradle-8.14.1\lib\agents\gradle-instrumentation-agent-8.14.1.jar org.gradle.launcher.daemon.bootstrap.GradleDaemon 8.14.1

Host: 12th Gen Intel(R) Core(TM) i5-1235U, 12 cores, 7G,  Windows 11 , 64 bit Build 26100 (10.0.26100.7623)
Time: Fri Feb 13 13:57:37 2026 India Standard Time elapsed time: 57.433011 seconds (0d 0h 0m 57s)

---------------  T H R E A D  ---------------

Current thread (0x000001c9358a8f90):  JavaThread "C2 CompilerThread0" daemon [_thread_in_native, id=2612, stack(0x000000af27700000,0x000000af27800000)]


Current CompileTask:
C2:  57433 21283       4       org.gradle.internal.execution.steps.IdentityCacheStep::executeInCache (45 bytes)

Stack: [0x000000af27700000,0x000000af27800000]
Native frames: (J=compiled Java code, j=interpreted, Vv=VM code, C=native code)
V  [jvm.dll+0x6887a9]
V  [jvm.dll+0x83f5a8]
V  [jvm.dll+0x841053]
V  [jvm.dll+0x8416c3]
V  [jvm.dll+0x2496ef]
V  [jvm.dll+0xad134]
V  [jvm.dll+0xad7cc]
V  [jvm.dll+0x36af2e]
V  [jvm.dll+0x335513]
V  [jvm.dll+0x3349aa]
V  [jvm.dll+0x21a908]
V  [jvm.dll+0x219d3f]
V  [jvm.dll+0x1a55f6]
V  [jvm.dll+0x22a39a]
V  [jvm.dll+0x2284db]
V  [jvm.dll+0x7f4e28]
V  [jvm.dll+0x7ef2dc]
V  [jvm.dll+0x687687]
C  [ucrtbase.dll+0x37b0]
C  [KERNEL32.DLL+0x2e8d7]
C  [ntdll.dll+0x8c53c]


---------------  P R O C E S S  ---------------

Threads class SMR info:
_java_thread_list=0x000001c90c493090, length=200, elements={
0x000001c918290930, 0x000001c9358864c0, 0x000001c935886f90, 0x000001c93589d7a0,
0x000001c9358a0080, 0x000001c9358a0950, 0x000001c9358a5640, 0x000001c9358a8f90,
0x000001c9358ba600, 0x000001c9358bcf20, 0x000001c935872fc0, 0x000001c935a48c90,
0x000001c97ca38250, 0x000001c97b8c6700, 0x000001c97cc148b0, 0x000001c97c283050,
0x000001c97b31f040, 0x000001c97cab35c0, 0x000001c97cab3ad0, 0x000001c97cab5420,
0x000001c97cab2690, 0x000001c97cab3fe0, 0x000001c97cab4f10, 0x000001c97cab44f0,
0x000001c97cab4a00, 0x000001c97cab2180, 0x000001c97cab2ba0, 0x000001c97cab30b0,
0x000001c97cfa2fb0, 0x000001c97cfa43f0, 0x000001c97cfa5320, 0x000001c97cfa3ee0,
0x000001c97cfa2080, 0x000001c97cfa7ba0, 0x000001c97cfa85c0, 0x000001c97cfa94f0,
0x000001c97cfa6250, 0x000001c97cfa7180, 0x000001c97cfa7690, 0x000001c97cfa80b0,
0x000001c97cfa6760, 0x000001c97cfa9a00, 0x000001c97c0a1700, 0x000001c97c09f8a0,
0x000001c97c0a3560, 0x000001c97c0a02c0, 0x000001c97c0a3050, 0x000001c97c0a07d0,
0x000001c97c0a2630, 0x000001c97c09fdb0, 0x000001c97c0a1c10, 0x000001c97c0a2120,
0x000001c97c0a2b40, 0x000001c97c0a3a70, 0x000001c97c0a0ce0, 0x000001c97c0a3f80,
0x000001c97c0a4490, 0x000001c97c0a49a0, 0x000001c97c0a11f0, 0x000001c97c0a5de0,
0x000001c97c0a6d10, 0x000001c97c0a62f0, 0x000001c97c0a6800, 0x000001c97c0a4eb0,
0x000001c97c0a7220, 0x000001c97c0a53c0, 0x000001c97c0a58d0, 0x000001c97c28f040,
0x000001c97c28f550, 0x000001c97c28fa60, 0x000001c97c28ff70, 0x000001c97c290480,
0x000001c97c290990, 0x000001c97c290ea0, 0x000001c97c28dc00, 0x000001c97c2918c0,
0x000001c97c28e620, 0x000001c97c2922e0, 0x000001c97c28eb30, 0x000001c97c294650,
0x000001c97c294140, 0x000001c97c293c30, 0x000001c97c2927f0, 0x000001c97c292d00,
0x000001c97c294b60, 0x000001c97c295580, 0x000001c97c293210, 0x000001c97c293720,
0x000001c97fc488a0, 0x000001c97fc492c0, 0x000001c97fc48db0, 0x000001c97fc497d0,
0x000001c97fc49ce0, 0x000001c97fc4a1f0, 0x000001c97fc4bb40, 0x000001c97fc4a700,
0x000001c97fc4c050, 0x000001c97fc4b120, 0x000001c97fc4ac10, 0x000001c97fc4b630,
0x000001c90191c080, 0x000001c90191c590, 0x000001c90191e3f0, 0x000001c90191caa0,
0x000001c90191f830, 0x000001c90191d9d0, 0x000001c90191f320, 0x000001c90191cfb0,
0x000001c90191d4c0, 0x000001c90191e900, 0x000001c90191dee0, 0x000001c90191ee10,
0x000001c901456f80, 0x000001c901455120, 0x000001c901457490, 0x000001c9014579a0,
0x000001c901455630, 0x000001c901457eb0, 0x000001c9014583c0, 0x000001c901456050,
0x000001c9014588d0, 0x000001c901455b40, 0x000001c901456560, 0x000001c901456a70,
0x000001c97e804d80, 0x000001c97e803e50, 0x000001c97e8066d0, 0x000001c97e805290,
0x000001c97e8057a0, 0x000001c97e804360, 0x000001c97e804870, 0x000001c97e805cb0,
0x000001c97e8061c0, 0x000001c97e806be0, 0x000001c97e803940, 0x000001c97e808530,
0x000001c97e807600, 0x000001c97e809e80, 0x000001c97e80a390, 0x000001c97e807b10,
0x000001c97e809970, 0x000001c97e809460, 0x000001c97e808a40, 0x000001c97e808f50,
0x000001c97e8070f0, 0x000001c97e80a8a0, 0x000001c97e80adb0, 0x000001c97e808020,
0x000001c97e80b2c0, 0x000001c97b717280, 0x000001c97b7144f0, 0x000001c97b717790,
0x000001c97b714f10, 0x000001c97b713fe0, 0x000001c97b715930, 0x000001c97b7181b0,
0x000001c97b715420, 0x000001c97b716d70, 0x000001c97b716350, 0x000001c97b714a00,
0x000001c97b717ca0, 0x000001c97b715e40, 0x000001c97b7195f0, 0x000001c97b719b00,
0x000001c97b7186c0, 0x000001c97b718bd0, 0x000001c97b71a010, 0x000001c97b716860,
0x000001c97b71a520, 0x000001c97b71aa30, 0x000001c97b71af40, 0x000001c97b71b450,
0x000001c97b71b960, 0x000001c97b4e83d0, 0x000001c97b4e6a80, 0x000001c97b4e6570,
0x000001c97b4e8df0, 0x000001c97b4e9300, 0x000001c97b4e7ec0, 0x000001c97b4e9810,
0x000001c97b4e6060, 0x000001c97b4e9d20, 0x000001c97b4ea740, 0x000001c97b4e79b0,
0x000001c97b4e6f90, 0x000001c97b4ecfc0, 0x000001c97b4ed9e0, 0x000001c97cfa39d0,
0x000001c97c291dd0, 0x000001c900ad0fe0, 0x000001c900ad14f0, 0x000001c900ad2e40,
0x000001c900ad1a00, 0x000001c900ad60e0, 0x000001c900ad56c0, 0x000001c900ad7a30,
0x000001c900ad7f40, 0x000001c90bdbdac0, 0x000001c907960c70, 0x000001c907961c60
}

Java Threads: ( => current thread )
  0x000001c918290930 JavaThread "main" [_thread_blocked, id=19568, stack(0x000000af26a00000,0x000000af26b00000)]
  0x000001c9358864c0 JavaThread "Reference Handler" daemon [_thread_blocked, id=14852, stack(0x000000af27100000,0x000000af27200000)]
  0x000001c935886f90 JavaThread "Finalizer" daemon [_thread_blocked, id=6600, stack(0x000000af27200000,0x000000af27300000)]
  0x000001c93589d7a0 JavaThread "Signal Dispatcher" daemon [_thread_blocked, id=19336, stack(0x000000af27300000,0x000000af27400000)]
  0x000001c9358a0080 JavaThread "Attach Listener" daemon [_thread_blocked, id=27676, stack(0x000000af27400000,0x000000af27500000)]
  0x000001c9358a0950 JavaThread "Service Thread" daemon [_thread_blocked, id=33664, stack(0x000000af27500000,0x000000af27600000)]
  0x000001c9358a5640 JavaThread "Monitor Deflation Thread" daemon [_thread_blocked, id=16608, stack(0x000000af27600000,0x000000af27700000)]
=>0x000001c9358a8f90 JavaThread "C2 CompilerThread0" daemon [_thread_in_native, id=2612, stack(0x000000af27700000,0x000000af27800000)]
  0x000001c9358ba600 JavaThread "C1 CompilerThread0" daemon [_thread_blocked, id=32736, stack(0x000000af27800000,0x000000af27900000)]
  0x000001c9358bcf20 JavaThread "Sweeper thread" daemon [_thread_blocked, id=32620, stack(0x000000af27900000,0x000000af27a00000)]
  0x000001c935872fc0 JavaThread "Common-Cleaner" daemon [_thread_blocked, id=10748, stack(0x000000af27a00000,0x000000af27b00000)]
  0x000001c935a48c90 JavaThread "Notification Thread" daemon [_thread_blocked, id=12888, stack(0x000000af27b00000,0x000000af27c00000)]
  0x000001c97ca38250 JavaThread "Daemon health stats" [_thread_blocked, id=22896, stack(0x000000af27d00000,0x000000af27e00000)]
  0x000001c97b8c6700 JavaThread "Incoming local TCP Connector on port 59432" [_thread_in_native, id=15124, stack(0x000000af27e00000,0x000000af27f00000)]
  0x000001c97cc148b0 JavaThread "Daemon periodic checks" [_thread_blocked, id=31312, stack(0x000000af28300000,0x000000af28400000)]
  0x000001c97c283050 JavaThread "Daemon" [_thread_blocked, id=10116, stack(0x000000af28400000,0x000000af28500000)]
  0x000001c97b31f040 JavaThread "Handler for socket connection from /127.0.0.1:59432 to /127.0.0.1:59433" [_thread_in_native, id=16952, stack(0x000000af28500000,0x000000af28600000)]
  0x000001c97cab35c0 JavaThread "Cancel handler" [_thread_blocked, id=32976, stack(0x000000af28600000,0x000000af28700000)]
  0x000001c97cab3ad0 JavaThread "Daemon worker" [_thread_blocked, id=3452, stack(0x000000af28700000,0x000000af28800000)]
  0x000001c97cab5420 JavaThread "Asynchronous log dispatcher for DefaultDaemonConnection: socket connection from /127.0.0.1:59432 to /127.0.0.1:59433" [_thread_blocked, id=30796, stack(0x000000af28800000,0x000000af28900000)]
  0x000001c97cab2690 JavaThread "Stdin handler" [_thread_blocked, id=23372, stack(0x000000af28900000,0x000000af28a00000)]
  0x000001c97cab3fe0 JavaThread "Daemon client event forwarder" [_thread_blocked, id=29472, stack(0x000000af28a00000,0x000000af28b00000)]
  0x000001c97cab4f10 JavaThread "Cache worker for journal cache (C:\Users\HP\.gradle\caches\journal-1)" [_thread_blocked, id=23208, stack(0x000000af28b00000,0x000000af28c00000)]
  0x000001c97cab44f0 JavaThread "File lock request listener" [_thread_in_native, id=13304, stack(0x000000af28c00000,0x000000af28d00000)]
  0x000001c97cab4a00 JavaThread "Cache worker for file hash cache (C:\Users\HP\.gradle\caches\8.14.1\fileHashes)" [_thread_blocked, id=22928, stack(0x000000af28d00000,0x000000af28e00000)]
  0x000001c97cab2180 JavaThread "Cache worker for file hash cache (D:\Parkitdemo\Updated-Sundukpay\android\.gradle\8.14.1\fileHashes)" [_thread_blocked, id=23472, stack(0x000000af29400000,0x000000af29500000)]
  0x000001c97cab2ba0 JavaThread "Cache worker for Build Output Cleanup Cache (D:\Parkitdemo\Updated-Sundukpay\android\.gradle\buildOutputCleanup)" [_thread_blocked, id=3536, stack(0x000000af29500000,0x000000af29600000)]
  0x000001c97cab30b0 JavaThread "File watcher server" daemon [_thread_in_native, id=33520, stack(0x000000af29800000,0x000000af29900000)]
  0x000001c97cfa2fb0 JavaThread "File watcher consumer" daemon [_thread_blocked, id=32432, stack(0x000000af29900000,0x000000af29a00000)]
  0x000001c97cfa43f0 JavaThread "jar transforms" [_thread_blocked, id=15104, stack(0x000000af29a00000,0x000000af29b00000)]
  0x000001c97cfa5320 JavaThread "Cache worker for checksums cache (D:\Parkitdemo\Updated-Sundukpay\android\.gradle\8.14.1\checksums)" [_thread_blocked, id=28044, stack(0x000000af29b00000,0x000000af29c00000)]
  0x000001c97cfa3ee0 JavaThread "Cache worker for file content cache (C:\Users\HP\.gradle\caches\8.14.1\fileContent)" [_thread_blocked, id=9356, stack(0x000000af29c00000,0x000000af29d00000)]
  0x000001c97cfa2080 JavaThread "Cache worker for cache directory md-supplier (C:\Users\HP\.gradle\caches\8.14.1\md-supplier)" [_thread_blocked, id=30664, stack(0x000000af29d00000,0x000000af29e00000)]
  0x000001c97cfa7ba0 JavaThread "Cache worker for cache directory md-rule (C:\Users\HP\.gradle\caches\8.14.1\md-rule)" [_thread_blocked, id=33212, stack(0x000000af29e00000,0x000000af29f00000)]
  0x000001c97cfa85c0 JavaThread "Cache worker for Build Output Cleanup Cache (D:\Parkitdemo\Updated-Sundukpay\node_modules\@react-native\gradle-plugin\.gradle\buildOutputCleanup)" [_thread_blocked, id=27404, stack(0x000000af29f00000,0x000000af2a000000)]
  0x000001c97cfa94f0 JavaThread "Unconstrained build operations" [_thread_blocked, id=19308, stack(0x000000af29300000,0x000000af29400000)]
  0x000001c97cfa6250 JavaThread "Unconstrained build operations Thread 2" [_thread_blocked, id=32580, stack(0x000000af2a000000,0x000000af2a100000)]
  0x000001c97cfa7180 JavaThread "Unconstrained build operations Thread 3" [_thread_blocked, id=32868, stack(0x000000af2a200000,0x000000af2a300000)]
  0x000001c97cfa7690 JavaThread "Unconstrained build operations Thread 4" [_thread_blocked, id=5992, stack(0x000000af2a300000,0x000000af2a400000)]
  0x000001c97cfa80b0 JavaThread "Unconstrained build operations Thread 5" [_thread_blocked, id=13400, stack(0x000000af2a400000,0x000000af2a500000)]
  0x000001c97cfa6760 JavaThread "Unconstrained build operations Thread 6" [_thread_blocked, id=6532, stack(0x000000af2a500000,0x000000af2a600000)]
  0x000001c97cfa9a00 JavaThread "Unconstrained build operations Thread 7" [_thread_blocked, id=18688, stack(0x000000af2a600000,0x000000af2a700000)]
  0x000001c97c0a1700 JavaThread "Unconstrained build operations Thread 8" [_thread_blocked, id=10124, stack(0x000000af2a700000,0x000000af2a800000)]
  0x000001c97c09f8a0 JavaThread "Unconstrained build operations Thread 9" [_thread_blocked, id=21384, stack(0x000000af2a800000,0x000000af2a900000)]
  0x000001c97c0a3560 JavaThread "Unconstrained build operations Thread 10" [_thread_blocked, id=29616, stack(0x000000af2a900000,0x000000af2aa00000)]
  0x000001c97c0a02c0 JavaThread "Unconstrained build operations Thread 11" [_thread_blocked, id=32536, stack(0x000000af2aa00000,0x000000af2ab00000)]
  0x000001c97c0a3050 JavaThread "Unconstrained build operations Thread 12" [_thread_blocked, id=29120, stack(0x000000af2ab00000,0x000000af2ac00000)]
  0x000001c97c0a07d0 JavaThread "Unconstrained build operations Thread 13" [_thread_blocked, id=27696, stack(0x000000af2ac00000,0x000000af2ad00000)]
  0x000001c97c0a2630 JavaThread "Unconstrained build operations Thread 14" [_thread_blocked, id=24024, stack(0x000000af2ad00000,0x000000af2ae00000)]
  0x000001c97c09fdb0 JavaThread "Unconstrained build operations Thread 15" [_thread_blocked, id=25324, stack(0x000000af2ae00000,0x000000af2af00000)]
  0x000001c97c0a1c10 JavaThread "Unconstrained build operations Thread 16" [_thread_blocked, id=6252, stack(0x000000af2af00000,0x000000af2b000000)]
  0x000001c97c0a2120 JavaThread "Unconstrained build operations Thread 17" [_thread_blocked, id=16500, stack(0x000000af2b000000,0x000000af2b100000)]
  0x000001c97c0a2b40 JavaThread "Unconstrained build operations Thread 18" [_thread_blocked, id=32856, stack(0x000000af2b100000,0x000000af2b200000)]
  0x000001c97c0a3a70 JavaThread "Unconstrained build operations Thread 19" [_thread_blocked, id=25560, stack(0x000000af2b200000,0x000000af2b300000)]
  0x000001c97c0a0ce0 JavaThread "Unconstrained build operations Thread 20" [_thread_blocked, id=27264, stack(0x000000af2b300000,0x000000af2b400000)]
  0x000001c97c0a3f80 JavaThread "Unconstrained build operations Thread 21" [_thread_blocked, id=5924, stack(0x000000af2b400000,0x000000af2b500000)]
  0x000001c97c0a4490 JavaThread "Unconstrained build operations Thread 22" [_thread_blocked, id=30216, stack(0x000000af2b500000,0x000000af2b600000)]
  0x000001c97c0a49a0 JavaThread "Unconstrained build operations Thread 23" [_thread_blocked, id=32544, stack(0x000000af2b600000,0x000000af2b700000)]
  0x000001c97c0a11f0 JavaThread "Unconstrained build operations Thread 24" [_thread_blocked, id=33620, stack(0x000000af2b700000,0x000000af2b800000)]
  0x000001c97c0a5de0 JavaThread "Unconstrained build operations Thread 25" [_thread_blocked, id=28676, stack(0x000000af2b800000,0x000000af2b900000)]
  0x000001c97c0a6d10 JavaThread "Unconstrained build operations Thread 26" [_thread_blocked, id=29860, stack(0x000000af2b900000,0x000000af2ba00000)]
  0x000001c97c0a62f0 JavaThread "Unconstrained build operations Thread 27" [_thread_blocked, id=2160, stack(0x000000af2ba00000,0x000000af2bb00000)]
  0x000001c97c0a6800 JavaThread "Unconstrained build operations Thread 28" [_thread_blocked, id=24684, stack(0x000000af2bb00000,0x000000af2bc00000)]
  0x000001c97c0a4eb0 JavaThread "Unconstrained build operations Thread 29" [_thread_blocked, id=21796, stack(0x000000af2bc00000,0x000000af2bd00000)]
  0x000001c97c0a7220 JavaThread "Unconstrained build operations Thread 30" [_thread_blocked, id=29008, stack(0x000000af2bd00000,0x000000af2be00000)]
  0x000001c97c0a53c0 JavaThread "Unconstrained build operations Thread 31" [_thread_blocked, id=22052, stack(0x000000af2be00000,0x000000af2bf00000)]
  0x000001c97c0a58d0 JavaThread "Unconstrained build operations Thread 32" [_thread_blocked, id=13720, stack(0x000000af2bf00000,0x000000af2c000000)]
  0x000001c97c28f040 JavaThread "Unconstrained build operations Thread 33" [_thread_blocked, id=14056, stack(0x000000af2c000000,0x000000af2c100000)]
  0x000001c97c28f550 JavaThread "Unconstrained build operations Thread 34" [_thread_blocked, id=29096, stack(0x000000af2c100000,0x000000af2c200000)]
  0x000001c97c28fa60 JavaThread "Unconstrained build operations Thread 35" [_thread_blocked, id=26076, stack(0x000000af2c200000,0x000000af2c300000)]
  0x000001c97c28ff70 JavaThread "Unconstrained build operations Thread 36" [_thread_blocked, id=29116, stack(0x000000af2c300000,0x000000af2c400000)]
  0x000001c97c290480 JavaThread "Unconstrained build operations Thread 37" [_thread_blocked, id=18136, stack(0x000000af2c400000,0x000000af2c500000)]
  0x000001c97c290990 JavaThread "Unconstrained build operations Thread 38" [_thread_blocked, id=12728, stack(0x000000af2c500000,0x000000af2c600000)]
  0x000001c97c290ea0 JavaThread "Unconstrained build operations Thread 39" [_thread_blocked, id=27320, stack(0x000000af2c600000,0x000000af2c700000)]
  0x000001c97c28dc00 JavaThread "build event listener" [_thread_blocked, id=27056, stack(0x000000af2c800000,0x000000af2c900000)]
  0x000001c97c2918c0 JavaThread "Memory manager" [_thread_blocked, id=9032, stack(0x000000af2c700000,0x000000af2c800000)]
  0x000001c97c28e620 JavaThread "ForkJoinPool.commonPool-worker-1" daemon [_thread_blocked, id=26788, stack(0x000000af2ca00000,0x000000af2cb00000)]
  0x000001c97c2922e0 JavaThread "ForkJoinPool.commonPool-worker-2" daemon [_thread_blocked, id=22392, stack(0x000000af2cb00000,0x000000af2cc00000)]
  0x000001c97c28eb30 JavaThread "ForkJoinPool.commonPool-worker-3" daemon [_thread_blocked, id=32588, stack(0x000000af2cc00000,0x000000af2cd00000)]
  0x000001c97c294650 JavaThread "ForkJoinPool.commonPool-worker-4" daemon [_thread_blocked, id=7936, stack(0x000000af2cd00000,0x000000af2ce00000)]
  0x000001c97c294140 JavaThread "ForkJoinPool.commonPool-worker-5" daemon [_thread_blocked, id=8716, stack(0x000000af2ce00000,0x000000af2cf00000)]
  0x000001c97c293c30 JavaThread "ForkJoinPool.commonPool-worker-6" daemon [_thread_blocked, id=32116, stack(0x000000af2cf00000,0x000000af2d000000)]
  0x000001c97c2927f0 JavaThread "ForkJoinPool.commonPool-worker-7" daemon [_thread_blocked, id=3008, stack(0x000000af2d000000,0x000000af2d100000)]
  0x000001c97c292d00 JavaThread "ForkJoinPool.commonPool-worker-8" daemon [_thread_blocked, id=24744, stack(0x000000af2d100000,0x000000af2d200000)]
  0x000001c97c294b60 JavaThread "ForkJoinPool.commonPool-worker-9" daemon [_thread_blocked, id=16536, stack(0x000000af2d200000,0x000000af2d300000)]
  0x000001c97c295580 JavaThread "ForkJoinPool.commonPool-worker-10" daemon [_thread_blocked, id=30584, stack(0x000000af2d300000,0x000000af2d400000)]
  0x000001c97c293210 JavaThread "included builds" [_thread_blocked, id=31048, stack(0x000000af2d400000,0x000000af2d500000)]
  0x000001c97c293720 JavaThread "Execution worker" [_thread_in_Java, id=31264, stack(0x000000af2d500000,0x000000af2d600000)]
  0x000001c97fc488a0 JavaThread "Execution worker Thread 2" [_thread_blocked, id=20584, stack(0x000000af2d600000,0x000000af2d700000)]
  0x000001c97fc492c0 JavaThread "Execution worker Thread 3" [_thread_blocked, id=10464, stack(0x000000af2d700000,0x000000af2d800000)]
  0x000001c97fc48db0 JavaThread "Execution worker Thread 4" [_thread_blocked, id=9120, stack(0x000000af2d800000,0x000000af2d900000)]
  0x000001c97fc497d0 JavaThread "Execution worker Thread 5" [_thread_blocked, id=27868, stack(0x000000af2d900000,0x000000af2da00000)]
  0x000001c97fc49ce0 JavaThread "Execution worker Thread 6" [_thread_blocked, id=2932, stack(0x000000af2da00000,0x000000af2db00000)]
  0x000001c97fc4a1f0 JavaThread "Execution worker Thread 7" [_thread_blocked, id=28564, stack(0x000000af2db00000,0x000000af2dc00000)]
  0x000001c97fc4bb40 JavaThread "Execution worker Thread 8" [_thread_blocked, id=28460, stack(0x000000af2dc00000,0x000000af2dd00000)]
  0x000001c97fc4a700 JavaThread "Execution worker Thread 9" [_thread_blocked, id=18656, stack(0x000000af2dd00000,0x000000af2de00000)]
  0x000001c97fc4c050 JavaThread "Execution worker Thread 10" [_thread_blocked, id=30068, stack(0x000000af2de00000,0x000000af2df00000)]
  0x000001c97fc4b120 JavaThread "Execution worker Thread 11" [_thread_blocked, id=3932, stack(0x000000af2df00000,0x000000af2e000000)]
  0x000001c97fc4ac10 JavaThread "Cache worker for execution history cache (D:\Parkitdemo\Updated-Sundukpay\node_modules\@react-native\gradle-plugin\.gradle\8.14.1\executionHistory)" [_thread_blocked, id=19432, stack(0x000000af2e000000,0x000000af2e100000)]
  0x000001c97fc4b630 JavaThread "Unconstrained build operations Thread 40" [_thread_blocked, id=30780, stack(0x000000af2e100000,0x000000af2e200000)]
  0x000001c90191c080 JavaThread "Unconstrained build operations Thread 41" [_thread_blocked, id=21392, stack(0x000000af2e200000,0x000000af2e300000)]
  0x000001c90191c590 JavaThread "Unconstrained build operations Thread 42" [_thread_blocked, id=13080, stack(0x000000af2e300000,0x000000af2e400000)]
  0x000001c90191e3f0 JavaThread "Unconstrained build operations Thread 43" [_thread_blocked, id=1436, stack(0x000000af2e400000,0x000000af2e500000)]
  0x000001c90191caa0 JavaThread "Unconstrained build operations Thread 44" [_thread_blocked, id=32888, stack(0x000000af2e500000,0x000000af2e600000)]
  0x000001c90191f830 JavaThread "Unconstrained build operations Thread 45" [_thread_blocked, id=26048, stack(0x000000af2e600000,0x000000af2e700000)]
  0x000001c90191d9d0 JavaThread "Unconstrained build operations Thread 46" [_thread_blocked, id=30484, stack(0x000000af2e700000,0x000000af2e800000)]
  0x000001c90191f320 JavaThread "Unconstrained build operations Thread 47" [_thread_blocked, id=29024, stack(0x000000af2e800000,0x000000af2e900000)]
  0x000001c90191cfb0 JavaThread "Unconstrained build operations Thread 48" [_thread_blocked, id=7068, stack(0x000000af2e900000,0x000000af2ea00000)]
  0x000001c90191d4c0 JavaThread "Unconstrained build operations Thread 49" [_thread_blocked, id=28816, stack(0x000000af2ea00000,0x000000af2eb00000)]
  0x000001c90191e900 JavaThread "Unconstrained build operations Thread 50" [_thread_blocked, id=6028, stack(0x000000af2eb00000,0x000000af2ec00000)]
  0x000001c90191dee0 JavaThread "Unconstrained build operations Thread 51" [_thread_blocked, id=27208, stack(0x000000af2ec00000,0x000000af2ed00000)]
  0x000001c90191ee10 JavaThread "Unconstrained build operations Thread 52" [_thread_blocked, id=7392, stack(0x000000af2ed00000,0x000000af2ee00000)]
  0x000001c901456f80 JavaThread "Unconstrained build operations Thread 53" [_thread_blocked, id=25344, stack(0x000000af2ee00000,0x000000af2ef00000)]
  0x000001c901455120 JavaThread "Unconstrained build operations Thread 54" [_thread_blocked, id=26500, stack(0x000000af2ef00000,0x000000af2f000000)]
  0x000001c901457490 JavaThread "Unconstrained build operations Thread 55" [_thread_blocked, id=28956, stack(0x000000af2f000000,0x000000af2f100000)]
  0x000001c9014579a0 JavaThread "Unconstrained build operations Thread 56" [_thread_blocked, id=10096, stack(0x000000af2f100000,0x000000af2f200000)]
  0x000001c901455630 JavaThread "Unconstrained build operations Thread 57" [_thread_blocked, id=28208, stack(0x000000af2f200000,0x000000af2f300000)]
  0x000001c901457eb0 JavaThread "Unconstrained build operations Thread 58" [_thread_blocked, id=23720, stack(0x000000af2f300000,0x000000af2f400000)]
  0x000001c9014583c0 JavaThread "Unconstrained build operations Thread 59" [_thread_blocked, id=22732, stack(0x000000af2f400000,0x000000af2f500000)]
  0x000001c901456050 JavaThread "Unconstrained build operations Thread 60" [_thread_blocked, id=8388, stack(0x000000af2f500000,0x000000af2f600000)]
  0x000001c9014588d0 JavaThread "Unconstrained build operations Thread 61" [_thread_blocked, id=31688, stack(0x000000af2f600000,0x000000af2f700000)]
  0x000001c901455b40 JavaThread "Unconstrained build operations Thread 62" [_thread_blocked, id=31316, stack(0x000000af2f700000,0x000000af2f800000)]
  0x000001c901456560 JavaThread "Unconstrained build operations Thread 63" [_thread_blocked, id=31104, stack(0x000000af2f800000,0x000000af2f900000)]
  0x000001c901456a70 JavaThread "Unconstrained build operations Thread 64" [_thread_blocked, id=20172, stack(0x000000af2f900000,0x000000af2fa00000)]
  0x000001c97e804d80 JavaThread "Unconstrained build operations Thread 65" [_thread_blocked, id=10064, stack(0x000000af2fa00000,0x000000af2fb00000)]
  0x000001c97e803e50 JavaThread "Unconstrained build operations Thread 66" [_thread_blocked, id=20516, stack(0x000000af2fb00000,0x000000af2fc00000)]
  0x000001c97e8066d0 JavaThread "Unconstrained build operations Thread 67" [_thread_blocked, id=7184, stack(0x000000af2fc00000,0x000000af2fd00000)]
  0x000001c97e805290 JavaThread "Unconstrained build operations Thread 68" [_thread_blocked, id=24264, stack(0x000000af2fd00000,0x000000af2fe00000)]
  0x000001c97e8057a0 JavaThread "Unconstrained build operations Thread 69" [_thread_blocked, id=5140, stack(0x000000af2fe00000,0x000000af2ff00000)]
  0x000001c97e804360 JavaThread "Unconstrained build operations Thread 70" [_thread_blocked, id=29784, stack(0x000000af2ff00000,0x000000af30000000)]
  0x000001c97e804870 JavaThread "Unconstrained build operations Thread 71" [_thread_blocked, id=30488, stack(0x000000af30000000,0x000000af30100000)]
  0x000001c97e805cb0 JavaThread "Unconstrained build operations Thread 72" [_thread_blocked, id=11356, stack(0x000000af30100000,0x000000af30200000)]
  0x000001c97e8061c0 JavaThread "Unconstrained build operations Thread 73" [_thread_blocked, id=30472, stack(0x000000af30200000,0x000000af30300000)]
  0x000001c97e806be0 JavaThread "Unconstrained build operations Thread 74" [_thread_blocked, id=3584, stack(0x000000af30300000,0x000000af30400000)]
  0x000001c97e803940 JavaThread "Unconstrained build operations Thread 75" [_thread_blocked, id=28372, stack(0x000000af30400000,0x000000af30500000)]
  0x000001c97e808530 JavaThread "Unconstrained build operations Thread 76" [_thread_blocked, id=26532, stack(0x000000af30500000,0x000000af30600000)]
  0x000001c97e807600 JavaThread "Unconstrained build operations Thread 77" [_thread_blocked, id=33192, stack(0x000000af30600000,0x000000af30700000)]
  0x000001c97e809e80 JavaThread "Unconstrained build operations Thread 78" [_thread_blocked, id=15380, stack(0x000000af30700000,0x000000af30800000)]
  0x000001c97e80a390 JavaThread "Unconstrained build operations Thread 79" [_thread_blocked, id=30000, stack(0x000000af30800000,0x000000af30900000)]
  0x000001c97e807b10 JavaThread "Unconstrained build operations Thread 80" [_thread_blocked, id=30812, stack(0x000000af30900000,0x000000af30a00000)]
  0x000001c97e809970 JavaThread "Unconstrained build operations Thread 81" [_thread_blocked, id=32816, stack(0x000000af30a00000,0x000000af30b00000)]
  0x000001c97e809460 JavaThread "Unconstrained build operations Thread 82" [_thread_blocked, id=31124, stack(0x000000af30b00000,0x000000af30c00000)]
  0x000001c97e808a40 JavaThread "Unconstrained build operations Thread 83" [_thread_blocked, id=3136, stack(0x000000af30c00000,0x000000af30d00000)]
  0x000001c97e808f50 JavaThread "Unconstrained build operations Thread 84" [_thread_blocked, id=25464, stack(0x000000af30d00000,0x000000af30e00000)]
  0x000001c97e8070f0 JavaThread "Unconstrained build operations Thread 85" [_thread_blocked, id=13364, stack(0x000000af30e00000,0x000000af30f00000)]
  0x000001c97e80a8a0 JavaThread "Unconstrained build operations Thread 86" [_thread_blocked, id=31844, stack(0x000000af30f00000,0x000000af31000000)]
  0x000001c97e80adb0 JavaThread "Unconstrained build operations Thread 87" [_thread_blocked, id=1312, stack(0x000000af31000000,0x000000af31100000)]
  0x000001c97e808020 JavaThread "Unconstrained build operations Thread 88" [_thread_blocked, id=8292, stack(0x000000af31100000,0x000000af31200000)]
  0x000001c97e80b2c0 JavaThread "Unconstrained build operations Thread 89" [_thread_blocked, id=32784, stack(0x000000af31200000,0x000000af31300000)]
  0x000001c97b717280 JavaThread "Unconstrained build operations Thread 90" [_thread_blocked, id=5080, stack(0x000000af31300000,0x000000af31400000)]
  0x000001c97b7144f0 JavaThread "Unconstrained build operations Thread 91" [_thread_blocked, id=26572, stack(0x000000af31400000,0x000000af31500000)]
  0x000001c97b717790 JavaThread "Unconstrained build operations Thread 92" [_thread_blocked, id=25648, stack(0x000000af31500000,0x000000af31600000)]
  0x000001c97b714f10 JavaThread "Unconstrained build operations Thread 93" [_thread_blocked, id=16360, stack(0x000000af31600000,0x000000af31700000)]
  0x000001c97b713fe0 JavaThread "Unconstrained build operations Thread 94" [_thread_blocked, id=25844, stack(0x000000af31700000,0x000000af31800000)]
  0x000001c97b715930 JavaThread "Unconstrained build operations Thread 95" [_thread_blocked, id=26412, stack(0x000000af31800000,0x000000af31900000)]
  0x000001c97b7181b0 JavaThread "Unconstrained build operations Thread 96" [_thread_blocked, id=29060, stack(0x000000af31900000,0x000000af31a00000)]
  0x000001c97b715420 JavaThread "Unconstrained build operations Thread 97" [_thread_blocked, id=20388, stack(0x000000af31a00000,0x000000af31b00000)]
  0x000001c97b716d70 JavaThread "Unconstrained build operations Thread 98" [_thread_blocked, id=20108, stack(0x000000af31b00000,0x000000af31c00000)]
  0x000001c97b716350 JavaThread "Unconstrained build operations Thread 99" [_thread_blocked, id=27248, stack(0x000000af31c00000,0x000000af31d00000)]
  0x000001c97b714a00 JavaThread "Unconstrained build operations Thread 100" [_thread_blocked, id=16300, stack(0x000000af31d00000,0x000000af31e00000)]
  0x000001c97b717ca0 JavaThread "Unconstrained build operations Thread 101" [_thread_blocked, id=31928, stack(0x000000af31e00000,0x000000af31f00000)]
  0x000001c97b715e40 JavaThread "Unconstrained build operations Thread 102" [_thread_blocked, id=19624, stack(0x000000af31f00000,0x000000af32000000)]
  0x000001c97b7195f0 JavaThread "Unconstrained build operations Thread 103" [_thread_blocked, id=32764, stack(0x000000af32000000,0x000000af32100000)]
  0x000001c97b719b00 JavaThread "Unconstrained build operations Thread 104" [_thread_blocked, id=26768, stack(0x000000af32100000,0x000000af32200000)]
  0x000001c97b7186c0 JavaThread "Unconstrained build operations Thread 105" [_thread_blocked, id=17740, stack(0x000000af32200000,0x000000af32300000)]
  0x000001c97b718bd0 JavaThread "Unconstrained build operations Thread 106" [_thread_blocked, id=31748, stack(0x000000af32300000,0x000000af32400000)]
  0x000001c97b71a010 JavaThread "Unconstrained build operations Thread 107" [_thread_blocked, id=28380, stack(0x000000af32400000,0x000000af32500000)]
  0x000001c97b716860 JavaThread "Unconstrained build operations Thread 108" [_thread_blocked, id=11192, stack(0x000000af32500000,0x000000af32600000)]
  0x000001c97b71a520 JavaThread "Unconstrained build operations Thread 109" [_thread_blocked, id=1804, stack(0x000000af32600000,0x000000af32700000)]
  0x000001c97b71aa30 JavaThread "Unconstrained build operations Thread 110" [_thread_blocked, id=15228, stack(0x000000af32700000,0x000000af32800000)]
  0x000001c97b71af40 JavaThread "Unconstrained build operations Thread 111" [_thread_blocked, id=21644, stack(0x000000af32800000,0x000000af32900000)]
  0x000001c97b71b450 JavaThread "Unconstrained build operations Thread 112" [_thread_blocked, id=30428, stack(0x000000af32900000,0x000000af32a00000)]
  0x000001c97b71b960 JavaThread "Unconstrained build operations Thread 113" [_thread_blocked, id=33472, stack(0x000000af32a00000,0x000000af32b00000)]
  0x000001c97b4e83d0 JavaThread "Unconstrained build operations Thread 114" [_thread_blocked, id=32184, stack(0x000000af32b00000,0x000000af32c00000)]
  0x000001c97b4e6a80 JavaThread "jar transforms Thread 2" [_thread_blocked, id=32700, stack(0x000000af32c00000,0x000000af32d00000)]
  0x000001c97b4e6570 JavaThread "jar transforms Thread 3" [_thread_blocked, id=8856, stack(0x000000af32d00000,0x000000af32e00000)]
  0x000001c97b4e8df0 JavaThread "Unconstrained build operations Thread 115" [_thread_blocked, id=14060, stack(0x000000af32e00000,0x000000af32f00000)]
  0x000001c97b4e9300 JavaThread "Unconstrained build operations Thread 116" [_thread_blocked, id=27800, stack(0x000000af32f00000,0x000000af33000000)]
  0x000001c97b4e7ec0 JavaThread "Unconstrained build operations Thread 117" [_thread_blocked, id=32108, stack(0x000000af33000000,0x000000af33100000)]
  0x000001c97b4e9810 JavaThread "Unconstrained build operations Thread 118" [_thread_blocked, id=32380, stack(0x000000af33100000,0x000000af33200000)]
  0x000001c97b4e6060 JavaThread "Unconstrained build operations Thread 119" [_thread_blocked, id=15236, stack(0x000000af33200000,0x000000af33300000)]
  0x000001c97b4e9d20 JavaThread "Unconstrained build operations Thread 120" [_thread_blocked, id=26696, stack(0x000000af33300000,0x000000af33400000)]
  0x000001c97b4ea740 JavaThread "jar transforms Thread 4" [_thread_blocked, id=23196, stack(0x000000af33400000,0x000000af33500000)]
  0x000001c97b4e79b0 JavaThread "jar transforms Thread 5" [_thread_blocked, id=13380, stack(0x000000af33500000,0x000000af33600000)]
  0x000001c97b4e6f90 JavaThread "jar transforms Thread 6" [_thread_blocked, id=30236, stack(0x000000af33600000,0x000000af33700000)]
  0x000001c97b4ecfc0 JavaThread "Problems report writer" [_thread_blocked, id=32260, stack(0x000000af33800000,0x000000af33900000)]
  0x000001c97b4ed9e0 JavaThread "build event listener" [_thread_blocked, id=9684, stack(0x000000af33700000,0x000000af33800000)]
  0x000001c97cfa39d0 JavaThread "jar transforms Thread 7" [_thread_blocked, id=24628, stack(0x000000af33a00000,0x000000af33b00000)]
  0x000001c97c291dd0 JavaThread "jar transforms Thread 8" [_thread_blocked, id=29880, stack(0x000000af33b00000,0x000000af33c00000)]
  0x000001c900ad0fe0 JavaThread "jar transforms Thread 9" [_thread_blocked, id=30852, stack(0x000000af33c00000,0x000000af33d00000)]
  0x000001c900ad14f0 JavaThread "jar transforms Thread 10" [_thread_blocked, id=30604, stack(0x000000af33d00000,0x000000af33e00000)]
  0x000001c900ad2e40 JavaThread "jar transforms Thread 11" [_thread_blocked, id=31920, stack(0x000000af33e00000,0x000000af33f00000)]
  0x000001c900ad1a00 JavaThread "jar transforms Thread 12" [_thread_blocked, id=26636, stack(0x000000af33f00000,0x000000af34000000)]
  0x000001c900ad60e0 JavaThread "Exec process" [_thread_blocked, id=30264, stack(0x000000af34200000,0x000000af34300000)]
  0x000001c900ad56c0 JavaThread "Exec process Thread 2" [_thread_blocked, id=2620, stack(0x000000af34300000,0x000000af34400000)]
  0x000001c900ad7a30 JavaThread "Exec process Thread 3" [_thread_blocked, id=5884, stack(0x000000af34400000,0x000000af34500000)]
  0x000001c900ad7f40 JavaThread "ForkJoinPool.commonPool-worker-11" daemon [_thread_blocked, id=4804, stack(0x000000af34100000,0x000000af34200000)]
  0x000001c90bdbdac0 JavaThread "Cache worker for execution history cache (D:\Parkitdemo\Updated-Sundukpay\android\.gradle\8.14.1\executionHistory)" [_thread_blocked, id=33140, stack(0x000000af34500000,0x000000af34600000)]
  0x000001c907960c70 JavaThread "C2 CompilerThread1" daemon [_thread_in_native, id=28328, stack(0x000000af2c900000,0x000000af2ca00000)]
  0x000001c907961c60 JavaThread "C2 CompilerThread2" daemon [_thread_in_native, id=3028, stack(0x000000af34600000,0x000000af34700000)]

Other Threads:
  0x000001c9358820d0 VMThread "VM Thread" [stack: 0x000000af27000000,0x000000af27100000] [id=32240]
  0x000001c935a76600 WatcherThread [stack: 0x000000af27c00000,0x000000af27d00000] [id=29704]
  0x000001c9182dd350 GCTaskThread "GC Thread#0" [stack: 0x000000af26b00000,0x000000af26c00000] [id=29892]
  0x000001c935b89c90 GCTaskThread "GC Thread#1" [stack: 0x000000af27f00000,0x000000af28000000] [id=30028]
  0x000001c97b4d4650 GCTaskThread "GC Thread#2" [stack: 0x000000af28000000,0x000000af28100000] [id=23600]
  0x000001c97c0e20f0 GCTaskThread "GC Thread#3" [stack: 0x000000af28100000,0x000000af28200000] [id=27244]
  0x000001c97c0e1330 GCTaskThread "GC Thread#4" [stack: 0x000000af28200000,0x000000af28300000] [id=33608]
  0x000001c97c0e23b0 GCTaskThread "GC Thread#5" [stack: 0x000000af28e00000,0x000000af28f00000] [id=24564]
  0x000001c97c0e1070 GCTaskThread "GC Thread#6" [stack: 0x000000af28f00000,0x000000af29000000] [id=27016]
  0x000001c97c0e2930 GCTaskThread "GC Thread#7" [stack: 0x000000af29000000,0x000000af29100000] [id=7336]
  0x000001c97c0e15f0 GCTaskThread "GC Thread#8" [stack: 0x000000af29100000,0x000000af29200000] [id=28004]
  0x000001c97c0e18b0 GCTaskThread "GC Thread#9" [stack: 0x000000af29200000,0x000000af29300000] [id=9620]
  0x000001c9182ea1b0 ConcurrentGCThread "G1 Main Marker" [stack: 0x000000af26c00000,0x000000af26d00000] [id=31768]
  0x000001c9182eb7b0 ConcurrentGCThread "G1 Conc#0" [stack: 0x000000af26d00000,0x000000af26e00000] [id=19828]
  0x000001c97c0e2bf0 ConcurrentGCThread "G1 Conc#1" [stack: 0x000000af29600000,0x000000af29700000] [id=21596]
  0x000001c97c0e1b70 ConcurrentGCThread "G1 Conc#2" [stack: 0x000000af29700000,0x000000af29800000] [id=33080]
  0x000001c91833df40 ConcurrentGCThread "G1 Refine#0" [stack: 0x000000af26e00000,0x000000af26f00000] [id=31876]
  0x000001c91833e720 ConcurrentGCThread "G1 Service" [stack: 0x000000af26f00000,0x000000af27000000] [id=28184]

Threads with active compile tasks:
C2 CompilerThread0    57489 21283       4       org.gradle.internal.execution.steps.IdentityCacheStep::executeInCache (45 bytes)
C2 CompilerThread1    57489 21356       4       org.gradle.api.internal.artifacts.transform.TransformingAsyncArtifactListener$TransformedArtifact::lambda$visit$3 (65 bytes)
C2 CompilerThread2    57490 21284       4       org.gradle.internal.execution.steps.IdentityCacheStep$$Lambda$967/0x000001c9376ba6f0::get (16 bytes)

VM state: not at safepoint (normal execution)

VM Mutex/Monitor currently owned by a thread: None

Heap address: 0x00000000a0000000, size: 1536 MB, Compressed Oops mode: 32-bit

CDS archive(s) mapped at: [0x000001c936000000-0x000001c936bb0000-0x000001c936bb0000), size 12255232, SharedBaseAddress: 0x000001c936000000, ArchiveRelocationMode: 1.
Compressed class space mapped at: 0x000001c937000000-0x000001c977000000, reserved size: 1073741824
Narrow klass base: 0x000001c936000000, Narrow klass shift: 0, Narrow klass range: 0x100000000

GC Precious Log:
 CPUs: 12 total, 12 available
 Memory: 7835M
 Large Page Support: Disabled
 NUMA Support: Disabled
 Compressed Oops: Enabled (32-bit)
 Heap Region Size: 1M
 Heap Min Capacity: 8M
 Heap Initial Capacity: 124M
 Heap Max Capacity: 1536M
 Pre-touch: Disabled
 Parallel Workers: 10
 Concurrent Workers: 3
 Concurrent Refinement Workers: 10
 Periodic GC: Disabled

Heap:
 garbage-first heap   total 628736K, used 413823K [0x00000000a0000000, 0x0000000100000000)
  region size 1024K, 52 young (53248K), 13 survivors (13312K)
 Metaspace       used 125496K, committed 127488K, reserved 1179648K
  class space    used 17325K, committed 18240K, reserved 1048576K

Heap Regions: E=young(eden), S=young(survivor), O=old, HS=humongous(starts), HC=humongous(continues), CS=collection set, F=free, OA=open archive, CA=closed archive, TAMS=top-at-mark-start (previous, next)
|   0|0x00000000a0000000, 0x00000000a0100000, 0x00000000a0100000|100%|HS|  |TAMS 0x00000000a0100000, 0x00000000a0000000| Complete 
|   1|0x00000000a0100000, 0x00000000a0200000, 0x00000000a0200000|100%|HC|  |TAMS 0x00000000a0200000, 0x00000000a0100000| Complete 
|   2|0x00000000a0200000, 0x00000000a0300000, 0x00000000a0300000|100%|HC|  |TAMS 0x00000000a0300000, 0x00000000a0200000| Complete 
|   3|0x00000000a0300000, 0x00000000a0400000, 0x00000000a0400000|100%| O|  |TAMS 0x00000000a0400000, 0x00000000a0300000| Untracked 
|   4|0x00000000a0400000, 0x00000000a0500000, 0x00000000a0500000|100%| O|  |TAMS 0x00000000a0500000, 0x00000000a0400000| Untracked 
|   5|0x00000000a0500000, 0x00000000a0600000, 0x00000000a0600000|100%| O|  |TAMS 0x00000000a0600000, 0x00000000a0500000| Untracked 
|   6|0x00000000a0600000, 0x00000000a0700000, 0x00000000a0700000|100%|HS|  |TAMS 0x00000000a0700000, 0x00000000a0600000| Complete 
|   7|0x00000000a0700000, 0x00000000a0800000, 0x00000000a0800000|100%| O|  |TAMS 0x00000000a0800000, 0x00000000a0700000| Untracked 
|   8|0x00000000a0800000, 0x00000000a0900000, 0x00000000a0900000|100%| O|  |TAMS 0x00000000a0900000, 0x00000000a0800000| Untracked 
|   9|0x00000000a0900000, 0x00000000a0a00000, 0x00000000a0a00000|100%| O|  |TAMS 0x00000000a0a00000, 0x00000000a0900000| Untracked 
|  10|0x00000000a0a00000, 0x00000000a0b00000, 0x00000000a0b00000|100%| O|  |TAMS 0x00000000a0b00000, 0x00000000a0a00000| Untracked 
|  11|0x00000000a0b00000, 0x00000000a0c00000, 0x00000000a0c00000|100%| O|  |TAMS 0x00000000a0c00000, 0x00000000a0b00000| Untracked 
|  12|0x00000000a0c00000, 0x00000000a0d00000, 0x00000000a0d00000|100%| O|  |TAMS 0x00000000a0d00000, 0x00000000a0c00000| Untracked 
|  13|0x00000000a0d00000, 0x00000000a0e00000, 0x00000000a0e00000|100%| O|  |TAMS 0x00000000a0e00000, 0x00000000a0d00000| Untracked 
|  14|0x00000000a0e00000, 0x00000000a0f00000, 0x00000000a0f00000|100%| O|  |TAMS 0x00000000a0f00000, 0x00000000a0e00000| Untracked 
|  15|0x00000000a0f00000, 0x00000000a1000000, 0x00000000a1000000|100%| O|  |TAMS 0x00000000a1000000, 0x00000000a0f00000| Untracked 
|  16|0x00000000a1000000, 0x00000000a1100000, 0x00000000a1100000|100%| O|  |TAMS 0x00000000a1100000, 0x00000000a1000000| Untracked 
|  17|0x00000000a1100000, 0x00000000a1200000, 0x00000000a1200000|100%| O|  |TAMS 0x00000000a1200000, 0x00000000a1100000| Untracked 
|  18|0x00000000a1200000, 0x00000000a1300000, 0x00000000a1300000|100%| O|  |TAMS 0x00000000a1300000, 0x00000000a1200000| Untracked 
|  19|0x00000000a1300000, 0x00000000a1400000, 0x00000000a1400000|100%| O|  |TAMS 0x00000000a1400000, 0x00000000a1300000| Untracked 
|  20|0x00000000a1400000, 0x00000000a1500000, 0x00000000a1500000|100%| O|  |TAMS 0x00000000a1500000, 0x00000000a1400000| Untracked 
|  21|0x00000000a1500000, 0x00000000a1600000, 0x00000000a1600000|100%| O|  |TAMS 0x00000000a1600000, 0x00000000a1500000| Untracked 
|  22|0x00000000a1600000, 0x00000000a1700000, 0x00000000a1700000|100%| O|  |TAMS 0x00000000a1700000, 0x00000000a1600000| Untracked 
|  23|0x00000000a1700000, 0x00000000a1800000, 0x00000000a1800000|100%| O|  |TAMS 0x00000000a1800000, 0x00000000a1700000| Untracked 
|  24|0x00000000a1800000, 0x00000000a1900000, 0x00000000a1900000|100%| O|  |TAMS 0x00000000a1900000, 0x00000000a1800000| Untracked 
|  25|0x00000000a1900000, 0x00000000a1a00000, 0x00000000a1a00000|100%| O|  |TAMS 0x00000000a1a00000, 0x00000000a1900000| Untracked 
|  26|0x00000000a1a00000, 0x00000000a1b00000, 0x00000000a1b00000|100%| O|  |TAMS 0x00000000a1b00000, 0x00000000a1a00000| Untracked 
|  27|0x00000000a1b00000, 0x00000000a1c00000, 0x00000000a1c00000|100%| O|  |TAMS 0x00000000a1c00000, 0x00000000a1b00000| Untracked 
|  28|0x00000000a1c00000, 0x00000000a1d00000, 0x00000000a1d00000|100%| O|  |TAMS 0x00000000a1d00000, 0x00000000a1c00000| Untracked 
|  29|0x00000000a1d00000, 0x00000000a1e00000, 0x00000000a1e00000|100%| O|  |TAMS 0x00000000a1e00000, 0x00000000a1d00000| Untracked 
|  30|0x00000000a1e00000, 0x00000000a1f00000, 0x00000000a1f00000|100%| O|  |TAMS 0x00000000a1f00000, 0x00000000a1e00000| Untracked 
|  31|0x00000000a1f00000, 0x00000000a2000000, 0x00000000a2000000|100%| O|  |TAMS 0x00000000a2000000, 0x00000000a1f00000| Untracked 
|  32|0x00000000a2000000, 0x00000000a2100000, 0x00000000a2100000|100%| O|  |TAMS 0x00000000a2100000, 0x00000000a2000000| Untracked 
|  33|0x00000000a2100000, 0x00000000a2200000, 0x00000000a2200000|100%| O|  |TAMS 0x00000000a2200000, 0x00000000a2100000| Untracked 
|  34|0x00000000a2200000, 0x00000000a2300000, 0x00000000a2300000|100%| O|  |TAMS 0x00000000a2300000, 0x00000000a2200000| Untracked 
|  35|0x00000000a2300000, 0x00000000a2400000, 0x00000000a2400000|100%| O|  |TAMS 0x00000000a2400000, 0x00000000a2300000| Untracked 
|  36|0x00000000a2400000, 0x00000000a2500000, 0x00000000a2500000|100%| O|  |TAMS 0x00000000a2500000, 0x00000000a2400000| Untracked 
|  37|0x00000000a2500000, 0x00000000a2600000, 0x00000000a2600000|100%| O|  |TAMS 0x00000000a2600000, 0x00000000a2500000| Untracked 
|  38|0x00000000a2600000, 0x00000000a2700000, 0x00000000a2700000|100%| O|  |TAMS 0x00000000a2700000, 0x00000000a2600000| Untracked 
|  39|0x00000000a2700000, 0x00000000a2800000, 0x00000000a2800000|100%| O|  |TAMS 0x00000000a2800000, 0x00000000a2700000| Untracked 
|  40|0x00000000a2800000, 0x00000000a2900000, 0x00000000a2900000|100%| O|  |TAMS 0x00000000a2900000, 0x00000000a2800000| Untracked 
|  41|0x00000000a2900000, 0x00000000a2a00000, 0x00000000a2a00000|100%| O|  |TAMS 0x00000000a2a00000, 0x00000000a2900000| Untracked 
|  42|0x00000000a2a00000, 0x00000000a2b00000, 0x00000000a2b00000|100%| O|  |TAMS 0x00000000a2b00000, 0x00000000a2a00000| Untracked 
|  43|0x00000000a2b00000, 0x00000000a2c00000, 0x00000000a2c00000|100%| O|  |TAMS 0x00000000a2c00000, 0x00000000a2b00000| Untracked 
|  44|0x00000000a2c00000, 0x00000000a2d00000, 0x00000000a2d00000|100%| O|  |TAMS 0x00000000a2d00000, 0x00000000a2c00000| Untracked 
|  45|0x00000000a2d00000, 0x00000000a2e00000, 0x00000000a2e00000|100%| O|  |TAMS 0x00000000a2e00000, 0x00000000a2d00000| Untracked 
|  46|0x00000000a2e00000, 0x00000000a2f00000, 0x00000000a2f00000|100%| O|  |TAMS 0x00000000a2f00000, 0x00000000a2e00000| Untracked 
|  47|0x00000000a2f00000, 0x00000000a3000000, 0x00000000a3000000|100%| O|  |TAMS 0x00000000a3000000, 0x00000000a2f00000| Untracked 
|  48|0x00000000a3000000, 0x00000000a3100000, 0x00000000a3100000|100%| O|  |TAMS 0x00000000a3100000, 0x00000000a3000000| Untracked 
|  49|0x00000000a3100000, 0x00000000a3200000, 0x00000000a3200000|100%| O|  |TAMS 0x00000000a3200000, 0x00000000a3100000| Untracked 
|  50|0x00000000a3200000, 0x00000000a3300000, 0x00000000a3300000|100%| O|  |TAMS 0x00000000a3300000, 0x00000000a3200000| Untracked 
|  51|0x00000000a3300000, 0x00000000a3400000, 0x00000000a3400000|100%| O|  |TAMS 0x00000000a3400000, 0x00000000a3300000| Untracked 
|  52|0x00000000a3400000, 0x00000000a3500000, 0x00000000a3500000|100%|HS|  |TAMS 0x00000000a3500000, 0x00000000a3400000| Complete 
|  53|0x00000000a3500000, 0x00000000a3600000, 0x00000000a3600000|100%|HC|  |TAMS 0x00000000a3600000, 0x00000000a3500000| Complete 
|  54|0x00000000a3600000, 0x00000000a3700000, 0x00000000a3700000|100%|HC|  |TAMS 0x00000000a3700000, 0x00000000a3600000| Complete 
|  55|0x00000000a3700000, 0x00000000a3800000, 0x00000000a3800000|100%|HS|  |TAMS 0x00000000a3800000, 0x00000000a3700000| Complete 
|  56|0x00000000a3800000, 0x00000000a3900000, 0x00000000a3900000|100%|HC|  |TAMS 0x00000000a3900000, 0x00000000a3800000| Complete 
|  57|0x00000000a3900000, 0x00000000a3a00000, 0x00000000a3a00000|100%|HC|  |TAMS 0x00000000a3a00000, 0x00000000a3900000| Complete 
|  58|0x00000000a3a00000, 0x00000000a3b00000, 0x00000000a3b00000|100%| O|  |TAMS 0x00000000a3b00000, 0x00000000a3a00000| Untracked 
|  59|0x00000000a3b00000, 0x00000000a3c00000, 0x00000000a3c00000|100%| O|  |TAMS 0x00000000a3c00000, 0x00000000a3b00000| Untracked 
|  60|0x00000000a3c00000, 0x00000000a3d00000, 0x00000000a3d00000|100%| O|  |TAMS 0x00000000a3d00000, 0x00000000a3c00000| Untracked 
|  61|0x00000000a3d00000, 0x00000000a3e00000, 0x00000000a3e00000|100%| O|  |TAMS 0x00000000a3e00000, 0x00000000a3d00000| Untracked 
|  62|0x00000000a3e00000, 0x00000000a3f00000, 0x00000000a3f00000|100%| O|  |TAMS 0x00000000a3f00000, 0x00000000a3e00000| Untracked 
|  63|0x00000000a3f00000, 0x00000000a4000000, 0x00000000a4000000|100%| O|  |TAMS 0x00000000a4000000, 0x00000000a3f00000| Untracked 
|  64|0x00000000a4000000, 0x00000000a4100000, 0x00000000a4100000|100%| O|  |TAMS 0x00000000a4100000, 0x00000000a4000000| Untracked 
|  65|0x00000000a4100000, 0x00000000a4200000, 0x00000000a4200000|100%| O|  |TAMS 0x00000000a4200000, 0x00000000a4100000| Untracked 
|  66|0x00000000a4200000, 0x00000000a4300000, 0x00000000a4300000|100%| O|  |TAMS 0x00000000a4300000, 0x00000000a4200000| Untracked 
|  67|0x00000000a4300000, 0x00000000a4400000, 0x00000000a4400000|100%| O|  |TAMS 0x00000000a4400000, 0x00000000a4300000| Untracked 
|  68|0x00000000a4400000, 0x00000000a4500000, 0x00000000a4500000|100%| O|  |TAMS 0x00000000a4500000, 0x00000000a4400000| Untracked 
|  69|0x00000000a4500000, 0x00000000a4600000, 0x00000000a4600000|100%| O|  |TAMS 0x00000000a4600000, 0x00000000a4500000| Untracked 
|  70|0x00000000a4600000, 0x00000000a4700000, 0x00000000a4700000|100%| O|  |TAMS 0x00000000a4700000, 0x00000000a4600000| Untracked 
|  71|0x00000000a4700000, 0x00000000a4800000, 0x00000000a4800000|100%| O|  |TAMS 0x00000000a4800000, 0x00000000a4700000| Untracked 
|  72|0x00000000a4800000, 0x00000000a4900000, 0x00000000a4900000|100%| O|  |TAMS 0x00000000a4900000, 0x00000000a4800000| Untracked 
|  73|0x00000000a4900000, 0x00000000a4a00000, 0x00000000a4a00000|100%| O|  |TAMS 0x00000000a4a00000, 0x00000000a4900000| Untracked 
|  74|0x00000000a4a00000, 0x00000000a4b00000, 0x00000000a4b00000|100%| O|  |TAMS 0x00000000a4b00000, 0x00000000a4a00000| Untracked 
|  75|0x00000000a4b00000, 0x00000000a4b00000, 0x00000000a4c00000|  0%| F|  |TAMS 0x00000000a4b00000, 0x00000000a4b00000| Untracked 
|  76|0x00000000a4c00000, 0x00000000a4d00000, 0x00000000a4d00000|100%| O|  |TAMS 0x00000000a4d00000, 0x00000000a4c00000| Untracked 
|  77|0x00000000a4d00000, 0x00000000a4e00000, 0x00000000a4e00000|100%| O|  |TAMS 0x00000000a4e00000, 0x00000000a4d00000| Untracked 
|  78|0x00000000a4e00000, 0x00000000a4f00000, 0x00000000a4f00000|100%| O|  |TAMS 0x00000000a4f00000, 0x00000000a4e00000| Untracked 
|  79|0x00000000a4f00000, 0x00000000a5000000, 0x00000000a5000000|100%| O|  |TAMS 0x00000000a5000000, 0x00000000a4f00000| Untracked 
|  80|0x00000000a5000000, 0x00000000a5000000, 0x00000000a5100000|  0%| F|  |TAMS 0x00000000a5000000, 0x00000000a5000000| Untracked 
|  81|0x00000000a5100000, 0x00000000a5200000, 0x00000000a5200000|100%| O|  |TAMS 0x00000000a5200000, 0x00000000a5100000| Untracked 
|  82|0x00000000a5200000, 0x00000000a5300000, 0x00000000a5300000|100%| O|  |TAMS 0x00000000a5300000, 0x00000000a5200000| Untracked 
|  83|0x00000000a5300000, 0x00000000a5400000, 0x00000000a5400000|100%| O|  |TAMS 0x00000000a5400000, 0x00000000a5300000| Untracked 
|  84|0x00000000a5400000, 0x00000000a5500000, 0x00000000a5500000|100%| O|  |TAMS 0x00000000a5500000, 0x00000000a5400000| Untracked 
|  85|0x00000000a5500000, 0x00000000a5600000, 0x00000000a5600000|100%| O|  |TAMS 0x00000000a5600000, 0x00000000a5500000| Untracked 
|  86|0x00000000a5600000, 0x00000000a5700000, 0x00000000a5700000|100%| O|  |TAMS 0x00000000a5700000, 0x00000000a5600000| Untracked 
|  87|0x00000000a5700000, 0x00000000a5800000, 0x00000000a5800000|100%| O|  |TAMS 0x00000000a5800000, 0x00000000a5700000| Untracked 
|  88|0x00000000a5800000, 0x00000000a5900000, 0x00000000a5900000|100%|HS|  |TAMS 0x00000000a5900000, 0x00000000a5800000| Complete 
|  89|0x00000000a5900000, 0x00000000a5a00000, 0x00000000a5a00000|100%|HS|  |TAMS 0x00000000a5a00000, 0x00000000a5900000| Complete 
|  90|0x00000000a5a00000, 0x00000000a5b00000, 0x00000000a5b00000|100%|HS|  |TAMS 0x00000000a5b00000, 0x00000000a5a00000| Complete 
|  91|0x00000000a5b00000, 0x00000000a5c00000, 0x00000000a5c00000|100%|HS|  |TAMS 0x00000000a5c00000, 0x00000000a5b00000| Complete 
|  92|0x00000000a5c00000, 0x00000000a5d00000, 0x00000000a5d00000|100%| O|  |TAMS 0x00000000a5d00000, 0x00000000a5c00000| Untracked 
|  93|0x00000000a5d00000, 0x00000000a5e00000, 0x00000000a5e00000|100%|HS|  |TAMS 0x00000000a5e00000, 0x00000000a5d00000| Complete 
|  94|0x00000000a5e00000, 0x00000000a5f00000, 0x00000000a5f00000|100%|HS|  |TAMS 0x00000000a5f00000, 0x00000000a5e00000| Complete 
|  95|0x00000000a5f00000, 0x00000000a6000000, 0x00000000a6000000|100%| O|  |TAMS 0x00000000a6000000, 0x00000000a5f00000| Untracked 
|  96|0x00000000a6000000, 0x00000000a6100000, 0x00000000a6100000|100%| O|  |TAMS 0x00000000a6100000, 0x00000000a6000000| Untracked 
|  97|0x00000000a6100000, 0x00000000a6200000, 0x00000000a6200000|100%|HS|  |TAMS 0x00000000a6200000, 0x00000000a6100000| Complete 
|  98|0x00000000a6200000, 0x00000000a6300000, 0x00000000a6300000|100%|HC|  |TAMS 0x00000000a6300000, 0x00000000a6200000| Complete 
|  99|0x00000000a6300000, 0x00000000a6400000, 0x00000000a6400000|100%|HC|  |TAMS 0x00000000a6400000, 0x00000000a6300000| Complete 
| 100|0x00000000a6400000, 0x00000000a6500000, 0x00000000a6500000|100%|HS|  |TAMS 0x00000000a6500000, 0x00000000a6400000| Complete 
| 101|0x00000000a6500000, 0x00000000a6600000, 0x00000000a6600000|100%| O|  |TAMS 0x00000000a6600000, 0x00000000a6500000| Untracked 
| 102|0x00000000a6600000, 0x00000000a6700000, 0x00000000a6700000|100%| O|  |TAMS 0x00000000a6700000, 0x00000000a6600000| Untracked 
| 103|0x00000000a6700000, 0x00000000a6800000, 0x00000000a6800000|100%| O|  |TAMS 0x00000000a6800000, 0x00000000a6700000| Untracked 
| 104|0x00000000a6800000, 0x00000000a6900000, 0x00000000a6900000|100%| O|  |TAMS 0x00000000a6900000, 0x00000000a6800000| Untracked 
| 105|0x00000000a6900000, 0x00000000a6a00000, 0x00000000a6a00000|100%| O|  |TAMS 0x00000000a6a00000, 0x00000000a6900000| Untracked 
| 106|0x00000000a6a00000, 0x00000000a6b00000, 0x00000000a6b00000|100%| O|  |TAMS 0x00000000a6b00000, 0x00000000a6a00000| Untracked 
| 107|0x00000000a6b00000, 0x00000000a6c00000, 0x00000000a6c00000|100%| O|  |TAMS 0x00000000a6c00000, 0x00000000a6b00000| Untracked 
| 108|0x00000000a6c00000, 0x00000000a6d00000, 0x00000000a6d00000|100%| O|  |TAMS 0x00000000a6d00000, 0x00000000a6c00000| Untracked 
| 109|0x00000000a6d00000, 0x00000000a6e00000, 0x00000000a6e00000|100%| O|  |TAMS 0x00000000a6e00000, 0x00000000a6d00000| Untracked 
| 110|0x00000000a6e00000, 0x00000000a6f00000, 0x00000000a6f00000|100%| O|  |TAMS 0x00000000a6f00000, 0x00000000a6e00000| Untracked 
| 111|0x00000000a6f00000, 0x00000000a7000000, 0x00000000a7000000|100%| O|  |TAMS 0x00000000a7000000, 0x00000000a6f00000| Untracked 
| 112|0x00000000a7000000, 0x00000000a7100000, 0x00000000a7100000|100%| O|  |TAMS 0x00000000a7100000, 0x00000000a7000000| Untracked 
| 113|0x00000000a7100000, 0x00000000a7200000, 0x00000000a7200000|100%| O|  |TAMS 0x00000000a7200000, 0x00000000a7100000| Untracked 
| 114|0x00000000a7200000, 0x00000000a7300000, 0x00000000a7300000|100%| O|  |TAMS 0x00000000a7300000, 0x00000000a7200000| Untracked 
| 115|0x00000000a7300000, 0x00000000a7400000, 0x00000000a7400000|100%| O|  |TAMS 0x00000000a7400000, 0x00000000a7300000| Untracked 
| 116|0x00000000a7400000, 0x00000000a7500000, 0x00000000a7500000|100%| O|  |TAMS 0x00000000a7500000, 0x00000000a7400000| Untracked 
| 117|0x00000000a7500000, 0x00000000a7600000, 0x00000000a7600000|100%| O|  |TAMS 0x00000000a7600000, 0x00000000a7500000| Untracked 
| 118|0x00000000a7600000, 0x00000000a7700000, 0x00000000a7700000|100%| O|  |TAMS 0x00000000a7700000, 0x00000000a7600000| Untracked 
| 119|0x00000000a7700000, 0x00000000a77ffff8, 0x00000000a7800000| 99%| O|  |TAMS 0x00000000a77ffff8, 0x00000000a7700000| Untracked 
| 120|0x00000000a7800000, 0x00000000a7900000, 0x00000000a7900000|100%| O|  |TAMS 0x00000000a7900000, 0x00000000a7800000| Untracked 
| 121|0x00000000a7900000, 0x00000000a7a00000, 0x00000000a7a00000|100%| O|  |TAMS 0x00000000a7a00000, 0x00000000a7900000| Untracked 
| 122|0x00000000a7a00000, 0x00000000a7b00000, 0x00000000a7b00000|100%| O|  |TAMS 0x00000000a7b00000, 0x00000000a7a00000| Untracked 
| 123|0x00000000a7b00000, 0x00000000a7c00000, 0x00000000a7c00000|100%| O|  |TAMS 0x00000000a7c00000, 0x00000000a7b00000| Untracked 
| 124|0x00000000a7c00000, 0x00000000a7d00000, 0x00000000a7d00000|100%| O|  |TAMS 0x00000000a7d00000, 0x00000000a7c00000| Untracked 
| 125|0x00000000a7d00000, 0x00000000a7e00000, 0x00000000a7e00000|100%| O|  |TAMS 0x00000000a7e00000, 0x00000000a7d00000| Untracked 
| 126|0x00000000a7e00000, 0x00000000a7f00000, 0x00000000a7f00000|100%| O|  |TAMS 0x00000000a7f00000, 0x00000000a7e00000| Untracked 
| 127|0x00000000a7f00000, 0x00000000a8000000, 0x00000000a8000000|100%| O|  |TAMS 0x00000000a8000000, 0x00000000a7f00000| Untracked 
| 128|0x00000000a8000000, 0x00000000a8100000, 0x00000000a8100000|100%| O|  |TAMS 0x00000000a8100000, 0x00000000a8000000| Untracked 
| 129|0x00000000a8100000, 0x00000000a8200000, 0x00000000a8200000|100%|HS|  |TAMS 0x00000000a8200000, 0x00000000a8100000| Complete 
| 130|0x00000000a8200000, 0x00000000a8300000, 0x00000000a8300000|100%|HC|  |TAMS 0x00000000a8300000, 0x00000000a8200000| Complete 
| 131|0x00000000a8300000, 0x00000000a8400000, 0x00000000a8400000|100%|HS|  |TAMS 0x00000000a8400000, 0x00000000a8300000| Complete 
| 132|0x00000000a8400000, 0x00000000a8500000, 0x00000000a8500000|100%|HC|  |TAMS 0x00000000a8500000, 0x00000000a8400000| Complete 
| 133|0x00000000a8500000, 0x00000000a8600000, 0x00000000a8600000|100%|HC|  |TAMS 0x00000000a8600000, 0x00000000a8500000| Complete 
| 134|0x00000000a8600000, 0x00000000a8700000, 0x00000000a8700000|100%|HC|  |TAMS 0x00000000a8700000, 0x00000000a8600000| Complete 
| 135|0x00000000a8700000, 0x00000000a8800000, 0x00000000a8800000|100%| O|  |TAMS 0x00000000a8800000, 0x00000000a8700000| Untracked 
| 136|0x00000000a8800000, 0x00000000a8900000, 0x00000000a8900000|100%| O|  |TAMS 0x00000000a8900000, 0x00000000a8800000| Untracked 
| 137|0x00000000a8900000, 0x00000000a8a00000, 0x00000000a8a00000|100%| O|  |TAMS 0x00000000a8a00000, 0x00000000a8900000| Untracked 
| 138|0x00000000a8a00000, 0x00000000a8b00000, 0x00000000a8b00000|100%| O|  |TAMS 0x00000000a8b00000, 0x00000000a8a00000| Untracked 
| 139|0x00000000a8b00000, 0x00000000a8c00000, 0x00000000a8c00000|100%| O|  |TAMS 0x00000000a8c00000, 0x00000000a8b00000| Untracked 
| 140|0x00000000a8c00000, 0x00000000a8d00000, 0x00000000a8d00000|100%| O|  |TAMS 0x00000000a8d00000, 0x00000000a8c00000| Untracked 
| 141|0x00000000a8d00000, 0x00000000a8e00000, 0x00000000a8e00000|100%| O|  |TAMS 0x00000000a8e00000, 0x00000000a8d00000| Untracked 
| 142|0x00000000a8e00000, 0x00000000a8f00000, 0x00000000a8f00000|100%| O|  |TAMS 0x00000000a8f00000, 0x00000000a8e00000| Untracked 
| 143|0x00000000a8f00000, 0x00000000a9000000, 0x00000000a9000000|100%| O|  |TAMS 0x00000000a9000000, 0x00000000a8f00000| Untracked 
| 144|0x00000000a9000000, 0x00000000a9100000, 0x00000000a9100000|100%| O|  |TAMS 0x00000000a9100000, 0x00000000a9000000| Untracked 
| 145|0x00000000a9100000, 0x00000000a9100000, 0x00000000a9200000|  0%| F|  |TAMS 0x00000000a9100000, 0x00000000a9100000| Untracked 
| 146|0x00000000a9200000, 0x00000000a9300000, 0x00000000a9300000|100%| O|  |TAMS 0x00000000a9300000, 0x00000000a9200000| Untracked 
| 147|0x00000000a9300000, 0x00000000a9400000, 0x00000000a9400000|100%| O|  |TAMS 0x00000000a9400000, 0x00000000a9300000| Untracked 
| 148|0x00000000a9400000, 0x00000000a9500000, 0x00000000a9500000|100%| O|  |TAMS 0x00000000a9500000, 0x00000000a9400000| Untracked 
| 149|0x00000000a9500000, 0x00000000a9600000, 0x00000000a9600000|100%| O|  |TAMS 0x00000000a9600000, 0x00000000a9500000| Untracked 
| 150|0x00000000a9600000, 0x00000000a9700000, 0x00000000a9700000|100%|HS|  |TAMS 0x00000000a9700000, 0x00000000a9600000| Complete 
| 151|0x00000000a9700000, 0x00000000a9800000, 0x00000000a9800000|100%|HS|  |TAMS 0x00000000a9800000, 0x00000000a9700000| Complete 
| 152|0x00000000a9800000, 0x00000000a9900000, 0x00000000a9900000|100%|HS|  |TAMS 0x00000000a9900000, 0x00000000a9800000| Complete 
| 153|0x00000000a9900000, 0x00000000a9a00000, 0x00000000a9a00000|100%| O|  |TAMS 0x00000000a9a00000, 0x00000000a9900000| Untracked 
| 154|0x00000000a9a00000, 0x00000000a9b00000, 0x00000000a9b00000|100%| O|  |TAMS 0x00000000a9b00000, 0x00000000a9a00000| Untracked 
| 155|0x00000000a9b00000, 0x00000000a9c00000, 0x00000000a9c00000|100%| O|  |TAMS 0x00000000a9c00000, 0x00000000a9b00000| Untracked 
| 156|0x00000000a9c00000, 0x00000000a9c00000, 0x00000000a9d00000|  0%| F|  |TAMS 0x00000000a9c00000, 0x00000000a9c00000| Untracked 
| 157|0x00000000a9d00000, 0x00000000a9d00000, 0x00000000a9e00000|  0%| F|  |TAMS 0x00000000a9d00000, 0x00000000a9d00000| Untracked 
| 158|0x00000000a9e00000, 0x00000000a9f00000, 0x00000000a9f00000|100%| O|  |TAMS 0x00000000a9f00000, 0x00000000a9e00000| Untracked 
| 159|0x00000000a9f00000, 0x00000000aa000000, 0x00000000aa000000|100%| O|  |TAMS 0x00000000aa000000, 0x00000000a9f00000| Untracked 
| 160|0x00000000aa000000, 0x00000000aa100000, 0x00000000aa100000|100%| O|  |TAMS 0x00000000aa100000, 0x00000000aa000000| Untracked 
| 161|0x00000000aa100000, 0x00000000aa200000, 0x00000000aa200000|100%| O|  |TAMS 0x00000000aa200000, 0x00000000aa100000| Untracked 
| 162|0x00000000aa200000, 0x00000000aa300000, 0x00000000aa300000|100%| O|  |TAMS 0x00000000aa300000, 0x00000000aa200000| Untracked 
| 163|0x00000000aa300000, 0x00000000aa400000, 0x00000000aa400000|100%| O|  |TAMS 0x00000000aa400000, 0x00000000aa300000| Untracked 
| 164|0x00000000aa400000, 0x00000000aa500000, 0x00000000aa500000|100%| O|  |TAMS 0x00000000aa500000, 0x00000000aa400000| Untracked 
| 165|0x00000000aa500000, 0x00000000aa600000, 0x00000000aa600000|100%| O|  |TAMS 0x00000000aa600000, 0x00000000aa500000| Untracked 
| 166|0x00000000aa600000, 0x00000000aa700000, 0x00000000aa700000|100%|HS|  |TAMS 0x00000000aa700000, 0x00000000aa600000| Complete 
| 167|0x00000000aa700000, 0x00000000aa800000, 0x00000000aa800000|100%|HC|  |TAMS 0x00000000aa800000, 0x00000000aa700000| Complete 
| 168|0x00000000aa800000, 0x00000000aa900000, 0x00000000aa900000|100%|HC|  |TAMS 0x00000000aa900000, 0x00000000aa800000| Complete 
| 169|0x00000000aa900000, 0x00000000aaa00000, 0x00000000aaa00000|100%|HS|  |TAMS 0x00000000aaa00000, 0x00000000aa900000| Complete 
| 170|0x00000000aaa00000, 0x00000000aab00000, 0x00000000aab00000|100%|HC|  |TAMS 0x00000000aab00000, 0x00000000aaa00000| Complete 
| 171|0x00000000aab00000, 0x00000000aab00000, 0x00000000aac00000|  0%| F|  |TAMS 0x00000000aab00000, 0x00000000aab00000| Untracked 
| 172|0x00000000aac00000, 0x00000000aad00000, 0x00000000aad00000|100%| O|  |TAMS 0x00000000aad00000, 0x00000000aac00000| Untracked 
| 173|0x00000000aad00000, 0x00000000aad00000, 0x00000000aae00000|  0%| F|  |TAMS 0x00000000aad00000, 0x00000000aad00000| Untracked 
| 174|0x00000000aae00000, 0x00000000aaf00000, 0x00000000aaf00000|100%| O|  |TAMS 0x00000000aaf00000, 0x00000000aae00000| Untracked 
| 175|0x00000000aaf00000, 0x00000000ab000000, 0x00000000ab000000|100%| O|  |TAMS 0x00000000ab000000, 0x00000000aaf00000| Untracked 
| 176|0x00000000ab000000, 0x00000000ab100000, 0x00000000ab100000|100%| O|  |TAMS 0x00000000ab100000, 0x00000000ab000000| Untracked 
| 177|0x00000000ab100000, 0x00000000ab200000, 0x00000000ab200000|100%| O|  |TAMS 0x00000000ab200000, 0x00000000ab100000| Untracked 
| 178|0x00000000ab200000, 0x00000000ab300000, 0x00000000ab300000|100%| O|  |TAMS 0x00000000ab300000, 0x00000000ab200000| Untracked 
| 179|0x00000000ab300000, 0x00000000ab400000, 0x00000000ab400000|100%| O|  |TAMS 0x00000000ab400000, 0x00000000ab300000| Untracked 
| 180|0x00000000ab400000, 0x00000000ab500000, 0x00000000ab500000|100%| O|  |TAMS 0x00000000ab500000, 0x00000000ab400000| Untracked 
| 181|0x00000000ab500000, 0x00000000ab600000, 0x00000000ab600000|100%|HS|  |TAMS 0x00000000ab600000, 0x00000000ab500000| Complete 
| 182|0x00000000ab600000, 0x00000000ab700000, 0x00000000ab700000|100%|HC|  |TAMS 0x00000000ab700000, 0x00000000ab600000| Complete 
| 183|0x00000000ab700000, 0x00000000ab800000, 0x00000000ab800000|100%| O|  |TAMS 0x00000000ab800000, 0x00000000ab700000| Untracked 
| 184|0x00000000ab800000, 0x00000000ab900000, 0x00000000ab900000|100%| O|  |TAMS 0x00000000ab900000, 0x00000000ab800000| Untracked 
| 185|0x00000000ab900000, 0x00000000aba00000, 0x00000000aba00000|100%| O|  |TAMS 0x00000000aba00000, 0x00000000ab900000| Untracked 
| 186|0x00000000aba00000, 0x00000000abb00000, 0x00000000abb00000|100%| O|  |TAMS 0x00000000abb00000, 0x00000000aba00000| Untracked 
| 187|0x00000000abb00000, 0x00000000abc00000, 0x00000000abc00000|100%| O|  |TAMS 0x00000000abc00000, 0x00000000abb00000| Untracked 
| 188|0x00000000abc00000, 0x00000000abd00000, 0x00000000abd00000|100%| O|  |TAMS 0x00000000abd00000, 0x00000000abc00000| Untracked 
| 189|0x00000000abd00000, 0x00000000abe00000, 0x00000000abe00000|100%| O|  |TAMS 0x00000000abe00000, 0x00000000abd00000| Untracked 
| 190|0x00000000abe00000, 0x00000000abf00000, 0x00000000abf00000|100%| O|  |TAMS 0x00000000abf00000, 0x00000000abe00000| Untracked 
| 191|0x00000000abf00000, 0x00000000ac000000, 0x00000000ac000000|100%| O|  |TAMS 0x00000000ac000000, 0x00000000abf00000| Untracked 
| 192|0x00000000ac000000, 0x00000000ac100000, 0x00000000ac100000|100%| O|  |TAMS 0x00000000ac100000, 0x00000000ac000000| Untracked 
| 193|0x00000000ac100000, 0x00000000ac200000, 0x00000000ac200000|100%| O|  |TAMS 0x00000000ac200000, 0x00000000ac100000| Untracked 
| 194|0x00000000ac200000, 0x00000000ac200000, 0x00000000ac300000|  0%| F|  |TAMS 0x00000000ac200000, 0x00000000ac200000| Untracked 
| 195|0x00000000ac300000, 0x00000000ac400000, 0x00000000ac400000|100%| O|  |TAMS 0x00000000ac400000, 0x00000000ac300000| Untracked 
| 196|0x00000000ac400000, 0x00000000ac500000, 0x00000000ac500000|100%| O|  |TAMS 0x00000000ac500000, 0x00000000ac400000| Untracked 
| 197|0x00000000ac500000, 0x00000000ac600000, 0x00000000ac600000|100%| O|  |TAMS 0x00000000ac600000, 0x00000000ac500000| Untracked 
| 198|0x00000000ac600000, 0x00000000ac700000, 0x00000000ac700000|100%| O|  |TAMS 0x00000000ac700000, 0x00000000ac600000| Untracked 
| 199|0x00000000ac700000, 0x00000000ac800000, 0x00000000ac800000|100%| O|  |TAMS 0x00000000ac800000, 0x00000000ac700000| Untracked 
| 200|0x00000000ac800000, 0x00000000ac900000, 0x00000000ac900000|100%| O|  |TAMS 0x00000000ac900000, 0x00000000ac800000| Untracked 
| 201|0x00000000ac900000, 0x00000000aca00000, 0x00000000aca00000|100%| O|  |TAMS 0x00000000aca00000, 0x00000000ac900000| Untracked 
| 202|0x00000000aca00000, 0x00000000acb00000, 0x00000000acb00000|100%| O|  |TAMS 0x00000000acb00000, 0x00000000aca00000| Untracked 
| 203|0x00000000acb00000, 0x00000000acc00000, 0x00000000acc00000|100%| O|  |TAMS 0x00000000acc00000, 0x00000000acb00000| Untracked 
| 204|0x00000000acc00000, 0x00000000acd00000, 0x00000000acd00000|100%| O|  |TAMS 0x00000000acd00000, 0x00000000acc00000| Untracked 
| 205|0x00000000acd00000, 0x00000000ace00000, 0x00000000ace00000|100%| O|  |TAMS 0x00000000ace00000, 0x00000000acd00000| Untracked 
| 206|0x00000000ace00000, 0x00000000acf00000, 0x00000000acf00000|100%| O|  |TAMS 0x00000000acf00000, 0x00000000ace00000| Untracked 
| 207|0x00000000acf00000, 0x00000000ad000000, 0x00000000ad000000|100%| O|  |TAMS 0x00000000ad000000, 0x00000000acf00000| Untracked 
| 208|0x00000000ad000000, 0x00000000ad000000, 0x00000000ad100000|  0%| F|  |TAMS 0x00000000ad000000, 0x00000000ad000000| Untracked 
| 209|0x00000000ad100000, 0x00000000ad200000, 0x00000000ad200000|100%|HS|  |TAMS 0x00000000ad200000, 0x00000000ad100000| Complete 
| 210|0x00000000ad200000, 0x00000000ad300000, 0x00000000ad300000|100%|HS|  |TAMS 0x00000000ad300000, 0x00000000ad200000| Complete 
| 211|0x00000000ad300000, 0x00000000ad400000, 0x00000000ad400000|100%|HS|  |TAMS 0x00000000ad400000, 0x00000000ad300000| Complete 
| 212|0x00000000ad400000, 0x00000000ad500000, 0x00000000ad500000|100%| O|  |TAMS 0x00000000ad500000, 0x00000000ad400000| Untracked 
| 213|0x00000000ad500000, 0x00000000ad600000, 0x00000000ad600000|100%| O|  |TAMS 0x00000000ad600000, 0x00000000ad500000| Untracked 
| 214|0x00000000ad600000, 0x00000000ad600000, 0x00000000ad700000|  0%| F|  |TAMS 0x00000000ad600000, 0x00000000ad600000| Untracked 
| 215|0x00000000ad700000, 0x00000000ad800000, 0x00000000ad800000|100%| O|  |TAMS 0x00000000ad800000, 0x00000000ad700000| Untracked 
| 216|0x00000000ad800000, 0x00000000ad900000, 0x00000000ad900000|100%| O|  |TAMS 0x00000000ad900000, 0x00000000ad800000| Untracked 
| 217|0x00000000ad900000, 0x00000000ada00000, 0x00000000ada00000|100%| O|  |TAMS 0x00000000ada00000, 0x00000000ad900000| Untracked 
| 218|0x00000000ada00000, 0x00000000adb00000, 0x00000000adb00000|100%| O|  |TAMS 0x00000000adb00000, 0x00000000ada00000| Untracked 
| 219|0x00000000adb00000, 0x00000000adc00000, 0x00000000adc00000|100%| O|  |TAMS 0x00000000adc00000, 0x00000000adb00000| Untracked 
| 220|0x00000000adc00000, 0x00000000add00000, 0x00000000add00000|100%| O|  |TAMS 0x00000000add00000, 0x00000000adc00000| Untracked 
| 221|0x00000000add00000, 0x00000000ade00000, 0x00000000ade00000|100%| O|  |TAMS 0x00000000ade00000, 0x00000000add00000| Untracked 
| 222|0x00000000ade00000, 0x00000000adf00000, 0x00000000adf00000|100%| O|  |TAMS 0x00000000adf00000, 0x00000000ade00000| Untracked 
| 223|0x00000000adf00000, 0x00000000ae000000, 0x00000000ae000000|100%| O|  |TAMS 0x00000000ae000000, 0x00000000adf00000| Untracked 
| 224|0x00000000ae000000, 0x00000000ae100000, 0x00000000ae100000|100%| O|  |TAMS 0x00000000ae100000, 0x00000000ae000000| Untracked 
| 225|0x00000000ae100000, 0x00000000ae200000, 0x00000000ae200000|100%|HS|  |TAMS 0x00000000ae200000, 0x00000000ae100000| Complete 
| 226|0x00000000ae200000, 0x00000000ae300000, 0x00000000ae300000|100%|HS|  |TAMS 0x00000000ae300000, 0x00000000ae200000| Complete 
| 227|0x00000000ae300000, 0x00000000ae400000, 0x00000000ae400000|100%|HS|  |TAMS 0x00000000ae400000, 0x00000000ae300000| Complete 
| 228|0x00000000ae400000, 0x00000000ae500000, 0x00000000ae500000|100%| O|  |TAMS 0x00000000ae500000, 0x00000000ae400000| Untracked 
| 229|0x00000000ae500000, 0x00000000ae600000, 0x00000000ae600000|100%| O|  |TAMS 0x00000000ae600000, 0x00000000ae500000| Untracked 
| 230|0x00000000ae600000, 0x00000000ae700000, 0x00000000ae700000|100%| O|  |TAMS 0x00000000ae700000, 0x00000000ae600000| Untracked 
| 231|0x00000000ae700000, 0x00000000ae700000, 0x00000000ae800000|  0%| F|  |TAMS 0x00000000ae700000, 0x00000000ae700000| Untracked 
| 232|0x00000000ae800000, 0x00000000ae900000, 0x00000000ae900000|100%| O|  |TAMS 0x00000000ae900000, 0x00000000ae800000| Untracked 
| 233|0x00000000ae900000, 0x00000000aea00000, 0x00000000aea00000|100%| O|  |TAMS 0x00000000aea00000, 0x00000000ae900000| Untracked 
| 234|0x00000000aea00000, 0x00000000aeb00000, 0x00000000aeb00000|100%| O|  |TAMS 0x00000000aeb00000, 0x00000000aea00000| Untracked 
| 235|0x00000000aeb00000, 0x00000000aec00000, 0x00000000aec00000|100%| O|  |TAMS 0x00000000aec00000, 0x00000000aeb00000| Untracked 
| 236|0x00000000aec00000, 0x00000000aed00000, 0x00000000aed00000|100%| O|  |TAMS 0x00000000aed00000, 0x00000000aec00000| Untracked 
| 237|0x00000000aed00000, 0x00000000aee00000, 0x00000000aee00000|100%| O|  |TAMS 0x00000000aee00000, 0x00000000aed00000| Untracked 
| 238|0x00000000aee00000, 0x00000000aef00000, 0x00000000aef00000|100%| O|  |TAMS 0x00000000aef00000, 0x00000000aee00000| Untracked 
| 239|0x00000000aef00000, 0x00000000af000000, 0x00000000af000000|100%| O|  |TAMS 0x00000000af000000, 0x00000000aef00000| Untracked 
| 240|0x00000000af000000, 0x00000000af100000, 0x00000000af100000|100%| O|  |TAMS 0x00000000af100000, 0x00000000af000000| Untracked 
| 241|0x00000000af100000, 0x00000000af200000, 0x00000000af200000|100%| O|  |TAMS 0x00000000af200000, 0x00000000af100000| Untracked 
| 242|0x00000000af200000, 0x00000000af200000, 0x00000000af300000|  0%| F|  |TAMS 0x00000000af200000, 0x00000000af200000| Untracked 
| 243|0x00000000af300000, 0x00000000af400000, 0x00000000af400000|100%| O|  |TAMS 0x00000000af400000, 0x00000000af300000| Untracked 
| 244|0x00000000af400000, 0x00000000af400000, 0x00000000af500000|  0%| F|  |TAMS 0x00000000af400000, 0x00000000af400000| Untracked 
| 245|0x00000000af500000, 0x00000000af600000, 0x00000000af600000|100%| O|  |TAMS 0x00000000af600000, 0x00000000af500000| Untracked 
| 246|0x00000000af600000, 0x00000000af700000, 0x00000000af700000|100%| O|  |TAMS 0x00000000af700000, 0x00000000af600000| Untracked 
| 247|0x00000000af700000, 0x00000000af800000, 0x00000000af800000|100%|HS|  |TAMS 0x00000000af800000, 0x00000000af700000| Complete 
| 248|0x00000000af800000, 0x00000000af900000, 0x00000000af900000|100%|HS|  |TAMS 0x00000000af900000, 0x00000000af800000| Complete 
| 249|0x00000000af900000, 0x00000000afa00000, 0x00000000afa00000|100%|HS|  |TAMS 0x00000000afa00000, 0x00000000af900000| Complete 
| 250|0x00000000afa00000, 0x00000000afb00000, 0x00000000afb00000|100%| O|  |TAMS 0x00000000afb00000, 0x00000000afa00000| Untracked 
| 251|0x00000000afb00000, 0x00000000afb00000, 0x00000000afc00000|  0%| F|  |TAMS 0x00000000afb00000, 0x00000000afb00000| Untracked 
| 252|0x00000000afc00000, 0x00000000afc00000, 0x00000000afd00000|  0%| F|  |TAMS 0x00000000afc00000, 0x00000000afc00000| Untracked 
| 253|0x00000000afd00000, 0x00000000afe00000, 0x00000000afe00000|100%| O|  |TAMS 0x00000000afe00000, 0x00000000afd00000| Untracked 
| 254|0x00000000afe00000, 0x00000000afe00000, 0x00000000aff00000|  0%| F|  |TAMS 0x00000000afe00000, 0x00000000afe00000| Untracked 
| 255|0x00000000aff00000, 0x00000000b0000000, 0x00000000b0000000|100%| O|  |TAMS 0x00000000b0000000, 0x00000000aff00000| Untracked 
| 256|0x00000000b0000000, 0x00000000b0100000, 0x00000000b0100000|100%| O|  |TAMS 0x00000000b0100000, 0x00000000b0000000| Untracked 
| 257|0x00000000b0100000, 0x00000000b0200000, 0x00000000b0200000|100%| O|  |TAMS 0x00000000b0200000, 0x00000000b0100000| Untracked 
| 258|0x00000000b0200000, 0x00000000b0300000, 0x00000000b0300000|100%| O|  |TAMS 0x00000000b0300000, 0x00000000b0200000| Untracked 
| 259|0x00000000b0300000, 0x00000000b0400000, 0x00000000b0400000|100%| O|  |TAMS 0x00000000b0400000, 0x00000000b0300000| Untracked 
| 260|0x00000000b0400000, 0x00000000b0500000, 0x00000000b0500000|100%| O|  |TAMS 0x00000000b0500000, 0x00000000b0400000| Untracked 
| 261|0x00000000b0500000, 0x00000000b0600000, 0x00000000b0600000|100%| O|  |TAMS 0x00000000b0600000, 0x00000000b0500000| Untracked 
| 262|0x00000000b0600000, 0x00000000b0700000, 0x00000000b0700000|100%|HS|  |TAMS 0x00000000b0700000, 0x00000000b0600000| Complete 
| 263|0x00000000b0700000, 0x00000000b0800000, 0x00000000b0800000|100%|HS|  |TAMS 0x00000000b0800000, 0x00000000b0700000| Complete 
| 264|0x00000000b0800000, 0x00000000b0900000, 0x00000000b0900000|100%| O|  |TAMS 0x00000000b0900000, 0x00000000b0800000| Untracked 
| 265|0x00000000b0900000, 0x00000000b0a00000, 0x00000000b0a00000|100%| O|  |TAMS 0x00000000b0a00000, 0x00000000b0900000| Untracked 
| 266|0x00000000b0a00000, 0x00000000b0b00000, 0x00000000b0b00000|100%|HS|  |TAMS 0x00000000b0b00000, 0x00000000b0a00000| Complete 
| 267|0x00000000b0b00000, 0x00000000b0c00000, 0x00000000b0c00000|100%|HC|  |TAMS 0x00000000b0c00000, 0x00000000b0b00000| Complete 
| 268|0x00000000b0c00000, 0x00000000b0d00000, 0x00000000b0d00000|100%| O|  |TAMS 0x00000000b0d00000, 0x00000000b0c00000| Untracked 
| 269|0x00000000b0d00000, 0x00000000b0e00000, 0x00000000b0e00000|100%| O|  |TAMS 0x00000000b0e00000, 0x00000000b0d00000| Untracked 
| 270|0x00000000b0e00000, 0x00000000b0e00000, 0x00000000b0f00000|  0%| F|  |TAMS 0x00000000b0e00000, 0x00000000b0e00000| Untracked 
| 271|0x00000000b0f00000, 0x00000000b1000000, 0x00000000b1000000|100%| O|  |TAMS 0x00000000b1000000, 0x00000000b0f00000| Untracked 
| 272|0x00000000b1000000, 0x00000000b1100000, 0x00000000b1100000|100%| O|  |TAMS 0x00000000b1100000, 0x00000000b1000000| Untracked 
| 273|0x00000000b1100000, 0x00000000b1200000, 0x00000000b1200000|100%| O|  |TAMS 0x00000000b1200000, 0x00000000b1100000| Untracked 
| 274|0x00000000b1200000, 0x00000000b1300000, 0x00000000b1300000|100%| O|  |TAMS 0x00000000b1300000, 0x00000000b1200000| Untracked 
| 275|0x00000000b1300000, 0x00000000b1400000, 0x00000000b1400000|100%| O|  |TAMS 0x00000000b1400000, 0x00000000b1300000| Untracked 
| 276|0x00000000b1400000, 0x00000000b1500000, 0x00000000b1500000|100%| O|  |TAMS 0x00000000b1500000, 0x00000000b1400000| Untracked 
| 277|0x00000000b1500000, 0x00000000b1600000, 0x00000000b1600000|100%| O|  |TAMS 0x00000000b1600000, 0x00000000b1500000| Untracked 
| 278|0x00000000b1600000, 0x00000000b1700000, 0x00000000b1700000|100%| O|  |TAMS 0x00000000b1700000, 0x00000000b1600000| Untracked 
| 279|0x00000000b1700000, 0x00000000b1800000, 0x00000000b1800000|100%| O|  |TAMS 0x00000000b1800000, 0x00000000b1700000| Untracked 
| 280|0x00000000b1800000, 0x00000000b1900000, 0x00000000b1900000|100%| O|  |TAMS 0x00000000b1900000, 0x00000000b1800000| Untracked 
| 281|0x00000000b1900000, 0x00000000b1900000, 0x00000000b1a00000|  0%| F|  |TAMS 0x00000000b1900000, 0x00000000b1900000| Untracked 
| 282|0x00000000b1a00000, 0x00000000b1b00000, 0x00000000b1b00000|100%|HS|  |TAMS 0x00000000b1b00000, 0x00000000b1a00000| Complete 
| 283|0x00000000b1b00000, 0x00000000b1c00000, 0x00000000b1c00000|100%|HS|  |TAMS 0x00000000b1c00000, 0x00000000b1b00000| Complete 
| 284|0x00000000b1c00000, 0x00000000b1d00000, 0x00000000b1d00000|100%|HS|  |TAMS 0x00000000b1d00000, 0x00000000b1c00000| Complete 
| 285|0x00000000b1d00000, 0x00000000b1e00000, 0x00000000b1e00000|100%| O|  |TAMS 0x00000000b1e00000, 0x00000000b1d00000| Untracked 
| 286|0x00000000b1e00000, 0x00000000b1f00000, 0x00000000b1f00000|100%| O|  |TAMS 0x00000000b1f00000, 0x00000000b1e00000| Untracked 
| 287|0x00000000b1f00000, 0x00000000b2000000, 0x00000000b2000000|100%| O|  |TAMS 0x00000000b2000000, 0x00000000b1f00000| Untracked 
| 288|0x00000000b2000000, 0x00000000b2100000, 0x00000000b2100000|100%| O|  |TAMS 0x00000000b2100000, 0x00000000b2000000| Untracked 
| 289|0x00000000b2100000, 0x00000000b2200000, 0x00000000b2200000|100%| O|  |TAMS 0x00000000b2200000, 0x00000000b2100000| Untracked 
| 290|0x00000000b2200000, 0x00000000b2300000, 0x00000000b2300000|100%| O|  |TAMS 0x00000000b2300000, 0x00000000b2200000| Untracked 
| 291|0x00000000b2300000, 0x00000000b2400000, 0x00000000b2400000|100%| O|  |TAMS 0x00000000b2400000, 0x00000000b2300000| Untracked 
| 292|0x00000000b2400000, 0x00000000b2500000, 0x00000000b2500000|100%| O|  |TAMS 0x00000000b2500000, 0x00000000b2400000| Untracked 
| 293|0x00000000b2500000, 0x00000000b2600000, 0x00000000b2600000|100%| O|  |TAMS 0x00000000b2600000, 0x00000000b2500000| Untracked 
| 294|0x00000000b2600000, 0x00000000b2700000, 0x00000000b2700000|100%| O|  |TAMS 0x00000000b2700000, 0x00000000b2600000| Untracked 
| 295|0x00000000b2700000, 0x00000000b2800000, 0x00000000b2800000|100%| O|  |TAMS 0x00000000b2800000, 0x00000000b2700000| Untracked 
| 296|0x00000000b2800000, 0x00000000b2900000, 0x00000000b2900000|100%| O|  |TAMS 0x00000000b2900000, 0x00000000b2800000| Untracked 
| 297|0x00000000b2900000, 0x00000000b2a00000, 0x00000000b2a00000|100%|HS|  |TAMS 0x00000000b2a00000, 0x00000000b2900000| Complete 
| 298|0x00000000b2a00000, 0x00000000b2b00000, 0x00000000b2b00000|100%|HS|  |TAMS 0x00000000b2b00000, 0x00000000b2a00000| Complete 
| 299|0x00000000b2b00000, 0x00000000b2b00000, 0x00000000b2c00000|  0%| F|  |TAMS 0x00000000b2b00000, 0x00000000b2b00000| Untracked 
| 300|0x00000000b2c00000, 0x00000000b2c00000, 0x00000000b2d00000|  0%| F|  |TAMS 0x00000000b2c00000, 0x00000000b2c00000| Untracked 
| 301|0x00000000b2d00000, 0x00000000b2e00000, 0x00000000b2e00000|100%| O|  |TAMS 0x00000000b2e00000, 0x00000000b2d00000| Untracked 
| 302|0x00000000b2e00000, 0x00000000b2f00000, 0x00000000b2f00000|100%| O|  |TAMS 0x00000000b2f00000, 0x00000000b2e00000| Untracked 
| 303|0x00000000b2f00000, 0x00000000b3000000, 0x00000000b3000000|100%| O|  |TAMS 0x00000000b3000000, 0x00000000b2f00000| Untracked 
| 304|0x00000000b3000000, 0x00000000b3100000, 0x00000000b3100000|100%| O|  |TAMS 0x00000000b3100000, 0x00000000b3000000| Untracked 
| 305|0x00000000b3100000, 0x00000000b3200000, 0x00000000b3200000|100%| O|  |TAMS 0x00000000b3200000, 0x00000000b3100000| Untracked 
| 306|0x00000000b3200000, 0x00000000b3300000, 0x00000000b3300000|100%| O|  |TAMS 0x00000000b3300000, 0x00000000b3200000| Untracked 
| 307|0x00000000b3300000, 0x00000000b3400000, 0x00000000b3400000|100%| O|  |TAMS 0x00000000b3400000, 0x00000000b3300000| Untracked 
| 308|0x00000000b3400000, 0x00000000b3500000, 0x00000000b3500000|100%| O|  |TAMS 0x00000000b3500000, 0x00000000b3400000| Untracked 
| 309|0x00000000b3500000, 0x00000000b3600000, 0x00000000b3600000|100%| O|  |TAMS 0x00000000b3600000, 0x00000000b3500000| Untracked 
| 310|0x00000000b3600000, 0x00000000b3700000, 0x00000000b3700000|100%| O|  |TAMS 0x00000000b3700000, 0x00000000b3600000| Untracked 
| 311|0x00000000b3700000, 0x00000000b3800000, 0x00000000b3800000|100%| O|  |TAMS 0x00000000b3800000, 0x00000000b3700000| Untracked 
| 312|0x00000000b3800000, 0x00000000b3800000, 0x00000000b3900000|  0%| F|  |TAMS 0x00000000b3800000, 0x00000000b3800000| Untracked 
| 313|0x00000000b3900000, 0x00000000b3900000, 0x00000000b3a00000|  0%| F|  |TAMS 0x00000000b3900000, 0x00000000b3900000| Untracked 
| 314|0x00000000b3a00000, 0x00000000b3a00000, 0x00000000b3b00000|  0%| F|  |TAMS 0x00000000b3a00000, 0x00000000b3a00000| Untracked 
| 315|0x00000000b3b00000, 0x00000000b3b00000, 0x00000000b3c00000|  0%| F|  |TAMS 0x00000000b3b00000, 0x00000000b3b00000| Untracked 
| 316|0x00000000b3c00000, 0x00000000b3d00000, 0x00000000b3d00000|100%| O|  |TAMS 0x00000000b3d00000, 0x00000000b3c00000| Untracked 
| 317|0x00000000b3d00000, 0x00000000b3e00000, 0x00000000b3e00000|100%| O|  |TAMS 0x00000000b3e00000, 0x00000000b3d00000| Untracked 
| 318|0x00000000b3e00000, 0x00000000b3f00000, 0x00000000b3f00000|100%| O|  |TAMS 0x00000000b3f00000, 0x00000000b3e00000| Untracked 
| 319|0x00000000b3f00000, 0x00000000b4000000, 0x00000000b4000000|100%| O|  |TAMS 0x00000000b4000000, 0x00000000b3f00000| Untracked 
| 320|0x00000000b4000000, 0x00000000b4100000, 0x00000000b4100000|100%| O|  |TAMS 0x00000000b4100000, 0x00000000b4000000| Untracked 
| 321|0x00000000b4100000, 0x00000000b4200000, 0x00000000b4200000|100%| O|  |TAMS 0x00000000b4200000, 0x00000000b4100000| Untracked 
| 322|0x00000000b4200000, 0x00000000b4300000, 0x00000000b4300000|100%| O|  |TAMS 0x00000000b4300000, 0x00000000b4200000| Untracked 
| 323|0x00000000b4300000, 0x00000000b4400000, 0x00000000b4400000|100%| O|  |TAMS 0x00000000b4400000, 0x00000000b4300000| Untracked 
| 324|0x00000000b4400000, 0x00000000b4500000, 0x00000000b4500000|100%| O|  |TAMS 0x00000000b4500000, 0x00000000b4400000| Untracked 
| 325|0x00000000b4500000, 0x00000000b4600000, 0x00000000b4600000|100%| O|  |TAMS 0x00000000b4600000, 0x00000000b4500000| Untracked 
| 326|0x00000000b4600000, 0x00000000b4700000, 0x00000000b4700000|100%| O|  |TAMS 0x00000000b4700000, 0x00000000b4600000| Untracked 
| 327|0x00000000b4700000, 0x00000000b4800000, 0x00000000b4800000|100%| O|  |TAMS 0x00000000b4800000, 0x00000000b4700000| Untracked 
| 328|0x00000000b4800000, 0x00000000b4900000, 0x00000000b4900000|100%| O|  |TAMS 0x00000000b4900000, 0x00000000b4800000| Untracked 
| 329|0x00000000b4900000, 0x00000000b4a00000, 0x00000000b4a00000|100%| O|  |TAMS 0x00000000b4a00000, 0x00000000b4900000| Untracked 
| 330|0x00000000b4a00000, 0x00000000b4b00000, 0x00000000b4b00000|100%| O|  |TAMS 0x00000000b4b00000, 0x00000000b4a00000| Untracked 
| 331|0x00000000b4b00000, 0x00000000b4c00000, 0x00000000b4c00000|100%| O|  |TAMS 0x00000000b4c00000, 0x00000000b4b00000| Untracked 
| 332|0x00000000b4c00000, 0x00000000b4d00000, 0x00000000b4d00000|100%| O|  |TAMS 0x00000000b4d00000, 0x00000000b4c00000| Untracked 
| 333|0x00000000b4d00000, 0x00000000b4e00000, 0x00000000b4e00000|100%| O|  |TAMS 0x00000000b4e00000, 0x00000000b4d00000| Untracked 
| 334|0x00000000b4e00000, 0x00000000b4f00000, 0x00000000b4f00000|100%| O|  |TAMS 0x00000000b4f00000, 0x00000000b4e00000| Untracked 
| 335|0x00000000b4f00000, 0x00000000b5000000, 0x00000000b5000000|100%| O|  |TAMS 0x00000000b5000000, 0x00000000b4f00000| Untracked 
| 336|0x00000000b5000000, 0x00000000b5100000, 0x00000000b5100000|100%| O|  |TAMS 0x00000000b5100000, 0x00000000b5000000| Untracked 
| 337|0x00000000b5100000, 0x00000000b5200000, 0x00000000b5200000|100%| O|  |TAMS 0x00000000b5200000, 0x00000000b5100000| Untracked 
| 338|0x00000000b5200000, 0x00000000b5200000, 0x00000000b5300000|  0%| F|  |TAMS 0x00000000b5200000, 0x00000000b5200000| Untracked 
| 339|0x00000000b5300000, 0x00000000b5400000, 0x00000000b5400000|100%| O|  |TAMS 0x00000000b5400000, 0x00000000b5300000| Untracked 
| 340|0x00000000b5400000, 0x00000000b5500000, 0x00000000b5500000|100%| O|  |TAMS 0x00000000b5500000, 0x00000000b5400000| Untracked 
| 341|0x00000000b5500000, 0x00000000b5600000, 0x00000000b5600000|100%| O|  |TAMS 0x00000000b5600000, 0x00000000b5500000| Untracked 
| 342|0x00000000b5600000, 0x00000000b5600000, 0x00000000b5700000|  0%| F|  |TAMS 0x00000000b5600000, 0x00000000b5600000| Untracked 
| 343|0x00000000b5700000, 0x00000000b5800000, 0x00000000b5800000|100%| O|  |TAMS 0x00000000b5800000, 0x00000000b5700000| Untracked 
| 344|0x00000000b5800000, 0x00000000b5900000, 0x00000000b5900000|100%| O|  |TAMS 0x00000000b5900000, 0x00000000b5800000| Untracked 
| 345|0x00000000b5900000, 0x00000000b5a00000, 0x00000000b5a00000|100%| O|  |TAMS 0x00000000b5a00000, 0x00000000b5900000| Untracked 
| 346|0x00000000b5a00000, 0x00000000b5b00000, 0x00000000b5b00000|100%| O|  |TAMS 0x00000000b5b00000, 0x00000000b5a00000| Untracked 
| 347|0x00000000b5b00000, 0x00000000b5c00000, 0x00000000b5c00000|100%| O|  |TAMS 0x00000000b5c00000, 0x00000000b5b00000| Untracked 
| 348|0x00000000b5c00000, 0x00000000b5d00000, 0x00000000b5d00000|100%| O|  |TAMS 0x00000000b5d00000, 0x00000000b5c00000| Untracked 
| 349|0x00000000b5d00000, 0x00000000b5e00000, 0x00000000b5e00000|100%| O|  |TAMS 0x00000000b5e00000, 0x00000000b5d00000| Untracked 
| 350|0x00000000b5e00000, 0x00000000b5f00000, 0x00000000b5f00000|100%| O|  |TAMS 0x00000000b5f00000, 0x00000000b5e00000| Untracked 
| 351|0x00000000b5f00000, 0x00000000b6000000, 0x00000000b6000000|100%| O|  |TAMS 0x00000000b6000000, 0x00000000b5f00000| Untracked 
| 352|0x00000000b6000000, 0x00000000b6100000, 0x00000000b6100000|100%| O|  |TAMS 0x00000000b6100000, 0x00000000b6000000| Untracked 
| 353|0x00000000b6100000, 0x00000000b6200000, 0x00000000b6200000|100%| O|  |TAMS 0x00000000b6200000, 0x00000000b6100000| Untracked 
| 354|0x00000000b6200000, 0x00000000b6300000, 0x00000000b6300000|100%| O|  |TAMS 0x00000000b6300000, 0x00000000b6200000| Untracked 
| 355|0x00000000b6300000, 0x00000000b6400000, 0x00000000b6400000|100%| O|  |TAMS 0x00000000b6400000, 0x00000000b6300000| Untracked 
| 356|0x00000000b6400000, 0x00000000b6500000, 0x00000000b6500000|100%| O|  |TAMS 0x00000000b6500000, 0x00000000b6400000| Untracked 
| 357|0x00000000b6500000, 0x00000000b6600000, 0x00000000b6600000|100%| O|  |TAMS 0x00000000b6600000, 0x00000000b6500000| Untracked 
| 358|0x00000000b6600000, 0x00000000b6700000, 0x00000000b6700000|100%| O|  |TAMS 0x00000000b6700000, 0x00000000b6600000| Untracked 
| 359|0x00000000b6700000, 0x00000000b6800000, 0x00000000b6800000|100%| O|  |TAMS 0x00000000b6800000, 0x00000000b6700000| Untracked 
| 360|0x00000000b6800000, 0x00000000b6900000, 0x00000000b6900000|100%| O|  |TAMS 0x00000000b684a600, 0x00000000b6800000| Untracked 
| 361|0x00000000b6900000, 0x00000000b6a00000, 0x00000000b6a00000|100%| O|  |TAMS 0x00000000b6900000, 0x00000000b6900000| Untracked 
| 362|0x00000000b6a00000, 0x00000000b6b00000, 0x00000000b6b00000|100%| O|  |TAMS 0x00000000b6a00000, 0x00000000b6a00000| Untracked 
| 363|0x00000000b6b00000, 0x00000000b6c00000, 0x00000000b6c00000|100%| O|  |TAMS 0x00000000b6b00000, 0x00000000b6b00000| Untracked 
| 364|0x00000000b6c00000, 0x00000000b6d00000, 0x00000000b6d00000|100%| O|  |TAMS 0x00000000b6c00000, 0x00000000b6c00000| Untracked 
| 365|0x00000000b6d00000, 0x00000000b6e00000, 0x00000000b6e00000|100%| O|  |TAMS 0x00000000b6d00000, 0x00000000b6d00000| Untracked 
| 366|0x00000000b6e00000, 0x00000000b6f00000, 0x00000000b6f00000|100%| O|  |TAMS 0x00000000b6e00000, 0x00000000b6e00000| Untracked 
| 367|0x00000000b6f00000, 0x00000000b7000000, 0x00000000b7000000|100%| O|  |TAMS 0x00000000b6f00000, 0x00000000b6f00000| Untracked 
| 368|0x00000000b7000000, 0x00000000b7100000, 0x00000000b7100000|100%| O|  |TAMS 0x00000000b7000000, 0x00000000b7000000| Untracked 
| 369|0x00000000b7100000, 0x00000000b7200000, 0x00000000b7200000|100%| O|  |TAMS 0x00000000b7100000, 0x00000000b7100000| Untracked 
| 370|0x00000000b7200000, 0x00000000b7300000, 0x00000000b7300000|100%| O|  |TAMS 0x00000000b7200000, 0x00000000b7200000| Untracked 
| 371|0x00000000b7300000, 0x00000000b7400000, 0x00000000b7400000|100%| O|  |TAMS 0x00000000b7300000, 0x00000000b7300000| Untracked 
| 372|0x00000000b7400000, 0x00000000b7500000, 0x00000000b7500000|100%| O|  |TAMS 0x00000000b7400000, 0x00000000b7400000| Untracked 
| 373|0x00000000b7500000, 0x00000000b7600000, 0x00000000b7600000|100%| O|  |TAMS 0x00000000b7500000, 0x00000000b7500000| Untracked 
| 374|0x00000000b7600000, 0x00000000b7700000, 0x00000000b7700000|100%| O|  |TAMS 0x00000000b7600000, 0x00000000b7600000| Untracked 
| 375|0x00000000b7700000, 0x00000000b7800000, 0x00000000b7800000|100%| O|  |TAMS 0x00000000b7700000, 0x00000000b7700000| Untracked 
| 376|0x00000000b7800000, 0x00000000b7900000, 0x00000000b7900000|100%| O|  |TAMS 0x00000000b7800000, 0x00000000b7800000| Untracked 
| 377|0x00000000b7900000, 0x00000000b7a00000, 0x00000000b7a00000|100%| O|  |TAMS 0x00000000b7900000, 0x00000000b7900000| Untracked 
| 378|0x00000000b7a00000, 0x00000000b7b00000, 0x00000000b7b00000|100%| O|  |TAMS 0x00000000b7a00000, 0x00000000b7a00000| Untracked 
| 379|0x00000000b7b00000, 0x00000000b7c00000, 0x00000000b7c00000|100%| O|  |TAMS 0x00000000b7b00000, 0x00000000b7b00000| Untracked 
| 380|0x00000000b7c00000, 0x00000000b7c1fe00, 0x00000000b7d00000| 12%| O|  |TAMS 0x00000000b7c00000, 0x00000000b7c00000| Untracked 
| 381|0x00000000b7d00000, 0x00000000b7d00000, 0x00000000b7e00000|  0%| F|  |TAMS 0x00000000b7d00000, 0x00000000b7d00000| Untracked 
| 382|0x00000000b7e00000, 0x00000000b7e00000, 0x00000000b7f00000|  0%| F|  |TAMS 0x00000000b7e00000, 0x00000000b7e00000| Untracked 
| 383|0x00000000b7f00000, 0x00000000b7f00000, 0x00000000b8000000|  0%| F|  |TAMS 0x00000000b7f00000, 0x00000000b7f00000| Untracked 
| 384|0x00000000b8000000, 0x00000000b8000000, 0x00000000b8100000|  0%| F|  |TAMS 0x00000000b8000000, 0x00000000b8000000| Untracked 
| 385|0x00000000b8100000, 0x00000000b8100000, 0x00000000b8200000|  0%| F|  |TAMS 0x00000000b8100000, 0x00000000b8100000| Untracked 
| 386|0x00000000b8200000, 0x00000000b8200000, 0x00000000b8300000|  0%| F|  |TAMS 0x00000000b8200000, 0x00000000b8200000| Untracked 
| 387|0x00000000b8300000, 0x00000000b8300000, 0x00000000b8400000|  0%| F|  |TAMS 0x00000000b8300000, 0x00000000b8300000| Untracked 
| 388|0x00000000b8400000, 0x00000000b8400000, 0x00000000b8500000|  0%| F|  |TAMS 0x00000000b8400000, 0x00000000b8400000| Untracked 
| 389|0x00000000b8500000, 0x00000000b8500000, 0x00000000b8600000|  0%| F|  |TAMS 0x00000000b8500000, 0x00000000b8500000| Untracked 
| 390|0x00000000b8600000, 0x00000000b8600000, 0x00000000b8700000|  0%| F|  |TAMS 0x00000000b8600000, 0x00000000b8600000| Untracked 
| 391|0x00000000b8700000, 0x00000000b8700000, 0x00000000b8800000|  0%| F|  |TAMS 0x00000000b8700000, 0x00000000b8700000| Untracked 
| 392|0x00000000b8800000, 0x00000000b8800000, 0x00000000b8900000|  0%| F|  |TAMS 0x00000000b8800000, 0x00000000b8800000| Untracked 
| 393|0x00000000b8900000, 0x00000000b8900000, 0x00000000b8a00000|  0%| F|  |TAMS 0x00000000b8900000, 0x00000000b8900000| Untracked 
| 394|0x00000000b8a00000, 0x00000000b8a00000, 0x00000000b8b00000|  0%| F|  |TAMS 0x00000000b8a00000, 0x00000000b8a00000| Untracked 
| 395|0x00000000b8b00000, 0x00000000b8b00000, 0x00000000b8c00000|  0%| F|  |TAMS 0x00000000b8b00000, 0x00000000b8b00000| Untracked 
| 396|0x00000000b8c00000, 0x00000000b8c00000, 0x00000000b8d00000|  0%| F|  |TAMS 0x00000000b8c00000, 0x00000000b8c00000| Untracked 
| 397|0x00000000b8d00000, 0x00000000b8d00000, 0x00000000b8e00000|  0%| F|  |TAMS 0x00000000b8d00000, 0x00000000b8d00000| Untracked 
| 398|0x00000000b8e00000, 0x00000000b8e00000, 0x00000000b8f00000|  0%| F|  |TAMS 0x00000000b8e00000, 0x00000000b8e00000| Untracked 
| 399|0x00000000b8f00000, 0x00000000b8f00000, 0x00000000b9000000|  0%| F|  |TAMS 0x00000000b8f00000, 0x00000000b8f00000| Untracked 
| 400|0x00000000b9000000, 0x00000000b9000000, 0x00000000b9100000|  0%| F|  |TAMS 0x00000000b9000000, 0x00000000b9000000| Untracked 
| 401|0x00000000b9100000, 0x00000000b9100000, 0x00000000b9200000|  0%| F|  |TAMS 0x00000000b9100000, 0x00000000b9100000| Untracked 
| 402|0x00000000b9200000, 0x00000000b9200000, 0x00000000b9300000|  0%| F|  |TAMS 0x00000000b9200000, 0x00000000b9200000| Untracked 
| 403|0x00000000b9300000, 0x00000000b9300000, 0x00000000b9400000|  0%| F|  |TAMS 0x00000000b9300000, 0x00000000b9300000| Untracked 
| 404|0x00000000b9400000, 0x00000000b9400000, 0x00000000b9500000|  0%| F|  |TAMS 0x00000000b9400000, 0x00000000b9400000| Untracked 
| 405|0x00000000b9500000, 0x00000000b9500000, 0x00000000b9600000|  0%| F|  |TAMS 0x00000000b9500000, 0x00000000b9500000| Untracked 
| 406|0x00000000b9600000, 0x00000000b9600000, 0x00000000b9700000|  0%| F|  |TAMS 0x00000000b9600000, 0x00000000b9600000| Untracked 
| 407|0x00000000b9700000, 0x00000000b9700000, 0x00000000b9800000|  0%| F|  |TAMS 0x00000000b9700000, 0x00000000b9700000| Untracked 
| 408|0x00000000b9800000, 0x00000000b9800000, 0x00000000b9900000|  0%| F|  |TAMS 0x00000000b9800000, 0x00000000b9800000| Untracked 
| 409|0x00000000b9900000, 0x00000000b9900000, 0x00000000b9a00000|  0%| F|  |TAMS 0x00000000b9900000, 0x00000000b9900000| Untracked 
| 410|0x00000000b9a00000, 0x00000000b9a00000, 0x00000000b9b00000|  0%| F|  |TAMS 0x00000000b9a00000, 0x00000000b9a00000| Untracked 
| 411|0x00000000b9b00000, 0x00000000b9b00000, 0x00000000b9c00000|  0%| F|  |TAMS 0x00000000b9b00000, 0x00000000b9b00000| Untracked 
| 412|0x00000000b9c00000, 0x00000000b9c00000, 0x00000000b9d00000|  0%| F|  |TAMS 0x00000000b9c00000, 0x00000000b9c00000| Untracked 
| 413|0x00000000b9d00000, 0x00000000b9d00000, 0x00000000b9e00000|  0%| F|  |TAMS 0x00000000b9d00000, 0x00000000b9d00000| Untracked 
| 414|0x00000000b9e00000, 0x00000000b9e00000, 0x00000000b9f00000|  0%| F|  |TAMS 0x00000000b9e00000, 0x00000000b9e00000| Untracked 
| 415|0x00000000b9f00000, 0x00000000b9f00000, 0x00000000ba000000|  0%| F|  |TAMS 0x00000000b9f00000, 0x00000000b9f00000| Untracked 
| 416|0x00000000ba000000, 0x00000000ba000000, 0x00000000ba100000|  0%| F|  |TAMS 0x00000000ba000000, 0x00000000ba000000| Untracked 
| 417|0x00000000ba100000, 0x00000000ba100000, 0x00000000ba200000|  0%| F|  |TAMS 0x00000000ba100000, 0x00000000ba100000| Untracked 
| 418|0x00000000ba200000, 0x00000000ba200000, 0x00000000ba300000|  0%| F|  |TAMS 0x00000000ba200000, 0x00000000ba200000| Untracked 
| 419|0x00000000ba300000, 0x00000000ba300000, 0x00000000ba400000|  0%| F|  |TAMS 0x00000000ba300000, 0x00000000ba300000| Untracked 
| 420|0x00000000ba400000, 0x00000000ba400000, 0x00000000ba500000|  0%| F|  |TAMS 0x00000000ba400000, 0x00000000ba400000| Untracked 
| 421|0x00000000ba500000, 0x00000000ba500000, 0x00000000ba600000|  0%| F|  |TAMS 0x00000000ba500000, 0x00000000ba500000| Untracked 
| 422|0x00000000ba600000, 0x00000000ba600000, 0x00000000ba700000|  0%| F|  |TAMS 0x00000000ba600000, 0x00000000ba600000| Untracked 
| 423|0x00000000ba700000, 0x00000000ba700000, 0x00000000ba800000|  0%| F|  |TAMS 0x00000000ba700000, 0x00000000ba700000| Untracked 
| 424|0x00000000ba800000, 0x00000000ba800000, 0x00000000ba900000|  0%| F|  |TAMS 0x00000000ba800000, 0x00000000ba800000| Untracked 
| 425|0x00000000ba900000, 0x00000000ba900000, 0x00000000baa00000|  0%| F|  |TAMS 0x00000000ba900000, 0x00000000ba900000| Untracked 
| 426|0x00000000baa00000, 0x00000000baa00000, 0x00000000bab00000|  0%| F|  |TAMS 0x00000000baa00000, 0x00000000baa00000| Untracked 
| 427|0x00000000bab00000, 0x00000000bab00000, 0x00000000bac00000|  0%| F|  |TAMS 0x00000000bab00000, 0x00000000bab00000| Untracked 
| 428|0x00000000bac00000, 0x00000000bac00000, 0x00000000bad00000|  0%| F|  |TAMS 0x00000000bac00000, 0x00000000bac00000| Untracked 
| 429|0x00000000bad00000, 0x00000000bad00000, 0x00000000bae00000|  0%| F|  |TAMS 0x00000000bad00000, 0x00000000bad00000| Untracked 
| 430|0x00000000bae00000, 0x00000000bae00000, 0x00000000baf00000|  0%| F|  |TAMS 0x00000000bae00000, 0x00000000bae00000| Untracked 
| 431|0x00000000baf00000, 0x00000000baf00000, 0x00000000bb000000|  0%| F|  |TAMS 0x00000000baf00000, 0x00000000baf00000| Untracked 
| 432|0x00000000bb000000, 0x00000000bb000000, 0x00000000bb100000|  0%| F|  |TAMS 0x00000000bb000000, 0x00000000bb000000| Untracked 
| 433|0x00000000bb100000, 0x00000000bb200000, 0x00000000bb200000|100%| S|CS|TAMS 0x00000000bb100000, 0x00000000bb100000| Complete 
| 434|0x00000000bb200000, 0x00000000bb300000, 0x00000000bb300000|100%| S|CS|TAMS 0x00000000bb200000, 0x00000000bb200000| Complete 
| 435|0x00000000bb300000, 0x00000000bb400000, 0x00000000bb400000|100%| S|CS|TAMS 0x00000000bb300000, 0x00000000bb300000| Complete 
| 436|0x00000000bb400000, 0x00000000bb500000, 0x00000000bb500000|100%| S|CS|TAMS 0x00000000bb400000, 0x00000000bb400000| Complete 
| 437|0x00000000bb500000, 0x00000000bb600000, 0x00000000bb600000|100%| S|CS|TAMS 0x00000000bb500000, 0x00000000bb500000| Complete 
| 438|0x00000000bb600000, 0x00000000bb700000, 0x00000000bb700000|100%| S|CS|TAMS 0x00000000bb600000, 0x00000000bb600000| Complete 
| 439|0x00000000bb700000, 0x00000000bb700000, 0x00000000bb800000|  0%| F|  |TAMS 0x00000000bb700000, 0x00000000bb700000| Untracked 
| 440|0x00000000bb800000, 0x00000000bb800000, 0x00000000bb900000|  0%| F|  |TAMS 0x00000000bb800000, 0x00000000bb800000| Untracked 
| 441|0x00000000bb900000, 0x00000000bb900000, 0x00000000bba00000|  0%| F|  |TAMS 0x00000000bb900000, 0x00000000bb900000| Untracked 
| 442|0x00000000bba00000, 0x00000000bba00000, 0x00000000bbb00000|  0%| F|  |TAMS 0x00000000bba00000, 0x00000000bba00000| Untracked 
| 443|0x00000000bbb00000, 0x00000000bbb00000, 0x00000000bbc00000|  0%| F|  |TAMS 0x00000000bbb00000, 0x00000000bbb00000| Untracked 
| 444|0x00000000bbc00000, 0x00000000bbc00000, 0x00000000bbd00000|  0%| F|  |TAMS 0x00000000bbc00000, 0x00000000bbc00000| Untracked 
| 445|0x00000000bbd00000, 0x00000000bbd00000, 0x00000000bbe00000|  0%| F|  |TAMS 0x00000000bbd00000, 0x00000000bbd00000| Untracked 
| 446|0x00000000bbe00000, 0x00000000bbe00000, 0x00000000bbf00000|  0%| F|  |TAMS 0x00000000bbe00000, 0x00000000bbe00000| Untracked 
| 447|0x00000000bbf00000, 0x00000000bbf00000, 0x00000000bc000000|  0%| F|  |TAMS 0x00000000bbf00000, 0x00000000bbf00000| Untracked 
| 448|0x00000000bc000000, 0x00000000bc100000, 0x00000000bc100000|100%| S|CS|TAMS 0x00000000bc000000, 0x00000000bc000000| Complete 
| 449|0x00000000bc100000, 0x00000000bc200000, 0x00000000bc200000|100%| S|CS|TAMS 0x00000000bc100000, 0x00000000bc100000| Complete 
| 450|0x00000000bc200000, 0x00000000bc300000, 0x00000000bc300000|100%| S|CS|TAMS 0x00000000bc200000, 0x00000000bc200000| Complete 
| 451|0x00000000bc300000, 0x00000000bc400000, 0x00000000bc400000|100%| S|CS|TAMS 0x00000000bc300000, 0x00000000bc300000| Complete 
| 452|0x00000000bc400000, 0x00000000bc500000, 0x00000000bc500000|100%| S|CS|TAMS 0x00000000bc400000, 0x00000000bc400000| Complete 
| 453|0x00000000bc500000, 0x00000000bc600000, 0x00000000bc600000|100%| S|CS|TAMS 0x00000000bc500000, 0x00000000bc500000| Complete 
| 454|0x00000000bc600000, 0x00000000bc700000, 0x00000000bc700000|100%| S|CS|TAMS 0x00000000bc600000, 0x00000000bc600000| Complete 
| 455|0x00000000bc700000, 0x00000000bc700000, 0x00000000bc800000|  0%| F|  |TAMS 0x00000000bc700000, 0x00000000bc700000| Untracked 
| 456|0x00000000bc800000, 0x00000000bc800000, 0x00000000bc900000|  0%| F|  |TAMS 0x00000000bc800000, 0x00000000bc800000| Untracked 
| 457|0x00000000bc900000, 0x00000000bc900000, 0x00000000bca00000|  0%| F|  |TAMS 0x00000000bc900000, 0x00000000bc900000| Untracked 
| 458|0x00000000bca00000, 0x00000000bca00000, 0x00000000bcb00000|  0%| F|  |TAMS 0x00000000bca00000, 0x00000000bca00000| Untracked 
| 459|0x00000000bcb00000, 0x00000000bcb00000, 0x00000000bcc00000|  0%| F|  |TAMS 0x00000000bcb00000, 0x00000000bcb00000| Untracked 
| 460|0x00000000bcc00000, 0x00000000bcc00000, 0x00000000bcd00000|  0%| F|  |TAMS 0x00000000bcc00000, 0x00000000bcc00000| Untracked 
| 461|0x00000000bcd00000, 0x00000000bcd00000, 0x00000000bce00000|  0%| F|  |TAMS 0x00000000bcd00000, 0x00000000bcd00000| Untracked 
| 462|0x00000000bce00000, 0x00000000bce00000, 0x00000000bcf00000|  0%| F|  |TAMS 0x00000000bce00000, 0x00000000bce00000| Untracked 
| 463|0x00000000bcf00000, 0x00000000bcf00000, 0x00000000bd000000|  0%| F|  |TAMS 0x00000000bcf00000, 0x00000000bcf00000| Untracked 
| 464|0x00000000bd000000, 0x00000000bd000000, 0x00000000bd100000|  0%| F|  |TAMS 0x00000000bd000000, 0x00000000bd000000| Untracked 
| 465|0x00000000bd100000, 0x00000000bd100000, 0x00000000bd200000|  0%| F|  |TAMS 0x00000000bd100000, 0x00000000bd100000| Untracked 
| 466|0x00000000bd200000, 0x00000000bd200000, 0x00000000bd300000|  0%| F|  |TAMS 0x00000000bd200000, 0x00000000bd200000| Untracked 
| 467|0x00000000bd300000, 0x00000000bd300000, 0x00000000bd400000|  0%| F|  |TAMS 0x00000000bd300000, 0x00000000bd300000| Untracked 
| 468|0x00000000bd400000, 0x00000000bd400000, 0x00000000bd500000|  0%| F|  |TAMS 0x00000000bd400000, 0x00000000bd400000| Untracked 
| 469|0x00000000bd500000, 0x00000000bd500000, 0x00000000bd600000|  0%| F|  |TAMS 0x00000000bd500000, 0x00000000bd500000| Untracked 
| 470|0x00000000bd600000, 0x00000000bd600000, 0x00000000bd700000|  0%| F|  |TAMS 0x00000000bd600000, 0x00000000bd600000| Untracked 
| 471|0x00000000bd700000, 0x00000000bd700000, 0x00000000bd800000|  0%| F|  |TAMS 0x00000000bd700000, 0x00000000bd700000| Untracked 
| 472|0x00000000bd800000, 0x00000000bd800000, 0x00000000bd900000|  0%| F|  |TAMS 0x00000000bd800000, 0x00000000bd800000| Untracked 
| 473|0x00000000bd900000, 0x00000000bd900000, 0x00000000bda00000|  0%| F|  |TAMS 0x00000000bd900000, 0x00000000bd900000| Untracked 
| 474|0x00000000bda00000, 0x00000000bda00000, 0x00000000bdb00000|  0%| F|  |TAMS 0x00000000bda00000, 0x00000000bda00000| Untracked 
| 475|0x00000000bdb00000, 0x00000000bdb00000, 0x00000000bdc00000|  0%| F|  |TAMS 0x00000000bdb00000, 0x00000000bdb00000| Untracked 
| 476|0x00000000bdc00000, 0x00000000bdc00000, 0x00000000bdd00000|  0%| F|  |TAMS 0x00000000bdc00000, 0x00000000bdc00000| Untracked 
| 477|0x00000000bdd00000, 0x00000000bdd00000, 0x00000000bde00000|  0%| F|  |TAMS 0x00000000bdd00000, 0x00000000bdd00000| Untracked 
| 478|0x00000000bde00000, 0x00000000bde00000, 0x00000000bdf00000|  0%| F|  |TAMS 0x00000000bde00000, 0x00000000bde00000| Untracked 
| 479|0x00000000bdf00000, 0x00000000bdf00000, 0x00000000be000000|  0%| F|  |TAMS 0x00000000bdf00000, 0x00000000bdf00000| Untracked 
| 480|0x00000000be000000, 0x00000000be000000, 0x00000000be100000|  0%| F|  |TAMS 0x00000000be000000, 0x00000000be000000| Untracked 
| 481|0x00000000be100000, 0x00000000be100000, 0x00000000be200000|  0%| F|  |TAMS 0x00000000be100000, 0x00000000be100000| Untracked 
| 482|0x00000000be200000, 0x00000000be200000, 0x00000000be300000|  0%| F|  |TAMS 0x00000000be200000, 0x00000000be200000| Untracked 
| 483|0x00000000be300000, 0x00000000be300000, 0x00000000be400000|  0%| F|  |TAMS 0x00000000be300000, 0x00000000be300000| Untracked 
| 484|0x00000000be400000, 0x00000000be400000, 0x00000000be500000|  0%| F|  |TAMS 0x00000000be400000, 0x00000000be400000| Untracked 
| 485|0x00000000be500000, 0x00000000be500000, 0x00000000be600000|  0%| F|  |TAMS 0x00000000be500000, 0x00000000be500000| Untracked 
| 486|0x00000000be600000, 0x00000000be600000, 0x00000000be700000|  0%| F|  |TAMS 0x00000000be600000, 0x00000000be600000| Untracked 
| 487|0x00000000be700000, 0x00000000be700000, 0x00000000be800000|  0%| F|  |TAMS 0x00000000be700000, 0x00000000be700000| Untracked 
| 488|0x00000000be800000, 0x00000000be800000, 0x00000000be900000|  0%| F|  |TAMS 0x00000000be800000, 0x00000000be800000| Untracked 
| 489|0x00000000be900000, 0x00000000be900000, 0x00000000bea00000|  0%| F|  |TAMS 0x00000000be900000, 0x00000000be900000| Untracked 
| 490|0x00000000bea00000, 0x00000000bea00000, 0x00000000beb00000|  0%| F|  |TAMS 0x00000000bea00000, 0x00000000bea00000| Untracked 
| 491|0x00000000beb00000, 0x00000000beb00000, 0x00000000bec00000|  0%| F|  |TAMS 0x00000000beb00000, 0x00000000beb00000| Untracked 
| 492|0x00000000bec00000, 0x00000000bec00000, 0x00000000bed00000|  0%| F|  |TAMS 0x00000000bec00000, 0x00000000bec00000| Untracked 
| 493|0x00000000bed00000, 0x00000000bed00000, 0x00000000bee00000|  0%| F|  |TAMS 0x00000000bed00000, 0x00000000bed00000| Untracked 
| 494|0x00000000bee00000, 0x00000000bee00000, 0x00000000bef00000|  0%| F|  |TAMS 0x00000000bee00000, 0x00000000bee00000| Untracked 
| 495|0x00000000bef00000, 0x00000000bef00000, 0x00000000bf000000|  0%| F|  |TAMS 0x00000000bef00000, 0x00000000bef00000| Untracked 
| 496|0x00000000bf000000, 0x00000000bf000000, 0x00000000bf100000|  0%| F|  |TAMS 0x00000000bf000000, 0x00000000bf000000| Untracked 
| 497|0x00000000bf100000, 0x00000000bf100000, 0x00000000bf200000|  0%| F|  |TAMS 0x00000000bf100000, 0x00000000bf100000| Untracked 
| 498|0x00000000bf200000, 0x00000000bf200000, 0x00000000bf300000|  0%| F|  |TAMS 0x00000000bf200000, 0x00000000bf200000| Untracked 
| 499|0x00000000bf300000, 0x00000000bf300000, 0x00000000bf400000|  0%| F|  |TAMS 0x00000000bf300000, 0x00000000bf300000| Untracked 
| 500|0x00000000bf400000, 0x00000000bf400000, 0x00000000bf500000|  0%| F|  |TAMS 0x00000000bf400000, 0x00000000bf400000| Untracked 
| 501|0x00000000bf500000, 0x00000000bf500000, 0x00000000bf600000|  0%| F|  |TAMS 0x00000000bf500000, 0x00000000bf500000| Untracked 
| 502|0x00000000bf600000, 0x00000000bf600000, 0x00000000bf700000|  0%| F|  |TAMS 0x00000000bf600000, 0x00000000bf600000| Untracked 
| 503|0x00000000bf700000, 0x00000000bf700000, 0x00000000bf800000|  0%| F|  |TAMS 0x00000000bf700000, 0x00000000bf700000| Untracked 
| 504|0x00000000bf800000, 0x00000000bf800000, 0x00000000bf900000|  0%| F|  |TAMS 0x00000000bf800000, 0x00000000bf800000| Untracked 
| 505|0x00000000bf900000, 0x00000000bf900000, 0x00000000bfa00000|  0%| F|  |TAMS 0x00000000bf900000, 0x00000000bf900000| Untracked 
| 506|0x00000000bfa00000, 0x00000000bfa00000, 0x00000000bfb00000|  0%| F|  |TAMS 0x00000000bfa00000, 0x00000000bfa00000| Untracked 
| 507|0x00000000bfb00000, 0x00000000bfb00000, 0x00000000bfc00000|  0%| F|  |TAMS 0x00000000bfb00000, 0x00000000bfb00000| Untracked 
| 508|0x00000000bfc00000, 0x00000000bfc00000, 0x00000000bfd00000|  0%| F|  |TAMS 0x00000000bfc00000, 0x00000000bfc00000| Untracked 
| 509|0x00000000bfd00000, 0x00000000bfd00000, 0x00000000bfe00000|  0%| F|  |TAMS 0x00000000bfd00000, 0x00000000bfd00000| Untracked 
| 510|0x00000000bfe00000, 0x00000000bfe00000, 0x00000000bff00000|  0%| F|  |TAMS 0x00000000bfe00000, 0x00000000bfe00000| Untracked 
| 511|0x00000000bff00000, 0x00000000bff00000, 0x00000000c0000000|  0%| F|  |TAMS 0x00000000bff00000, 0x00000000bff00000| Untracked 
| 512|0x00000000c0000000, 0x00000000c0000000, 0x00000000c0100000|  0%| F|  |TAMS 0x00000000c0000000, 0x00000000c0000000| Untracked 
| 513|0x00000000c0100000, 0x00000000c0100000, 0x00000000c0200000|  0%| F|  |TAMS 0x00000000c0100000, 0x00000000c0100000| Untracked 
| 514|0x00000000c0200000, 0x00000000c0200000, 0x00000000c0300000|  0%| F|  |TAMS 0x00000000c0200000, 0x00000000c0200000| Untracked 
| 515|0x00000000c0300000, 0x00000000c0300000, 0x00000000c0400000|  0%| F|  |TAMS 0x00000000c0300000, 0x00000000c0300000| Untracked 
| 516|0x00000000c0400000, 0x00000000c0400000, 0x00000000c0500000|  0%| F|  |TAMS 0x00000000c0400000, 0x00000000c0400000| Untracked 
| 517|0x00000000c0500000, 0x00000000c0500000, 0x00000000c0600000|  0%| F|  |TAMS 0x00000000c0500000, 0x00000000c0500000| Untracked 
| 518|0x00000000c0600000, 0x00000000c0600000, 0x00000000c0700000|  0%| F|  |TAMS 0x00000000c0600000, 0x00000000c0600000| Untracked 
| 519|0x00000000c0700000, 0x00000000c0700000, 0x00000000c0800000|  0%| F|  |TAMS 0x00000000c0700000, 0x00000000c0700000| Untracked 
| 520|0x00000000c0800000, 0x00000000c0800000, 0x00000000c0900000|  0%| F|  |TAMS 0x00000000c0800000, 0x00000000c0800000| Untracked 
| 521|0x00000000c0900000, 0x00000000c0900000, 0x00000000c0a00000|  0%| F|  |TAMS 0x00000000c0900000, 0x00000000c0900000| Untracked 
| 522|0x00000000c0a00000, 0x00000000c0a00000, 0x00000000c0b00000|  0%| F|  |TAMS 0x00000000c0a00000, 0x00000000c0a00000| Untracked 
| 523|0x00000000c0b00000, 0x00000000c0b00000, 0x00000000c0c00000|  0%| F|  |TAMS 0x00000000c0b00000, 0x00000000c0b00000| Untracked 
| 524|0x00000000c0c00000, 0x00000000c0c00000, 0x00000000c0d00000|  0%| F|  |TAMS 0x00000000c0c00000, 0x00000000c0c00000| Untracked 
| 525|0x00000000c0d00000, 0x00000000c0d00000, 0x00000000c0e00000|  0%| F|  |TAMS 0x00000000c0d00000, 0x00000000c0d00000| Untracked 
| 526|0x00000000c0e00000, 0x00000000c0e00000, 0x00000000c0f00000|  0%| F|  |TAMS 0x00000000c0e00000, 0x00000000c0e00000| Untracked 
| 527|0x00000000c0f00000, 0x00000000c0f00000, 0x00000000c1000000|  0%| F|  |TAMS 0x00000000c0f00000, 0x00000000c0f00000| Untracked 
| 528|0x00000000c1000000, 0x00000000c1000000, 0x00000000c1100000|  0%| F|  |TAMS 0x00000000c1000000, 0x00000000c1000000| Untracked 
| 529|0x00000000c1100000, 0x00000000c1100000, 0x00000000c1200000|  0%| F|  |TAMS 0x00000000c1100000, 0x00000000c1100000| Untracked 
| 530|0x00000000c1200000, 0x00000000c1200000, 0x00000000c1300000|  0%| F|  |TAMS 0x00000000c1200000, 0x00000000c1200000| Untracked 
| 531|0x00000000c1300000, 0x00000000c1300000, 0x00000000c1400000|  0%| F|  |TAMS 0x00000000c1300000, 0x00000000c1300000| Untracked 
| 532|0x00000000c1400000, 0x00000000c1400000, 0x00000000c1500000|  0%| F|  |TAMS 0x00000000c1400000, 0x00000000c1400000| Untracked 
| 533|0x00000000c1500000, 0x00000000c1500000, 0x00000000c1600000|  0%| F|  |TAMS 0x00000000c1500000, 0x00000000c1500000| Untracked 
| 534|0x00000000c1600000, 0x00000000c1600000, 0x00000000c1700000|  0%| F|  |TAMS 0x00000000c1600000, 0x00000000c1600000| Untracked 
| 535|0x00000000c1700000, 0x00000000c1700000, 0x00000000c1800000|  0%| F|  |TAMS 0x00000000c1700000, 0x00000000c1700000| Untracked 
| 536|0x00000000c1800000, 0x00000000c1800000, 0x00000000c1900000|  0%| F|  |TAMS 0x00000000c1800000, 0x00000000c1800000| Untracked 
| 537|0x00000000c1900000, 0x00000000c1900000, 0x00000000c1a00000|  0%| F|  |TAMS 0x00000000c1900000, 0x00000000c1900000| Untracked 
| 538|0x00000000c1a00000, 0x00000000c1a00000, 0x00000000c1b00000|  0%| F|  |TAMS 0x00000000c1a00000, 0x00000000c1a00000| Untracked 
| 539|0x00000000c1b00000, 0x00000000c1b00000, 0x00000000c1c00000|  0%| F|  |TAMS 0x00000000c1b00000, 0x00000000c1b00000| Untracked 
| 540|0x00000000c1c00000, 0x00000000c1c00000, 0x00000000c1d00000|  0%| F|  |TAMS 0x00000000c1c00000, 0x00000000c1c00000| Untracked 
| 541|0x00000000c1d00000, 0x00000000c1d00000, 0x00000000c1e00000|  0%| F|  |TAMS 0x00000000c1d00000, 0x00000000c1d00000| Untracked 
| 542|0x00000000c1e00000, 0x00000000c1e00000, 0x00000000c1f00000|  0%| F|  |TAMS 0x00000000c1e00000, 0x00000000c1e00000| Untracked 
| 543|0x00000000c1f00000, 0x00000000c1f00000, 0x00000000c2000000|  0%| F|  |TAMS 0x00000000c1f00000, 0x00000000c1f00000| Untracked 
| 544|0x00000000c2000000, 0x00000000c2000000, 0x00000000c2100000|  0%| F|  |TAMS 0x00000000c2000000, 0x00000000c2000000| Untracked 
| 545|0x00000000c2100000, 0x00000000c2100000, 0x00000000c2200000|  0%| F|  |TAMS 0x00000000c2100000, 0x00000000c2100000| Untracked 
| 546|0x00000000c2200000, 0x00000000c2200000, 0x00000000c2300000|  0%| F|  |TAMS 0x00000000c2200000, 0x00000000c2200000| Untracked 
| 547|0x00000000c2300000, 0x00000000c2300000, 0x00000000c2400000|  0%| F|  |TAMS 0x00000000c2300000, 0x00000000c2300000| Untracked 
| 548|0x00000000c2400000, 0x00000000c2400000, 0x00000000c2500000|  0%| F|  |TAMS 0x00000000c2400000, 0x00000000c2400000| Untracked 
| 549|0x00000000c2500000, 0x00000000c2500000, 0x00000000c2600000|  0%| F|  |TAMS 0x00000000c2500000, 0x00000000c2500000| Untracked 
| 550|0x00000000c2600000, 0x00000000c2600000, 0x00000000c2700000|  0%| F|  |TAMS 0x00000000c2600000, 0x00000000c2600000| Untracked 
| 551|0x00000000c2700000, 0x00000000c2700000, 0x00000000c2800000|  0%| F|  |TAMS 0x00000000c2700000, 0x00000000c2700000| Untracked 
| 552|0x00000000c2800000, 0x00000000c2800000, 0x00000000c2900000|  0%| F|  |TAMS 0x00000000c2800000, 0x00000000c2800000| Untracked 
| 553|0x00000000c2900000, 0x00000000c2900000, 0x00000000c2a00000|  0%| F|  |TAMS 0x00000000c2900000, 0x00000000c2900000| Untracked 
| 554|0x00000000c2a00000, 0x00000000c2a00000, 0x00000000c2b00000|  0%| F|  |TAMS 0x00000000c2a00000, 0x00000000c2a00000| Untracked 
| 555|0x00000000c2b00000, 0x00000000c2b00000, 0x00000000c2c00000|  0%| F|  |TAMS 0x00000000c2b00000, 0x00000000c2b00000| Untracked 
| 556|0x00000000c2c00000, 0x00000000c2c00000, 0x00000000c2d00000|  0%| F|  |TAMS 0x00000000c2c00000, 0x00000000c2c00000| Untracked 
| 557|0x00000000c2d00000, 0x00000000c2d00000, 0x00000000c2e00000|  0%| F|  |TAMS 0x00000000c2d00000, 0x00000000c2d00000| Untracked 
| 558|0x00000000c2e00000, 0x00000000c2e00000, 0x00000000c2f00000|  0%| F|  |TAMS 0x00000000c2e00000, 0x00000000c2e00000| Untracked 
| 559|0x00000000c2f00000, 0x00000000c2f00000, 0x00000000c3000000|  0%| F|  |TAMS 0x00000000c2f00000, 0x00000000c2f00000| Untracked 
| 560|0x00000000c3000000, 0x00000000c3000000, 0x00000000c3100000|  0%| F|  |TAMS 0x00000000c3000000, 0x00000000c3000000| Untracked 
| 561|0x00000000c3100000, 0x00000000c3100000, 0x00000000c3200000|  0%| F|  |TAMS 0x00000000c3100000, 0x00000000c3100000| Untracked 
| 562|0x00000000c3200000, 0x00000000c3200000, 0x00000000c3300000|  0%| F|  |TAMS 0x00000000c3200000, 0x00000000c3200000| Untracked 
| 563|0x00000000c3300000, 0x00000000c3300000, 0x00000000c3400000|  0%| F|  |TAMS 0x00000000c3300000, 0x00000000c3300000| Untracked 
| 564|0x00000000c3400000, 0x00000000c3400000, 0x00000000c3500000|  0%| F|  |TAMS 0x00000000c3400000, 0x00000000c3400000| Untracked 
| 565|0x00000000c3500000, 0x00000000c3500000, 0x00000000c3600000|  0%| F|  |TAMS 0x00000000c3500000, 0x00000000c3500000| Untracked 
| 566|0x00000000c3600000, 0x00000000c3600000, 0x00000000c3700000|  0%| F|  |TAMS 0x00000000c3600000, 0x00000000c3600000| Untracked 
| 567|0x00000000c3700000, 0x00000000c3700000, 0x00000000c3800000|  0%| F|  |TAMS 0x00000000c3700000, 0x00000000c3700000| Untracked 
| 568|0x00000000c3800000, 0x00000000c3800000, 0x00000000c3900000|  0%| F|  |TAMS 0x00000000c3800000, 0x00000000c3800000| Untracked 
| 569|0x00000000c3900000, 0x00000000c3900000, 0x00000000c3a00000|  0%| F|  |TAMS 0x00000000c3900000, 0x00000000c3900000| Untracked 
| 570|0x00000000c3a00000, 0x00000000c3a00000, 0x00000000c3b00000|  0%| F|  |TAMS 0x00000000c3a00000, 0x00000000c3a00000| Untracked 
| 571|0x00000000c3b00000, 0x00000000c3b00000, 0x00000000c3c00000|  0%| F|  |TAMS 0x00000000c3b00000, 0x00000000c3b00000| Untracked 
| 572|0x00000000c3c00000, 0x00000000c3c00000, 0x00000000c3d00000|  0%| F|  |TAMS 0x00000000c3c00000, 0x00000000c3c00000| Untracked 
| 573|0x00000000c3d00000, 0x00000000c3d00000, 0x00000000c3e00000|  0%| F|  |TAMS 0x00000000c3d00000, 0x00000000c3d00000| Untracked 
| 574|0x00000000c3e00000, 0x00000000c3ea4610, 0x00000000c3f00000| 64%| E|  |TAMS 0x00000000c3e00000, 0x00000000c3e00000| Complete 
| 575|0x00000000c3f00000, 0x00000000c4000000, 0x00000000c4000000|100%| E|CS|TAMS 0x00000000c3f00000, 0x00000000c3f00000| Complete 
| 576|0x00000000c4000000, 0x00000000c4100000, 0x00000000c4100000|100%| E|CS|TAMS 0x00000000c4000000, 0x00000000c4000000| Complete 
| 577|0x00000000c4100000, 0x00000000c4200000, 0x00000000c4200000|100%| E|CS|TAMS 0x00000000c4100000, 0x00000000c4100000| Complete 
| 578|0x00000000c4200000, 0x00000000c4300000, 0x00000000c4300000|100%| E|CS|TAMS 0x00000000c4200000, 0x00000000c4200000| Complete 
| 579|0x00000000c4300000, 0x00000000c4400000, 0x00000000c4400000|100%| E|CS|TAMS 0x00000000c4300000, 0x00000000c4300000| Complete 
| 580|0x00000000c4400000, 0x00000000c4500000, 0x00000000c4500000|100%| E|CS|TAMS 0x00000000c4400000, 0x00000000c4400000| Complete 
| 581|0x00000000c4500000, 0x00000000c4600000, 0x00000000c4600000|100%| E|CS|TAMS 0x00000000c4500000, 0x00000000c4500000| Complete 
| 582|0x00000000c4600000, 0x00000000c4700000, 0x00000000c4700000|100%| E|CS|TAMS 0x00000000c4600000, 0x00000000c4600000| Complete 
| 583|0x00000000c4700000, 0x00000000c4800000, 0x00000000c4800000|100%| E|CS|TAMS 0x00000000c4700000, 0x00000000c4700000| Complete 
| 584|0x00000000c4800000, 0x00000000c4900000, 0x00000000c4900000|100%| E|CS|TAMS 0x00000000c4800000, 0x00000000c4800000| Complete 
| 585|0x00000000c4900000, 0x00000000c4a00000, 0x00000000c4a00000|100%| E|  |TAMS 0x00000000c4900000, 0x00000000c4900000| Complete 
| 586|0x00000000c4a00000, 0x00000000c4b00000, 0x00000000c4b00000|100%| E|CS|TAMS 0x00000000c4a00000, 0x00000000c4a00000| Complete 
| 587|0x00000000c4b00000, 0x00000000c4c00000, 0x00000000c4c00000|100%| E|CS|TAMS 0x00000000c4b00000, 0x00000000c4b00000| Complete 
| 588|0x00000000c4c00000, 0x00000000c4d00000, 0x00000000c4d00000|100%| E|CS|TAMS 0x00000000c4c00000, 0x00000000c4c00000| Complete 
| 589|0x00000000c4d00000, 0x00000000c4e00000, 0x00000000c4e00000|100%| E|CS|TAMS 0x00000000c4d00000, 0x00000000c4d00000| Complete 
| 590|0x00000000c4e00000, 0x00000000c4f00000, 0x00000000c4f00000|100%| E|CS|TAMS 0x00000000c4e00000, 0x00000000c4e00000| Complete 
| 591|0x00000000c4f00000, 0x00000000c5000000, 0x00000000c5000000|100%| E|CS|TAMS 0x00000000c4f00000, 0x00000000c4f00000| Complete 
| 592|0x00000000c5000000, 0x00000000c5100000, 0x00000000c5100000|100%| E|CS|TAMS 0x00000000c5000000, 0x00000000c5000000| Complete 
| 593|0x00000000c5100000, 0x00000000c5200000, 0x00000000c5200000|100%| E|CS|TAMS 0x00000000c5100000, 0x00000000c5100000| Complete 
| 594|0x00000000c5200000, 0x00000000c5300000, 0x00000000c5300000|100%| E|CS|TAMS 0x00000000c5200000, 0x00000000c5200000| Complete 
| 595|0x00000000c5300000, 0x00000000c5400000, 0x00000000c5400000|100%| E|CS|TAMS 0x00000000c5300000, 0x00000000c5300000| Complete 
| 596|0x00000000c5400000, 0x00000000c5500000, 0x00000000c5500000|100%| E|CS|TAMS 0x00000000c5400000, 0x00000000c5400000| Complete 
| 597|0x00000000c5500000, 0x00000000c5600000, 0x00000000c5600000|100%| E|CS|TAMS 0x00000000c5500000, 0x00000000c5500000| Complete 
| 598|0x00000000c5600000, 0x00000000c5700000, 0x00000000c5700000|100%| E|CS|TAMS 0x00000000c5600000, 0x00000000c5600000| Complete 
| 599|0x00000000c5700000, 0x00000000c5800000, 0x00000000c5800000|100%| E|CS|TAMS 0x00000000c5700000, 0x00000000c5700000| Complete 
| 600|0x00000000c5800000, 0x00000000c5900000, 0x00000000c5900000|100%| E|CS|TAMS 0x00000000c5800000, 0x00000000c5800000| Complete 
| 601|0x00000000c5900000, 0x00000000c5a00000, 0x00000000c5a00000|100%| E|CS|TAMS 0x00000000c5900000, 0x00000000c5900000| Complete 
| 602|0x00000000c5a00000, 0x00000000c5b00000, 0x00000000c5b00000|100%| E|CS|TAMS 0x00000000c5a00000, 0x00000000c5a00000| Complete 
| 603|0x00000000c5b00000, 0x00000000c5c00000, 0x00000000c5c00000|100%| E|CS|TAMS 0x00000000c5b00000, 0x00000000c5b00000| Complete 
| 604|0x00000000c5c00000, 0x00000000c5d00000, 0x00000000c5d00000|100%| E|CS|TAMS 0x00000000c5c00000, 0x00000000c5c00000| Complete 
| 605|0x00000000c5d00000, 0x00000000c5e00000, 0x00000000c5e00000|100%| E|CS|TAMS 0x00000000c5d00000, 0x00000000c5d00000| Complete 
| 606|0x00000000c5e00000, 0x00000000c5f00000, 0x00000000c5f00000|100%| E|CS|TAMS 0x00000000c5e00000, 0x00000000c5e00000| Complete 
| 607|0x00000000c5f00000, 0x00000000c6000000, 0x00000000c6000000|100%| E|CS|TAMS 0x00000000c5f00000, 0x00000000c5f00000| Complete 
| 608|0x00000000c6000000, 0x00000000c6100000, 0x00000000c6100000|100%| E|CS|TAMS 0x00000000c6000000, 0x00000000c6000000| Complete 
| 609|0x00000000c6100000, 0x00000000c6200000, 0x00000000c6200000|100%| E|CS|TAMS 0x00000000c6100000, 0x00000000c6100000| Complete 
| 610|0x00000000c6200000, 0x00000000c6300000, 0x00000000c6300000|100%| E|CS|TAMS 0x00000000c6200000, 0x00000000c6200000| Complete 
| 611|0x00000000c6300000, 0x00000000c6400000, 0x00000000c6400000|100%| E|CS|TAMS 0x00000000c6300000, 0x00000000c6300000| Complete 
| 612|0x00000000c6400000, 0x00000000c6500000, 0x00000000c6500000|100%| E|CS|TAMS 0x00000000c6400000, 0x00000000c6400000| Complete 
| 613|0x00000000c6500000, 0x00000000c6600000, 0x00000000c6600000|100%| E|CS|TAMS 0x00000000c6500000, 0x00000000c6500000| Complete 

Card table byte_map: [0x000001c92f630000,0x000001c92f930000] _byte_map_base: 0x000001c92f130000

Marking Bits (Prev, Next): (CMBitMap*) 0x000001c9182dd880, (CMBitMap*) 0x000001c9182dd8c0
 Prev Bits: [0x000001c92fc30000, 0x000001c931430000)
 Next Bits: [0x000001c931430000, 0x000001c932c30000)

Polling page: 0x000001c9160d0000

Metaspace:

Usage:
  Non-class:    105.64 MB used.
      Class:     16.92 MB used.
       Both:    122.56 MB used.

Virtual space:
  Non-class space:      128.00 MB reserved,     106.69 MB ( 83%) committed,  2 nodes.
      Class space:        1.00 GB reserved,      17.81 MB (  2%) committed,  1 nodes.
             Both:        1.12 GB reserved,     124.50 MB ( 11%) committed. 

Chunk freelists:
   Non-Class:  5.25 MB
       Class:  14.13 MB
        Both:  19.38 MB

MaxMetaspaceSize: unlimited
CompressedClassSpaceSize: 1.00 GB
Initial GC threshold: 21.00 MB
Current GC threshold: 206.56 MB
CDS: on
MetaspaceReclaimPolicy: balanced
 - commit_granule_bytes: 65536.
 - commit_granule_words: 8192.
 - virtual_space_node_default_size: 8388608.
 - enlarge_chunks_in_place: 1.
 - new_chunks_are_fully_committed: 0.
 - uncommit_free_chunks: 1.
 - use_allocation_guard: 0.
 - handle_deallocations: 1.


Internal statistics:

num_allocs_failed_limit: 6.
num_arena_births: 2634.
num_arena_deaths: 0.
num_vsnodes_births: 3.
num_vsnodes_deaths: 0.
num_space_committed: 1992.
num_space_uncommitted: 0.
num_chunks_returned_to_freelist: 6.
num_chunks_taken_from_freelist: 8643.
num_chunk_merges: 6.
num_chunk_splits: 5291.
num_chunks_enlarged: 2977.
num_inconsistent_stats: 0.

CodeHeap 'non-profiled nmethods': size=120000Kb used=14926Kb max_used=14926Kb free=105073Kb
 bounds [0x000001c9278a0000, 0x000001c928740000, 0x000001c92edd0000]
CodeHeap 'profiled nmethods': size=120000Kb used=33749Kb max_used=33749Kb free=86250Kb
 bounds [0x000001c91fdd0000, 0x000001c921ed0000, 0x000001c927300000]
CodeHeap 'non-nmethods': size=5760Kb used=2502Kb max_used=2563Kb free=3257Kb
 bounds [0x000001c927300000, 0x000001c927590000, 0x000001c9278a0000]
 total_blobs=18730 nmethods=17682 adapters=959
 compilation: enabled
              stopped_count=0, restarted_count=0
 full_count=0

Compilation events (20 events):
Event: 56.323 Thread 0x000001c9358ba600 21400       3       org.gradle.api.internal.artifacts.ivyservice.modulecache.artifacts.DefaultCachedArtifact::<init> (28 bytes)
Event: 56.324 Thread 0x000001c9358ba600 nmethod 21400 0x000001c921eb9310 code [0x000001c921eb94c0, 0x000001c921eb97b8]
Event: 56.324 Thread 0x000001c9358ba600 21405       2       org.gradle.internal.resource.cached.AbstractCachedIndex::lookup (55 bytes)
Event: 56.325 Thread 0x000001c9358ba600 nmethod 21405 0x000001c921eb9890 code [0x000001c921eb9aa0, 0x000001c921eb9f18]
Event: 56.341 Thread 0x000001c9358ba600 21406       3       org.gradle.internal.snapshot.AbstractIncompleteFileSystemNode::store (43 bytes)
Event: 56.342 Thread 0x000001c9358ba600 nmethod 21406 0x000001c921eba210 code [0x000001c921eba400, 0x000001c921eba9b8]
Event: 56.352 Thread 0x000001c9358ba600 21407       2       org.gradle.api.internal.file.FilteredFileCollection$$Lambda$994/0x000001c9377019d8::apply (14 bytes)
Event: 56.352 Thread 0x000001c9358ba600 nmethod 21407 0x000001c921ebab90 code [0x000001c921ebad40, 0x000001c921ebaea8]
Event: 56.365 Thread 0x000001c9358ba600 21408       2       org.gradle.api.internal.artifacts.transform.TransformUpstreamDependenciesResolver$$Lambda$1799/0x000001c937af5ac8::dependenciesFor (6 bytes)
Event: 56.365 Thread 0x000001c9358ba600 nmethod 21408 0x000001c921ebaf90 code [0x000001c921ebb120, 0x000001c921ebb238]
Event: 56.365 Thread 0x000001c9358ba600 21409       2       org.gradle.api.internal.artifacts.transform.TransformUpstreamDependenciesResolver::lambda$static$0 (4 bytes)
Event: 56.366 Thread 0x000001c9358ba600 nmethod 21409 0x000001c920efd090 code [0x000001c920efd220, 0x000001c920efd318]
Event: 56.384 Thread 0x000001c9358ba600 21411       2       com.google.common.collect.AbstractMapEntry::hashCode (36 bytes)
Event: 56.384 Thread 0x000001c9358ba600 nmethod 21411 0x000001c921ebb310 code [0x000001c921ebb4e0, 0x000001c921ebb6d8]
Event: 56.398 Thread 0x000001c9358ba600 21417       2       kotlin.io.FilesKt__UtilsKt::resolve (130 bytes)
Event: 56.400 Thread 0x000001c9358ba600 nmethod 21417 0x000001c921ebb810 code [0x000001c921ebbb60, 0x000001c921ebc6e8]
Event: 56.400 Thread 0x000001c9358ba600 21418       2       kotlin.io.FilesKt__FilePathComponentsKt::isRooted (28 bytes)
Event: 56.401 Thread 0x000001c9358ba600 nmethod 21418 0x000001c921ebce90 code [0x000001c921ebd080, 0x000001c921ebd378]
Event: 56.416 Thread 0x000001c9358ba600 21419       3       org.gradle.internal.snapshot.VfsRelativePath::lengthOfCommonPrefix (173 bytes)
Event: 56.419 Thread 0x000001c9358ba600 nmethod 21419 0x000001c921ebd590 code [0x000001c921ebd9c0, 0x000001c921ebfb48]

GC Heap History (20 events):
Event: 50.183 GC heap before
{Heap before GC invocations=121 (full 0):
 garbage-first heap   total 424960K, used 383117K [0x00000000a0000000, 0x0000000100000000)
  region size 1024K, 20 young (20480K), 3 survivors (3072K)
 Metaspace       used 124382K, committed 126336K, reserved 1179648K
  class space    used 17205K, committed 18048K, reserved 1048576K
}
Event: 50.187 GC heap after
{Heap after GC invocations=122 (full 0):
 garbage-first heap   total 424960K, used 368811K [0x00000000a0000000, 0x0000000100000000)
  region size 1024K, 3 young (3072K), 3 survivors (3072K)
 Metaspace       used 124382K, committed 126336K, reserved 1179648K
  class space    used 17205K, committed 18048K, reserved 1048576K
}
Event: 51.052 GC heap before
{Heap before GC invocations=122 (full 0):
 garbage-first heap   total 424960K, used 386219K [0x00000000a0000000, 0x0000000100000000)
  region size 1024K, 20 young (20480K), 3 survivors (3072K)
 Metaspace       used 124839K, committed 126848K, reserved 1179648K
  class space    used 17271K, committed 18176K, reserved 1048576K
}
Event: 51.057 GC heap after
{Heap after GC invocations=123 (full 0):
 garbage-first heap   total 424960K, used 371389K [0x00000000a0000000, 0x0000000100000000)
  region size 1024K, 3 young (3072K), 3 survivors (3072K)
 Metaspace       used 124839K, committed 126848K, reserved 1179648K
  class space    used 17271K, committed 18176K, reserved 1048576K
}
Event: 51.236 GC heap before
{Heap before GC invocations=123 (full 0):
 garbage-first heap   total 424960K, used 387773K [0x00000000a0000000, 0x0000000100000000)
  region size 1024K, 20 young (20480K), 3 survivors (3072K)
 Metaspace       used 124888K, committed 126912K, reserved 1179648K
  class space    used 17279K, committed 18176K, reserved 1048576K
}
Event: 51.240 GC heap after
{Heap after GC invocations=124 (full 0):
 garbage-first heap   total 424960K, used 374511K [0x00000000a0000000, 0x0000000100000000)
  region size 1024K, 3 young (3072K), 3 survivors (3072K)
 Metaspace       used 124888K, committed 126912K, reserved 1179648K
  class space    used 17279K, committed 18176K, reserved 1048576K
}
Event: 51.366 GC heap before
{Heap before GC invocations=124 (full 0):
 garbage-first heap   total 424960K, used 391919K [0x00000000a0000000, 0x0000000100000000)
  region size 1024K, 20 young (20480K), 3 survivors (3072K)
 Metaspace       used 124888K, committed 126912K, reserved 1179648K
  class space    used 17279K, committed 18176K, reserved 1048576K
}
Event: 51.369 GC heap after
{Heap after GC invocations=125 (full 0):
 garbage-first heap   total 424960K, used 375180K [0x00000000a0000000, 0x0000000100000000)
  region size 1024K, 3 young (3072K), 3 survivors (3072K)
 Metaspace       used 124888K, committed 126912K, reserved 1179648K
  class space    used 17279K, committed 18176K, reserved 1048576K
}
Event: 51.482 GC heap before
{Heap before GC invocations=125 (full 0):
 garbage-first heap   total 424960K, used 391564K [0x00000000a0000000, 0x0000000100000000)
  region size 1024K, 20 young (20480K), 3 survivors (3072K)
 Metaspace       used 124888K, committed 126912K, reserved 1179648K
  class space    used 17279K, committed 18176K, reserved 1048576K
}
Event: 51.486 GC heap after
{Heap after GC invocations=126 (full 0):
 garbage-first heap   total 424960K, used 375536K [0x00000000a0000000, 0x0000000100000000)
  region size 1024K, 3 young (3072K), 3 survivors (3072K)
 Metaspace       used 124888K, committed 126912K, reserved 1179648K
  class space    used 17279K, committed 18176K, reserved 1048576K
}
Event: 51.630 GC heap before
{Heap before GC invocations=126 (full 0):
 garbage-first heap   total 628736K, used 391920K [0x00000000a0000000, 0x0000000100000000)
  region size 1024K, 20 young (20480K), 3 survivors (3072K)
 Metaspace       used 124888K, committed 126912K, reserved 1179648K
  class space    used 17279K, committed 18176K, reserved 1048576K
}
Event: 51.634 GC heap after
{Heap after GC invocations=127 (full 0):
 garbage-first heap   total 628736K, used 375812K [0x00000000a0000000, 0x0000000100000000)
  region size 1024K, 3 young (3072K), 3 survivors (3072K)
 Metaspace       used 124888K, committed 126912K, reserved 1179648K
  class space    used 17279K, committed 18176K, reserved 1048576K
}
Event: 52.352 GC heap before
{Heap before GC invocations=128 (full 0):
 garbage-first heap   total 628736K, used 515076K [0x00000000a0000000, 0x0000000100000000)
  region size 1024K, 140 young (143360K), 3 survivors (3072K)
 Metaspace       used 124889K, committed 126912K, reserved 1179648K
  class space    used 17279K, committed 18176K, reserved 1048576K
}
Event: 52.358 GC heap after
{Heap after GC invocations=129 (full 0):
 garbage-first heap   total 628736K, used 377966K [0x00000000a0000000, 0x0000000100000000)
  region size 1024K, 5 young (5120K), 5 survivors (5120K)
 Metaspace       used 124889K, committed 126912K, reserved 1179648K
  class space    used 17279K, committed 18176K, reserved 1048576K
}
Event: 52.556 GC heap before
{Heap before GC invocations=129 (full 0):
 garbage-first heap   total 628736K, used 403566K [0x00000000a0000000, 0x0000000100000000)
  region size 1024K, 30 young (30720K), 5 survivors (5120K)
 Metaspace       used 124889K, committed 126912K, reserved 1179648K
  class space    used 17279K, committed 18176K, reserved 1048576K
}
Event: 52.568 GC heap after
{Heap after GC invocations=130 (full 0):
 garbage-first heap   total 628736K, used 365950K [0x00000000a0000000, 0x0000000100000000)
  region size 1024K, 4 young (4096K), 4 survivors (4096K)
 Metaspace       used 124889K, committed 126912K, reserved 1179648K
  class space    used 17279K, committed 18176K, reserved 1048576K
}
Event: 54.764 GC heap before
{Heap before GC invocations=130 (full 0):
 garbage-first heap   total 628736K, used 530814K [0x00000000a0000000, 0x0000000100000000)
  region size 1024K, 166 young (169984K), 4 survivors (4096K)
 Metaspace       used 125179K, committed 127232K, reserved 1179648K
  class space    used 17295K, committed 18240K, reserved 1048576K
}
Event: 54.771 GC heap after
{Heap after GC invocations=131 (full 0):
 garbage-first heap   total 628736K, used 371634K [0x00000000a0000000, 0x0000000100000000)
  region size 1024K, 9 young (9216K), 9 survivors (9216K)
 Metaspace       used 125179K, committed 127232K, reserved 1179648K
  class space    used 17295K, committed 18240K, reserved 1048576K
}
Event: 56.303 GC heap before
{Heap before GC invocations=131 (full 0):
 garbage-first heap   total 628736K, used 533426K [0x00000000a0000000, 0x0000000100000000)
  region size 1024K, 168 young (172032K), 9 survivors (9216K)
 Metaspace       used 125447K, committed 127488K, reserved 1179648K
  class space    used 17319K, committed 18240K, reserved 1048576K
}
Event: 56.312 GC heap after
{Heap after GC invocations=132 (full 0):
 garbage-first heap   total 628736K, used 375935K [0x00000000a0000000, 0x0000000100000000)
  region size 1024K, 13 young (13312K), 13 survivors (13312K)
 Metaspace       used 125447K, committed 127488K, reserved 1179648K
  class space    used 17319K, committed 18240K, reserved 1048576K
}

Dll operation events (15 events):
Event: 0.015 Loaded shared library C:\Program Files\Microsoft\jdk-17.0.15.6-hotspot\bin\java.dll
Event: 0.032 Loaded shared library C:\Program Files\Microsoft\jdk-17.0.15.6-hotspot\bin\jsvml.dll
Event: 0.077 Loaded shared library C:\Program Files\Microsoft\jdk-17.0.15.6-hotspot\bin\zip.dll
Event: 0.081 Loaded shared library C:\Program Files\Microsoft\jdk-17.0.15.6-hotspot\bin\instrument.dll
Event: 0.086 Loaded shared library C:\Program Files\Microsoft\jdk-17.0.15.6-hotspot\bin\net.dll
Event: 0.088 Loaded shared library C:\Program Files\Microsoft\jdk-17.0.15.6-hotspot\bin\nio.dll
Event: 0.090 Loaded shared library C:\Program Files\Microsoft\jdk-17.0.15.6-hotspot\bin\zip.dll
Event: 0.376 Loaded shared library C:\Program Files\Microsoft\jdk-17.0.15.6-hotspot\bin\jimage.dll
Event: 0.533 Loaded shared library C:\Program Files\Microsoft\jdk-17.0.15.6-hotspot\bin\verify.dll
Event: 0.670 Loaded shared library C:\Users\HP\.gradle\native\1def1411415f61bf3af743bc5b6707747c0891f09f0c88961ee8f79bc544acac\windows-amd64\native-platform.dll
Event: 0.704 Loaded shared library C:\Users\HP\.gradle\native\0.2.7\x86_64-windows-gnu\gradle-fileevents.dll
Event: 2.033 Loaded shared library C:\Program Files\Microsoft\jdk-17.0.15.6-hotspot\bin\management.dll
Event: 2.035 Loaded shared library C:\Program Files\Microsoft\jdk-17.0.15.6-hotspot\bin\management_ext.dll
Event: 2.276 Loaded shared library C:\Program Files\Microsoft\jdk-17.0.15.6-hotspot\bin\extnet.dll
Event: 2.494 Loaded shared library C:\Program Files\Microsoft\jdk-17.0.15.6-hotspot\bin\sunmscapi.dll

Deoptimization events (20 events):
Event: 56.392 Thread 0x000001c97c293720 Uncommon trap: trap_request=0xffffffde fr.pc=0x000001c928288004 relative=0x0000000000004104
Event: 56.392 Thread 0x000001c97c293720 Uncommon trap: reason=class_check action=maybe_recompile pc=0x000001c928288004 method=org.gradle.api.internal.artifacts.ivyservice.resolveengine.strict.StrictVersionConstraints.contains(Lorg/gradle/api/artifacts/ModuleIdentifier;)Z @ 5 c2
Event: 56.392 Thread 0x000001c97c293720 DEOPT PACKING pc=0x000001c928288004 sp=0x000000af2d5f96a0
Event: 56.392 Thread 0x000001c97c293720 DEOPT UNPACKING pc=0x000001c9273569a3 sp=0x000000af2d5f9590 mode 2
Event: 56.392 Thread 0x000001c97c293720 Uncommon trap: trap_request=0xffffffde fr.pc=0x000001c928288004 relative=0x0000000000004104
Event: 56.392 Thread 0x000001c97c293720 Uncommon trap: reason=class_check action=maybe_recompile pc=0x000001c928288004 method=org.gradle.api.internal.artifacts.ivyservice.resolveengine.strict.StrictVersionConstraints.contains(Lorg/gradle/api/artifacts/ModuleIdentifier;)Z @ 5 c2
Event: 56.392 Thread 0x000001c97c293720 DEOPT PACKING pc=0x000001c928288004 sp=0x000000af2d5f96a0
Event: 56.392 Thread 0x000001c97c293720 DEOPT UNPACKING pc=0x000001c9273569a3 sp=0x000000af2d5f9590 mode 2
Event: 56.392 Thread 0x000001c97c293720 Uncommon trap: trap_request=0xffffffde fr.pc=0x000001c928288004 relative=0x0000000000004104
Event: 56.392 Thread 0x000001c97c293720 Uncommon trap: reason=class_check action=maybe_recompile pc=0x000001c928288004 method=org.gradle.api.internal.artifacts.ivyservice.resolveengine.strict.StrictVersionConstraints.contains(Lorg/gradle/api/artifacts/ModuleIdentifier;)Z @ 5 c2
Event: 56.392 Thread 0x000001c97c293720 DEOPT PACKING pc=0x000001c928288004 sp=0x000000af2d5f96a0
Event: 56.392 Thread 0x000001c97c293720 DEOPT UNPACKING pc=0x000001c9273569a3 sp=0x000000af2d5f9590 mode 2
Event: 56.392 Thread 0x000001c97c293720 Uncommon trap: trap_request=0xffffffde fr.pc=0x000001c928288004 relative=0x0000000000004104
Event: 56.392 Thread 0x000001c97c293720 Uncommon trap: reason=class_check action=maybe_recompile pc=0x000001c928288004 method=org.gradle.api.internal.artifacts.ivyservice.resolveengine.strict.StrictVersionConstraints.contains(Lorg/gradle/api/artifacts/ModuleIdentifier;)Z @ 5 c2
Event: 56.392 Thread 0x000001c97c293720 DEOPT PACKING pc=0x000001c928288004 sp=0x000000af2d5f96a0
Event: 56.392 Thread 0x000001c97c293720 DEOPT UNPACKING pc=0x000001c9273569a3 sp=0x000000af2d5f9590 mode 2
Event: 56.392 Thread 0x000001c97c293720 Uncommon trap: trap_request=0xffffffde fr.pc=0x000001c927fb39f4 relative=0x0000000000000a14
Event: 56.392 Thread 0x000001c97c293720 Uncommon trap: reason=class_check action=maybe_recompile pc=0x000001c927fb39f4 method=org.gradle.api.internal.artifacts.ivyservice.resolveengine.strict.StrictVersionConstraints.contains(Lorg/gradle/api/artifacts/ModuleIdentifier;)Z @ 5 c2
Event: 56.392 Thread 0x000001c97c293720 DEOPT PACKING pc=0x000001c927fb39f4 sp=0x000000af2d5f9670
Event: 56.392 Thread 0x000001c97c293720 DEOPT UNPACKING pc=0x000001c9273569a3 sp=0x000000af2d5f9580 mode 2

Classes loaded (20 events):
Event: 45.527 Loading class javax/xml/datatype/DatatypeConfigurationException
Event: 45.527 Loading class javax/xml/datatype/DatatypeConfigurationException done
Event: 45.529 Loading class jdk/internal/reflect/UnsafeBooleanFieldAccessorImpl
Event: 45.530 Loading class jdk/internal/reflect/UnsafeBooleanFieldAccessorImpl done
Event: 45.530 Loading class jdk/internal/reflect/UnsafeIntegerFieldAccessorImpl
Event: 45.530 Loading class jdk/internal/reflect/UnsafeIntegerFieldAccessorImpl done
Event: 45.810 Loading class java/io/CharArrayWriter
Event: 45.810 Loading class java/io/CharArrayWriter done
Event: 45.823 Loading class java/io/SequenceInputStream
Event: 45.824 Loading class java/io/SequenceInputStream done
Event: 45.842 Loading class java/util/function/IntUnaryOperator
Event: 45.842 Loading class java/util/function/IntUnaryOperator done
Event: 46.607 Loading class java/text/CalendarBuilder
Event: 46.607 Loading class java/text/CalendarBuilder done
Event: 46.619 Loading class javax/xml/transform/TransformerFactory
Event: 46.619 Loading class javax/xml/transform/TransformerFactory done
Event: 46.619 Loading class javax/xml/transform/sax/SAXTransformerFactory
Event: 46.619 Loading class javax/xml/transform/sax/SAXTransformerFactory done
Event: 47.430 Loading class java/io/NotSerializableException
Event: 47.430 Loading class java/io/NotSerializableException done

Classes unloaded (0 events):
No events

Classes redefined (0 events):
No events

Internal exceptions (20 events):
Event: 53.715 Thread 0x000001c97c293210 Exception <a 'sun/nio/fs/WindowsException'{0x00000000c150c678}> (0x00000000c150c678) 
thrown [s\src\hotspot\share\prims\jni.cpp, line 516]
Event: 53.738 Thread 0x000001c97fc4a700 Exception <a 'sun/nio/fs/WindowsException'{0x00000000c15dd590}> (0x00000000c15dd590) 
thrown [s\src\hotspot\share\prims\jni.cpp, line 516]
Event: 53.763 Thread 0x000001c97fc492c0 Exception <a 'sun/nio/fs/WindowsException'{0x00000000c14bcfa0}> (0x00000000c14bcfa0) 
thrown [s\src\hotspot\share\prims\jni.cpp, line 516]
Event: 53.797 Thread 0x000001c97fc492c0 Exception <a 'sun/nio/fs/WindowsException'{0x00000000c13a4c30}> (0x00000000c13a4c30) 
thrown [s\src\hotspot\share\prims\jni.cpp, line 516]
Event: 53.826 Thread 0x000001c97fc492c0 Exception <a 'sun/nio/fs/WindowsException'{0x00000000c129d0b8}> (0x00000000c129d0b8) 
thrown [s\src\hotspot\share\prims\jni.cpp, line 516]
Event: 53.845 Thread 0x000001c97fc4a1f0 Exception <a 'sun/nio/fs/WindowsException'{0x00000000c113d878}> (0x00000000c113d878) 
thrown [s\src\hotspot\share\prims\jni.cpp, line 516]
Event: 53.865 Thread 0x000001c97fc4a1f0 Exception <a 'sun/nio/fs/WindowsException'{0x00000000c1002820}> (0x00000000c1002820) 
thrown [s\src\hotspot\share\prims\jni.cpp, line 516]
Event: 53.913 Thread 0x000001c97fc488a0 Exception <a 'sun/nio/fs/WindowsException'{0x00000000c0f75ea0}> (0x00000000c0f75ea0) 
thrown [s\src\hotspot\share\prims\jni.cpp, line 516]
Event: 53.948 Thread 0x000001c97fc488a0 Exception <a 'sun/nio/fs/WindowsException'{0x00000000c0ed4728}> (0x00000000c0ed4728) 
thrown [s\src\hotspot\share\prims\jni.cpp, line 516]
Event: 53.972 Thread 0x000001c97fc488a0 Exception <a 'sun/nio/fs/WindowsException'{0x00000000c0da9600}> (0x00000000c0da9600) 
thrown [s\src\hotspot\share\prims\jni.cpp, line 516]
Event: 53.999 Thread 0x000001c97fc488a0 Exception <a 'sun/nio/fs/WindowsException'{0x00000000c0c7b628}> (0x00000000c0c7b628) 
thrown [s\src\hotspot\share\prims\jni.cpp, line 516]
Event: 55.344 Thread 0x000001c97c293210 Exception <a 'java/lang/NoSuchMethodError'{0x00000000c455e778}: static Lcom/android/build/gradle/internal/scope/InternalArtifactType;.<clinit>()V> (0x00000000c455e778) 
thrown [s\src\hotspot\share\prims\jni.cpp, line 1112]
Event: 55.344 Thread 0x000001c97c293210 Exception <a 'java/lang/NoSuchMethodError'{0x00000000c4560138}: static Lcom/android/build/gradle/internal/scope/InternalArtifactType;.<clinit>()V> (0x00000000c4560138) 
thrown [s\src\hotspot\share\prims\jni.cpp, line 1112]
Event: 55.344 Thread 0x000001c97c293210 Exception <a 'java/lang/NoSuchMethodError'{0x00000000c4563800}: static Lcom/android/build/api/artifact/Artifact$Single;.<clinit>()V> (0x00000000c4563800) 
thrown [s\src\hotspot\share\prims\jni.cpp, line 1112]
Event: 55.344 Thread 0x000001c97c293210 Exception <a 'java/lang/NoSuchMethodError'{0x00000000c4566050}: static Ljava/lang/Object;.<clinit>()V> (0x00000000c4566050) 
thrown [s\src\hotspot\share\prims\jni.cpp, line 1112]
Event: 55.346 Thread 0x000001c97c293210 Exception <a 'java/lang/NoSuchMethodError'{0x00000000c4582988}: static Lcom/android/build/api/artifact/ArtifactKind;.<clinit>()V> (0x00000000c4582988) 
thrown [s\src\hotspot\share\prims\jni.cpp, line 1112]
Event: 55.346 Thread 0x000001c97c293210 Exception <a 'java/lang/NoSuchMethodError'{0x00000000c4583de0}: static Lcom/android/build/api/artifact/ArtifactKind;.<clinit>()V> (0x00000000c4583de0) 
thrown [s\src\hotspot\share\prims\jni.cpp, line 1112]
Event: 55.348 Thread 0x000001c97c293210 Exception <a 'java/lang/NoSuchMethodError'{0x00000000c45977e8}: static Lcom/android/build/gradle/internal/scope/InternalArtifactType;.<clinit>()V> (0x00000000c45977e8) 
thrown [s\src\hotspot\share\prims\jni.cpp, line 1112]
Event: 55.784 Thread 0x000001c97c293210 Exception <a 'java/lang/NoSuchMethodError'{0x00000000bf9ec468}: static Ljava/lang/Object;.<clinit>()V> (0x00000000bf9ec468) 
thrown [s\src\hotspot\share\prims\jni.cpp, line 1112]
Event: 56.405 Thread 0x000001c97c293720 Exception <a 'java/lang/NoSuchMethodError'{0x00000000c59a6d98}: static Ljava/lang/Object;.<clinit>()V> (0x00000000c59a6d98) 
thrown [s\src\hotspot\share\prims\jni.cpp, line 1112]

VM Operations (20 events):
Event: 52.556 Executing VM operation: G1CollectForAllocation
Event: 52.568 Executing VM operation: G1CollectForAllocation done
Event: 53.359 Executing VM operation: HandshakeAllThreads
Event: 53.359 Executing VM operation: HandshakeAllThreads done
Event: 53.690 Executing VM operation: HandshakeAllThreads
Event: 53.690 Executing VM operation: HandshakeAllThreads done
Event: 53.690 Executing VM operation: Cleanup
Event: 53.690 Executing VM operation: Cleanup done
Event: 54.361 Executing VM operation: ICBufferFull
Event: 54.361 Executing VM operation: ICBufferFull done
Event: 54.764 Executing VM operation: G1CollectForAllocation
Event: 54.771 Executing VM operation: G1CollectForAllocation done
Event: 55.351 Executing VM operation: HandshakeAllThreads
Event: 55.352 Executing VM operation: HandshakeAllThreads done
Event: 55.740 Executing VM operation: ICBufferFull
Event: 55.740 Executing VM operation: ICBufferFull done
Event: 56.303 Executing VM operation: G1CollectForAllocation
Event: 56.312 Executing VM operation: G1CollectForAllocation done
Event: 57.315 Executing VM operation: Cleanup
Event: 57.315 Executing VM operation: Cleanup done

Memory protections (0 events):
No events

Nmethod flushes (20 events):
Event: 49.538 Thread 0x000001c9358bcf20 flushing  nmethod 0x000001c9213b1610
Event: 49.538 Thread 0x000001c9358bcf20 flushing  nmethod 0x000001c9213d2b10
Event: 49.538 Thread 0x000001c9358bcf20 flushing  nmethod 0x000001c921459b10
Event: 49.538 Thread 0x000001c9358bcf20 flushing  nmethod 0x000001c92146ad90
Event: 49.538 Thread 0x000001c9358bcf20 flushing  nmethod 0x000001c9214d8690
Event: 49.538 Thread 0x000001c9358bcf20 flushing  nmethod 0x000001c9214ef110
Event: 49.539 Thread 0x000001c9358bcf20 flushing  nmethod 0x000001c9214f6a90
Event: 49.539 Thread 0x000001c9358bcf20 flushing  nmethod 0x000001c9214fee90
Event: 49.539 Thread 0x000001c9358bcf20 flushing  nmethod 0x000001c921570490
Event: 49.540 Thread 0x000001c9358bcf20 flushing  nmethod 0x000001c921743790
Event: 49.540 Thread 0x000001c9358bcf20 flushing  nmethod 0x000001c921788110
Event: 49.540 Thread 0x000001c9358bcf20 flushing  nmethod 0x000001c92189f190
Event: 49.541 Thread 0x000001c9358bcf20 flushing  nmethod 0x000001c9218bfd90
Event: 49.541 Thread 0x000001c9358bcf20 flushing  nmethod 0x000001c9219a9790
Event: 49.541 Thread 0x000001c9358bcf20 flushing  nmethod 0x000001c9219aae90
Event: 49.541 Thread 0x000001c9358bcf20 flushing  nmethod 0x000001c9219acf90
Event: 49.542 Thread 0x000001c9358bcf20 flushing  nmethod 0x000001c921a5e510
Event: 49.542 Thread 0x000001c9358bcf20 flushing  nmethod 0x000001c921a70e10
Event: 49.542 Thread 0x000001c9358bcf20 flushing  nmethod 0x000001c921a7c410
Event: 53.695 Thread 0x000001c9358bcf20 flushing  nmethod 0x000001c927faeb90

Events (20 events):
Event: 42.156 Thread 0x000001c9358ba600 Thread added: 0x000001c90795c760
Event: 42.170 Thread 0x000001c9358ba600 Thread added: 0x000001c90795bcc0
Event: 42.594 Thread 0x000001c90795bcc0 Thread exited: 0x000001c90795bcc0
Event: 42.725 Thread 0x000001c90795c760 Thread exited: 0x000001c90795c760
Event: 42.996 Thread 0x000001c9358ba600 Thread added: 0x000001c90795bcc0
Event: 43.836 Thread 0x000001c90795bcc0 Thread exited: 0x000001c90795bcc0
Event: 43.924 Thread 0x000001c9358ba600 Thread added: 0x000001c907960720
Event: 44.650 Thread 0x000001c97c28e620 Thread added: 0x000001c900ad7f40
Event: 45.032 Thread 0x000001c907960720 Thread exited: 0x000001c907960720
Event: 45.342 Thread 0x000001c9358ba600 Thread added: 0x000001c9079621b0
Event: 46.296 Thread 0x000001c9079621b0 Thread exited: 0x000001c9079621b0
Event: 46.319 Thread 0x000001c9358ba600 Thread added: 0x000001c907961710
Event: 46.606 Thread 0x000001c907961710 Thread exited: 0x000001c907961710
Event: 47.194 Thread 0x000001c9358a8f90 Thread added: 0x000001c907960c70
Event: 50.271 Thread 0x000001c97fc4b120 Thread added: 0x000001c90bdbdac0
Event: 50.541 Thread 0x000001c907960c70 Thread exited: 0x000001c907960c70
Event: 50.808 Thread 0x000001c9358ba600 Thread added: 0x000001c907961c60
Event: 52.063 Thread 0x000001c907961c60 Thread exited: 0x000001c907961c60
Event: 53.334 Thread 0x000001c9358ba600 Thread added: 0x000001c907960c70
Event: 53.573 Thread 0x000001c9358ba600 Thread added: 0x000001c907961c60


Dynamic libraries:
0x00007ff73d600000 - 0x00007ff73d60e000 	C:\Program Files\Microsoft\jdk-17.0.15.6-hotspot\bin\java.exe
0x00007ff95a780000 - 0x00007ff95a9e7000 	C:\WINDOWS\SYSTEM32\ntdll.dll
0x00007ff9587c0000 - 0x00007ff958889000 	C:\WINDOWS\System32\KERNEL32.DLL
0x00007ff958120000 - 0x00007ff95850f000 	C:\WINDOWS\System32\KERNELBASE.dll
0x00007ff957d30000 - 0x00007ff957e7b000 	C:\WINDOWS\System32\ucrtbase.dll
0x00007ff918a00000 - 0x00007ff918a1d000 	C:\Program Files\Microsoft\jdk-17.0.15.6-hotspot\bin\VCRUNTIME140.dll
0x00007ff9173a0000 - 0x00007ff9173b7000 	C:\Program Files\Microsoft\jdk-17.0.15.6-hotspot\bin\jli.dll
0x00007ff958e90000 - 0x00007ff959055000 	C:\WINDOWS\System32\USER32.dll
0x00007ff957a50000 - 0x00007ff957a77000 	C:\WINDOWS\System32\win32u.dll
0x00007ff9589c0000 - 0x00007ff9589eb000 	C:\WINDOWS\System32\GDI32.dll
0x00007ff933dc0000 - 0x00007ff934053000 	C:\WINDOWS\WinSxS\amd64_microsoft.windows.common-controls_6595b64144ccf1df_6.0.26100.7309_none_3e05feeae336a044\COMCTL32.dll
0x00007ff957ff0000 - 0x00007ff95811c000 	C:\WINDOWS\System32\gdi32full.dll
0x00007ff957bd0000 - 0x00007ff957c73000 	C:\WINDOWS\System32\msvcp_win.dll
0x00007ff958710000 - 0x00007ff9587b9000 	C:\WINDOWS\System32\msvcrt.dll
0x00007ff95a1f0000 - 0x00007ff95a221000 	C:\WINDOWS\System32\IMM32.DLL
0x00007ff9331e0000 - 0x00007ff9331ec000 	C:\Program Files\Microsoft\jdk-17.0.15.6-hotspot\bin\vcruntime140_1.dll
0x00007ff90b360000 - 0x00007ff90b3ed000 	C:\Program Files\Microsoft\jdk-17.0.15.6-hotspot\bin\msvcp140.dll
0x00007ff8b32a0000 - 0x00007ff8b3f12000 	C:\Program Files\Microsoft\jdk-17.0.15.6-hotspot\bin\server\jvm.dll
0x00007ff959060000 - 0x00007ff959114000 	C:\WINDOWS\System32\ADVAPI32.dll
0x00007ff958d70000 - 0x00007ff958e16000 	C:\WINDOWS\System32\sechost.dll
0x00007ff9589f0000 - 0x00007ff958b08000 	C:\WINDOWS\System32\RPCRT4.dll
0x00007ff9599a0000 - 0x00007ff959a14000 	C:\WINDOWS\System32\WS2_32.dll
0x00007ff957730000 - 0x00007ff95778e000 	C:\WINDOWS\SYSTEM32\POWRPROF.dll
0x00007ff94df90000 - 0x00007ff94dfc5000 	C:\WINDOWS\SYSTEM32\WINMM.dll
0x00007ff943e50000 - 0x00007ff943e5b000 	C:\WINDOWS\SYSTEM32\VERSION.dll
0x00007ff957710000 - 0x00007ff957724000 	C:\WINDOWS\SYSTEM32\UMPDC.dll
0x00007ff956680000 - 0x00007ff95669b000 	C:\WINDOWS\SYSTEM32\kernel.appcore.dll
0x00007ff9308f0000 - 0x00007ff9308fa000 	C:\Program Files\Microsoft\jdk-17.0.15.6-hotspot\bin\jimage.dll
0x00007ff954f80000 - 0x00007ff9551c2000 	C:\WINDOWS\SYSTEM32\DBGHELP.DLL
0x00007ff959120000 - 0x00007ff9594a6000 	C:\WINDOWS\System32\combase.dll
0x00007ff958c80000 - 0x00007ff958d56000 	C:\WINDOWS\System32\OLEAUT32.dll
0x00007ff92eeb0000 - 0x00007ff92eeec000 	C:\WINDOWS\SYSTEM32\dbgcore.DLL
0x00007ff957c80000 - 0x00007ff957d25000 	C:\WINDOWS\System32\bcryptPrimitives.dll
0x00007ff94d060000 - 0x00007ff94d06e000 	C:\Program Files\Microsoft\jdk-17.0.15.6-hotspot\bin\instrument.dll
0x00007ff917370000 - 0x00007ff917395000 	C:\Program Files\Microsoft\jdk-17.0.15.6-hotspot\bin\java.dll
0x00007ff900770000 - 0x00007ff900846000 	C:\Program Files\Microsoft\jdk-17.0.15.6-hotspot\bin\jsvml.dll
0x00007ff959a90000 - 0x00007ff95a1e3000 	C:\WINDOWS\System32\SHELL32.dll
0x00007ff957e80000 - 0x00007ff957fea000 	C:\WINDOWS\System32\wintypes.dll
0x00007ff9554a0000 - 0x00007ff955cfe000 	C:\WINDOWS\SYSTEM32\windows.storage.dll
0x00007ff959520000 - 0x00007ff959615000 	C:\WINDOWS\System32\SHCORE.dll
0x00007ff959a20000 - 0x00007ff959a86000 	C:\WINDOWS\System32\shlwapi.dll
0x00007ff9577f0000 - 0x00007ff957819000 	C:\WINDOWS\SYSTEM32\profapi.dll
0x00007ff916f70000 - 0x00007ff916f88000 	C:\Program Files\Microsoft\jdk-17.0.15.6-hotspot\bin\zip.dll
0x00007ff916fb0000 - 0x00007ff916fca000 	C:\Program Files\Microsoft\jdk-17.0.15.6-hotspot\bin\net.dll
0x00007ff94e760000 - 0x00007ff94e888000 	C:\WINDOWS\SYSTEM32\WINHTTP.dll
0x00007ff956bf0000 - 0x00007ff956c5b000 	C:\WINDOWS\system32\mswsock.dll
0x00007ff916f90000 - 0x00007ff916fa6000 	C:\Program Files\Microsoft\jdk-17.0.15.6-hotspot\bin\nio.dll
0x00007ff9321d0000 - 0x00007ff9321e0000 	C:\Program Files\Microsoft\jdk-17.0.15.6-hotspot\bin\verify.dll
0x00007ff9342d0000 - 0x00007ff9342f7000 	C:\Users\HP\.gradle\native\1def1411415f61bf3af743bc5b6707747c0891f09f0c88961ee8f79bc544acac\windows-amd64\native-platform.dll
0x00007ff917180000 - 0x00007ff9171f8000 	C:\Users\HP\.gradle\native\0.2.7\x86_64-windows-gnu\gradle-fileevents.dll
0x00007ff910e10000 - 0x00007ff910e1a000 	C:\Program Files\Microsoft\jdk-17.0.15.6-hotspot\bin\management.dll
0x00007ff90f060000 - 0x00007ff90f06b000 	C:\Program Files\Microsoft\jdk-17.0.15.6-hotspot\bin\management_ext.dll
0x00007ff958700000 - 0x00007ff958708000 	C:\WINDOWS\System32\PSAPI.DLL
0x00007ff956040000 - 0x00007ff956074000 	C:\WINDOWS\SYSTEM32\IPHLPAPI.DLL
0x00007ff959510000 - 0x00007ff95951a000 	C:\WINDOWS\System32\NSI.dll
0x00007ff94f260000 - 0x00007ff94f27e000 	C:\WINDOWS\SYSTEM32\dhcpcsvc6.DLL
0x00007ff94f230000 - 0x00007ff94f253000 	C:\WINDOWS\SYSTEM32\dhcpcsvc.DLL
0x00007ff956090000 - 0x00007ff9561bc000 	C:\WINDOWS\SYSTEM32\DNSAPI.dll
0x00007ff8fe880000 - 0x00007ff8fe889000 	C:\Program Files\Microsoft\jdk-17.0.15.6-hotspot\bin\extnet.dll
0x00007ff956eb0000 - 0x00007ff956ecb000 	C:\WINDOWS\SYSTEM32\CRYPTSP.dll
0x00007ff9565e0000 - 0x00007ff95661a000 	C:\WINDOWS\system32\rsaenh.dll
0x00007ff956ca0000 - 0x00007ff956ccb000 	C:\WINDOWS\SYSTEM32\USERENV.dll
0x00007ff9577c0000 - 0x00007ff9577ea000 	C:\WINDOWS\SYSTEM32\bcrypt.dll
0x00007ff956ed0000 - 0x00007ff956edc000 	C:\WINDOWS\SYSTEM32\CRYPTBASE.dll
0x00007ff9004b0000 - 0x00007ff9004be000 	C:\Program Files\Microsoft\jdk-17.0.15.6-hotspot\bin\sunmscapi.dll
0x00007ff9578d0000 - 0x00007ff957a47000 	C:\WINDOWS\System32\CRYPT32.dll
0x00007ff9570d0000 - 0x00007ff957100000 	C:\WINDOWS\SYSTEM32\ncrypt.dll
0x00007ff957080000 - 0x00007ff9570bf000 	C:\WINDOWS\SYSTEM32\NTASN1.dll
0x00007ff90eba0000 - 0x00007ff90eba8000 	C:\WINDOWS\system32\wshunix.dll
0x00007ff94bc10000 - 0x00007ff94bc1b000 	C:\Windows\System32\rasadhlp.dll
0x00007ff94f480000 - 0x00007ff94f506000 	C:\WINDOWS\System32\fwpuclnt.dll

dbghelp: loaded successfully - version: 4.0.5 - missing functions: none
symbol engine: initialized successfully - sym options: 0x614 - pdb path: .;C:\Program Files\Microsoft\jdk-17.0.15.6-hotspot\bin;C:\WINDOWS\SYSTEM32;C:\WINDOWS\WinSxS\amd64_microsoft.windows.common-controls_6595b64144ccf1df_6.0.26100.7309_none_3e05feeae336a044;C:\Program Files\Microsoft\jdk-17.0.15.6-hotspot\bin\server;C:\Users\HP\.gradle\native\1def1411415f61bf3af743bc5b6707747c0891f09f0c88961ee8f79bc544acac\windows-amd64;C:\Users\HP\.gradle\native\0.2.7\x86_64-windows-gnu

VM Arguments:
jvm_args: --add-opens=java.base/java.lang=ALL-UNNAMED --add-opens=java.base/java.lang.invoke=ALL-UNNAMED --add-opens=java.base/java.util=ALL-UNNAMED --add-opens=java.prefs/java.util.prefs=ALL-UNNAMED --add-exports=jdk.compiler/com.sun.tools.javac.api=ALL-UNNAMED --add-exports=jdk.compiler/com.sun.tools.javac.util=ALL-UNNAMED --add-opens=java.base/java.util=ALL-UNNAMED --add-opens=java.prefs/java.util.prefs=ALL-UNNAMED --add-opens=java.base/java.nio.charset=ALL-UNNAMED --add-opens=java.base/java.net=ALL-UNNAMED --add-opens=java.base/java.util.concurrent.atomic=ALL-UNNAMED --add-opens=java.xml/javax.xml.namespace=ALL-UNNAMED -XX:+HeapDumpOnOutOfMemoryError -Xmx1536m -Dfile.encoding=UTF-8 -Duser.country=IN -Duser.language=en -Duser.variant -javaagent:C:\Users\HP\.gradle\wrapper\dists\gradle-8.14.1-bin\baw1sv0jfoi8rxs14qo3h49cs\gradle-8.14.1\lib\agents\gradle-instrumentation-agent-8.14.1.jar 
java_command: org.gradle.launcher.daemon.bootstrap.GradleDaemon 8.14.1
java_class_path (initial): C:\Users\HP\.gradle\wrapper\dists\gradle-8.14.1-bin\baw1sv0jfoi8rxs14qo3h49cs\gradle-8.14.1\lib\gradle-daemon-main-8.14.1.jar
Launcher Type: SUN_STANDARD

[Global flags]
     intx CICompilerCount                          = 4                                         {product} {ergonomic}
     uint ConcGCThreads                            = 3                                         {product} {ergonomic}
     uint G1ConcRefinementThreads                  = 10                                        {product} {ergonomic}
   size_t G1HeapRegionSize                         = 1048576                                   {product} {ergonomic}
    uintx GCDrainStackTargetSize                   = 64                                        {product} {ergonomic}
     bool HeapDumpOnOutOfMemoryError               = true                                   {manageable} {command line}
   size_t InitialHeapSize                          = 130023424                                 {product} {ergonomic}
   size_t MarkStackSize                            = 4194304                                   {product} {ergonomic}
   size_t MaxHeapSize                              = 1610612736                                {product} {command line}
   size_t MaxNewSize                               = 965738496                                 {product} {ergonomic}
   size_t MinHeapDeltaBytes                        = 1048576                                   {product} {ergonomic}
   size_t MinHeapSize                              = 8388608                                   {product} {ergonomic}
    uintx NonNMethodCodeHeapSize                   = 5839372                                {pd product} {ergonomic}
    uintx NonProfiledCodeHeapSize                  = 122909434                              {pd product} {ergonomic}
    uintx ProfiledCodeHeapSize                     = 122909434                              {pd product} {ergonomic}
    uintx ReservedCodeCacheSize                    = 251658240                              {pd product} {ergonomic}
     bool SegmentedCodeCache                       = true                                      {product} {ergonomic}
   size_t SoftMaxHeapSize                          = 1610612736                             {manageable} {ergonomic}
     bool UseCompressedClassPointers               = true                           {product lp64_product} {ergonomic}
     bool UseCompressedOops                        = true                           {product lp64_product} {ergonomic}
     bool UseG1GC                                  = true                                      {product} {ergonomic}
     bool UseLargePagesIndividualAllocation        = false                                  {pd product} {ergonomic}

Logging:
Log output configuration:
 #0: stdout all=warning uptime,level,tags
 #1: stderr all=off uptime,level,tags

Environment Variables:
JAVA_HOME=C:\Program Files\Microsoft\jdk-17.0.15.6-hotspot
PATH=D:\Parkitdemo\Updated-Sundukpay\node_modules\.bin;D:\Parkitdemo\Updated-Sundukpay\node_modules\.bin;D:\Parkitdemo\node_modules\.bin;D:\node_modules\.bin;C:\Program Files\nodejs\node_modules\npm\node_modules\@npmcli\run-script\lib\node-gyp-bin;C:\Program Files\Microsoft\jdk-17.0.15.6-hotspot\bin;C:\WINDOWS\system32;C:\WINDOWS;C:\WINDOWS\System32\Wbem;C:\WINDOWS\System32\WindowsPowerShell\v1.0\;C:\WINDOWS\System32\OpenSSH\;C:\Program Files\Git\cmd;C:\Program Files\dotnet\;C:\ProgramData\chocolatey\bin;C:\Program Files\nodejs\;C:\Users\HP\AppData\Local\Android\Sdk\platform-tools;C:\Users\HP\AppData\Local\Android\Sdk;C:\Users\HP\AppData\Local\Android\Sdk\emulator;;C:\Program Files\Docker\Docker\resources\bin;C:\Program Files\PuTTY\;C:\Program Files\MySQL\MySQL Shell 8.0\bin\;C:\Users\HP\AppData\Local\Microsoft\WindowsApps;C:\Users\HP\AppData\Local\Programs\Microsoft VS Code\bin;C:\Users\HP\AppData\Roaming\npm;C:\Users\HP\AppData\Local\Android\Sdk\platform-tools;C:\Users\HP\AppData\Local\Android\Sdk;C:\Users\HP\AppData\Local\Android\Sdk\emulator;c:\Users\HP\.vscode\extensions\vscjava.vscode-java-debug-0.58.5\bundled\scripts\noConfigScripts
USERNAME=HP
LANG=en_US.UTF-8
OS=Windows_NT
PROCESSOR_IDENTIFIER=Intel64 Family 6 Model 154 Stepping 4, GenuineIntel
TMP=C:\Users\HP\AppData\Local\Temp
TEMP=C:\Users\HP\AppData\Local\Temp



Periodic native trim disabled


---------------  S Y S T E M  ---------------

OS:
 Windows 11 , 64 bit Build 26100 (10.0.26100.7623)
OS uptime: 0 days 23:52 hours
Hyper-V role detected

CPU: total 12 (initial active 12) (6 cores per cpu, 2 threads per core) family 6 model 154 stepping 4 microcode 0x432, cx8, cmov, fxsr, ht, mmx, 3dnowpref, sse, sse2, sse3, ssse3, sse4.1, sse4.2, popcnt, lzcnt, tsc, tscinvbit, avx, avx2, aes, erms, clmul, bmi1, bmi2, adx, sha, fma, vzeroupper, clflush, clflushopt, clwb, hv
Processor Information for processor 0
  Max Mhz: 1300, Current Mhz: 1300, Mhz Limit: 1300
Processor Information for processor 1
  Max Mhz: 1300, Current Mhz: 1300, Mhz Limit: 1300
Processor Information for processor 2
  Max Mhz: 1300, Current Mhz: 1300, Mhz Limit: 1300
Processor Information for processor 3
  Max Mhz: 1300, Current Mhz: 1300, Mhz Limit: 1300
Processor Information for processor 4
  Max Mhz: 1300, Current Mhz: 900, Mhz Limit: 897
Processor Information for processor 5
  Max Mhz: 1300, Current Mhz: 900, Mhz Limit: 897
Processor Information for processor 6
  Max Mhz: 1300, Current Mhz: 900, Mhz Limit: 897
Processor Information for processor 7
  Max Mhz: 1300, Current Mhz: 900, Mhz Limit: 897
Processor Information for processor 8
  Max Mhz: 1300, Current Mhz: 900, Mhz Limit: 897
Processor Information for processor 9
  Max Mhz: 1300, Current Mhz: 900, Mhz Limit: 897
Processor Information for processor 10
  Max Mhz: 1300, Current Mhz: 900, Mhz Limit: 897
Processor Information for processor 11
  Max Mhz: 1300, Current Mhz: 900, Mhz Limit: 897

Memory: 4k page, system-wide physical 7835M (538M free)
TotalPageFile size 31387M (AvailPageFile size 29M)
current process WorkingSet (physical memory assigned to process): 896M, peak: 900M
current process commit charge ("private bytes"): 1131M, peak: 1139M

vm_info: OpenJDK 64-Bit Server VM (17.0.15+6-LTS) for windows-amd64 JRE (17.0.15+6-LTS), built on Apr  9 2025 22:27:25 by "MicrosoftCorporation" with unknown MS VC++:1939

END.
