#
# There is insufficient memory for the Java Runtime Environment to continue.
# Native memory allocation (malloc) failed to allocate 1470896 bytes. Error detail: Chunk::new
# Possible reasons:
#   The system is out of physical RAM or swap space
#   This process is running with CompressedOops enabled, and the Java Heap may be blocking the growth of the native heap
# Possible solutions:
#   Reduce memory load on the system
#   Increase physical memory or swap space
#   Check if swap backing store is full
#   Decrease Java heap size (-Xmx/-Xms)
#   Decrease number of Java threads
#   Decrease Java thread stack sizes (-Xss)
#   Set larger code cache with -XX:ReservedCodeCacheSize=
#   JVM is running with Zero Based Compressed Oops mode in which the Java heap is
#     placed in the first 32GB address space. The Java Heap base address is the
#     maximum limit for the native heap growth. Please use -XX:HeapBaseMinAddress
#     to set the Java Heap base and to place the Java Heap above 32GB virtual address.
# This output file may be truncated or incomplete.
#
#  Out of Memory Error (arena.cpp:191), pid=24284, tid=9420
#
# JRE version: OpenJDK Runtime Environment Microsoft-11369865 (17.0.15+6) (build 17.0.15+6-LTS)
# Java VM: OpenJDK 64-Bit Server VM Microsoft-11369865 (17.0.15+6-LTS, mixed mode, sharing, tiered, compressed oops, compressed class ptrs, g1 gc, windows-amd64)
# No core dump will be written. Minidumps are not enabled by default on client versions of Windows
#

---------------  S U M M A R Y ------------

Command Line: --add-opens=java.base/java.lang=ALL-UNNAMED --add-opens=java.base/java.lang.invoke=ALL-UNNAMED --add-opens=java.base/java.util=ALL-UNNAMED --add-opens=java.prefs/java.util.prefs=ALL-UNNAMED --add-exports=jdk.compiler/com.sun.tools.javac.api=ALL-UNNAMED --add-exports=jdk.compiler/com.sun.tools.javac.util=ALL-UNNAMED --add-opens=java.base/java.util=ALL-UNNAMED --add-opens=java.prefs/java.util.prefs=ALL-UNNAMED --add-opens=java.base/java.nio.charset=ALL-UNNAMED --add-opens=java.base/java.net=ALL-UNNAMED --add-opens=java.base/java.util.concurrent.atomic=ALL-UNNAMED --add-opens=java.xml/javax.xml.namespace=ALL-UNNAMED -XX:MaxMetaspaceSize=768m -XX:+HeapDumpOnOutOfMemoryError -Xmx3072m -Dfile.encoding=UTF-8 -Duser.country=IN -Duser.language=en -Duser.variant -javaagent:C:\Users\HP\.gradle\wrapper\dists\gradle-8.14.1-bin\baw1sv0jfoi8rxs14qo3h49cs\gradle-8.14.1\lib\agents\gradle-instrumentation-agent-8.14.1.jar org.gradle.launcher.daemon.bootstrap.GradleDaemon 8.14.1

Host: 12th Gen Intel(R) Core(TM) i5-1235U, 12 cores, 7G,  Windows 11 , 64 bit Build 26100 (10.0.26100.8115)
Time: Thu Apr 16 13:39:44 2026 India Standard Time elapsed time: 133.451684 seconds (0d 0h 2m 13s)

---------------  T H R E A D  ---------------

Current thread (0x000001a46a067020):  JavaThread "C2 CompilerThread0" daemon [_thread_in_native, id=9420, stack(0x000000997c600000,0x000000997c700000)]


Current CompileTask:
C2: 133451 26130 %     4       javax.management.ObjectName::construct @ 822 (1135 bytes)

Stack: [0x000000997c600000,0x000000997c700000]
Native frames: (J=compiled Java code, j=interpreted, Vv=VM code, C=native code)
V  [jvm.dll+0x6887a9]
V  [jvm.dll+0x83f5a8]
V  [jvm.dll+0x841053]
V  [jvm.dll+0x8416c3]
V  [jvm.dll+0x2496ef]
V  [jvm.dll+0xad134]
V  [jvm.dll+0xad7cc]
V  [jvm.dll+0x36aedf]
V  [jvm.dll+0x335513]
V  [jvm.dll+0x3349aa]
V  [jvm.dll+0x21a908]
V  [jvm.dll+0x219d3f]
V  [jvm.dll+0x1a55f6]
V  [jvm.dll+0x22a39a]
V  [jvm.dll+0x2284db]
V  [jvm.dll+0x7f4e28]
V  [jvm.dll+0x7ef2dc]
V  [jvm.dll+0x687687]
C  [ucrtbase.dll+0x37b0]
C  [KERNEL32.DLL+0x2e8d7]
C  [ntdll.dll+0x8c3fc]


---------------  P R O C E S S  ---------------

Threads class SMR info:
_java_thread_list=0x000001a474b06f50, length=242, elements={
0x000001a44968b430, 0x000001a46a0457c0, 0x000001a46a046290, 0x000001a46a064390,
0x000001a46a064c60, 0x000001a46a065530, 0x000001a46a066010, 0x000001a46a067020,
0x000001a46a067d40, 0x000001a46a5d8090, 0x000001a46a700f10, 0x000001a46a80b6b0,
0x000001a46ff2d180, 0x000001a46fc06fe0, 0x000001a46f58d4c0, 0x000001a46f1c4b30,
0x000001a4707a49b0, 0x000001a4707a44a0, 0x000001a4707a1c20, 0x000001a4707a2b50,
0x000001a4707a3060, 0x000001a474815a00, 0x000001a474816420, 0x000001a474817d70,
0x000001a47159ced0, 0x000001a47159fc60, 0x000001a47159c9c0, 0x000001a47159d8f0,
0x000001a47159f750, 0x000001a47159c4b0, 0x000001a4715a0170, 0x000001a4715a0680,
0x000001a4715a0b90, 0x000001a4715a10a0, 0x000001a4715a15b0, 0x000001a474323f00,
0x000001a474324920, 0x000001a4726fbe60, 0x000001a4726f9af0, 0x000001a4726fb440,
0x000001a4726ff100, 0x000001a47159f240, 0x000001a47b66a280, 0x000001a47b66d520,
0x000001a47b66c0e0, 0x000001a47b669d70, 0x000001a47b66df40, 0x000001a47b66aca0,
0x000001a47b66cb00, 0x000001a4750429d0, 0x000001a475043900, 0x000001a4750433f0,
0x000001a475041aa0, 0x000001a475044320, 0x000001a475043e10, 0x000001a475044830,
0x000001a475041fb0, 0x000001a475041080, 0x000001a475044d40, 0x000001a475041590,
0x000001a475047ad0, 0x000001a475045760, 0x000001a475046180, 0x000001a475046690,
0x000001a475046ba0, 0x000001a4750470b0, 0x000001a475047fe0, 0x000001a4750484f0,
0x000001a475048a00, 0x000001a475045250, 0x000001a475045c70, 0x000001a47431d4b0,
0x000001a47431cfa0, 0x000001a47431ee00, 0x000001a47431f820, 0x000001a47431e8f0,
0x000001a47431f310, 0x000001a474320240, 0x000001a47431fd30, 0x000001a474320750,
0x000001a474320c60, 0x000001a474321170, 0x000001a47431d9c0, 0x000001a474321680,
0x000001a47431ded0, 0x000001a47431e3e0, 0x000001a474322fd0, 0x000001a474322ac0,
0x000001a4743220a0, 0x000001a474321b90, 0x000001a4743225b0, 0x000001a4743234e0,
0x000001a4743239f0, 0x000001a474818280, 0x000001a474816930, 0x000001a474816e40,
0x000001a474817350, 0x000001a474818790, 0x000001a474817860, 0x000001a4748154f0,
0x000001a474819bd0, 0x000001a47481a5f0, 0x000001a47481a0e0, 0x000001a47481ab00,
0x000001a47481b010, 0x000001a47481c450, 0x000001a47481b520, 0x000001a47481ba30,
0x000001a47481bf40, 0x000001a4748196c0, 0x000001a47481c960, 0x000001a4748191b0,
0x000001a4726fc880, 0x000001a4726fcd90, 0x000001a4726fd2a0, 0x000001a4726fa000,
0x000001a4726fa510, 0x000001a4726fe6e0, 0x000001a4726faf30, 0x000001a472700a50,
0x000001a472700f60, 0x000001a47159e310, 0x000001a47159e820, 0x000001a47159ed30,
0x000001a47159bfa0, 0x000001a4715a2f00, 0x000001a4715a29f0, 0x000001a4715a3920,
0x000001a4715a3410, 0x000001a4707a3a80, 0x000001a4707a3570, 0x000001a4707a2640,
0x000001a4707a3f90, 0x000001a4707a4ec0, 0x000001a4707a53d0, 0x000001a47b66fda0,
0x000001a47b6716f0, 0x000001a47b6702b0, 0x000001a47b670cd0, 0x000001a47b6707c0,
0x000001a47b6711e0, 0x000001a47dac0040, 0x000001a47dabe6f0, 0x000001a47dac0550,
0x000001a47dabfb30, 0x000001a47dac1990, 0x000001a47dabf620, 0x000001a47dac0f70,
0x000001a47dac23b0, 0x000001a47dac0a60, 0x000001a47dac1ea0, 0x000001a47dac1480,
0x000001a47dabec00, 0x000001a47dac5140, 0x000001a47dac28c0, 0x000001a47dac4210,
0x000001a47dabf110, 0x000001a47dac37f0, 0x000001a47dac4720, 0x000001a47dac4c30,
0x000001a47dac5650, 0x000001a47dac2dd0, 0x000001a47dac5b60, 0x000001a47dac6070,
0x000001a47dac32e0, 0x000001a47dac3d00, 0x000001a47ebf7a80, 0x000001a47ebf7570,
0x000001a47ebf98e0, 0x000001a47ebf9df0, 0x000001a47ebf7f90, 0x000001a47ebf93d0,
0x000001a47ebf7060, 0x000001a47ebfa300, 0x000001a47ebfa810, 0x000001a47ebfad20,
0x000001a47ebfbc50, 0x000001a47ebf84a0, 0x000001a47ebfb740, 0x000001a47ebfb230,
0x000001a47ebfc160, 0x000001a47ebf89b0, 0x000001a47ebfc670, 0x000001a47ebf8ec0,
0x000001a47ebfdfc0, 0x000001a47ebfe4d0, 0x000001a47ebfdab0, 0x000001a47ebfe9e0,
0x000001a47ebfcb80, 0x000001a47ebfd090, 0x000001a47ebfd5a0, 0x000001a47cf01a70,
0x000001a47cf02490, 0x000001a47cf04d10, 0x000001a47cf05730, 0x000001a47cf01f80,
0x000001a47cf07aa0, 0x000001a47cf0a830, 0x000001a47cf0b250, 0x000001a47cf07fb0,
0x000001a47cf0bc70, 0x000001a47cf089d0, 0x000001a47cf0c690, 0x000001a47cf0d0b0,
0x000001a47cf0f420, 0x000001a47cf0f930, 0x000001a47cf0d5c0, 0x000001a47cf0ef10,
0x000001a47cf11280, 0x000001a47cf10d70, 0x000001a47cf0dfe0, 0x000001a47b66a790,
0x000001a47b66b1b0, 0x000001a47b66f380, 0x000001a47b66e450, 0x000001a47cda8e80,
0x000001a47cda9390, 0x000001a47cda7530, 0x000001a47cda98a0, 0x000001a47cdab1f0,
0x000001a47cda9db0, 0x000001a47cdaace0, 0x000001a47cda7a40, 0x000001a47cdaa7d0,
0x000001a47cda8460, 0x000001a47cdaa2c0, 0x000001a47cdab700, 0x000001a47cda8970,
0x000001a47cda7f50, 0x000001a47cdacb40, 0x000001a47cdad560, 0x000001a47cdae490,
0x000001a47cdadf80, 0x000001a47cdae9a0, 0x000001a47cdac630, 0x000001a47cdada70,
0x000001a47cdaeeb0, 0x000001a47cdaf3c0, 0x000001a47cdabc10, 0x000001a47cdaf8d0,
0x000001a47cdafde0, 0x000001a47cdb02f0
}

Java Threads: ( => current thread )
  0x000001a44968b430 JavaThread "main" [_thread_blocked, id=24868, stack(0x000000997b900000,0x000000997ba00000)]
  0x000001a46a0457c0 JavaThread "Reference Handler" daemon [_thread_blocked, id=15268, stack(0x000000997c000000,0x000000997c100000)]
  0x000001a46a046290 JavaThread "Finalizer" daemon [_thread_blocked, id=13160, stack(0x000000997c100000,0x000000997c200000)]
  0x000001a46a064390 JavaThread "Signal Dispatcher" daemon [_thread_blocked, id=10596, stack(0x000000997c200000,0x000000997c300000)]
  0x000001a46a064c60 JavaThread "Attach Listener" daemon [_thread_blocked, id=16528, stack(0x000000997c300000,0x000000997c400000)]
  0x000001a46a065530 JavaThread "Service Thread" daemon [_thread_blocked, id=22520, stack(0x000000997c400000,0x000000997c500000)]
  0x000001a46a066010 JavaThread "Monitor Deflation Thread" daemon [_thread_blocked, id=14232, stack(0x000000997c500000,0x000000997c600000)]
=>0x000001a46a067020 JavaThread "C2 CompilerThread0" daemon [_thread_in_native, id=9420, stack(0x000000997c600000,0x000000997c700000)]
  0x000001a46a067d40 JavaThread "C1 CompilerThread0" daemon [_thread_blocked, id=22372, stack(0x000000997c700000,0x000000997c800000)]
  0x000001a46a5d8090 JavaThread "Sweeper thread" daemon [_thread_blocked, id=18796, stack(0x000000997c800000,0x000000997c900000)]
  0x000001a46a700f10 JavaThread "Common-Cleaner" daemon [_thread_blocked, id=17448, stack(0x000000997c900000,0x000000997ca00000)]
  0x000001a46a80b6b0 JavaThread "Notification Thread" daemon [_thread_blocked, id=21684, stack(0x000000997ca00000,0x000000997cb00000)]
  0x000001a46ff2d180 JavaThread "Daemon health stats" [_thread_blocked, id=12768, stack(0x000000997d200000,0x000000997d300000)]
  0x000001a46fc06fe0 JavaThread "Incoming local TCP Connector on port 56261" [_thread_in_native, id=26516, stack(0x000000997d300000,0x000000997d400000)]
  0x000001a46f58d4c0 JavaThread "Daemon periodic checks" [_thread_blocked, id=13772, stack(0x000000997d400000,0x000000997d500000)]
  0x000001a46f1c4b30 JavaThread "Daemon" [_thread_blocked, id=22292, stack(0x000000997d500000,0x000000997d600000)]
  0x000001a4707a49b0 JavaThread "Daemon worker" [_thread_blocked, id=27108, stack(0x000000997d800000,0x000000997d900000)]
  0x000001a4707a44a0 JavaThread "Cache worker for journal cache (C:\Users\HP\.gradle\caches\journal-1)" [_thread_blocked, id=29528, stack(0x000000997dc00000,0x000000997dd00000)]
  0x000001a4707a1c20 JavaThread "File lock request listener" [_thread_in_native, id=15136, stack(0x000000997dd00000,0x000000997de00000)]
  0x000001a4707a2b50 JavaThread "Cache worker for file hash cache (C:\Users\HP\.gradle\caches\8.14.1\fileHashes)" [_thread_blocked, id=16224, stack(0x000000997de00000,0x000000997df00000)]
  0x000001a4707a3060 JavaThread "File watcher server" daemon [_thread_in_native, id=18264, stack(0x000000997e700000,0x000000997e800000)]
  0x000001a474815a00 JavaThread "File watcher consumer" daemon [_thread_blocked, id=3880, stack(0x000000997e800000,0x000000997e900000)]
  0x000001a474816420 JavaThread "jar transforms" [_thread_blocked, id=26236, stack(0x000000997e900000,0x000000997ea00000)]
  0x000001a474817d70 JavaThread "Cache worker for file content cache (C:\Users\HP\.gradle\caches\8.14.1\fileContent)" [_thread_blocked, id=13956, stack(0x000000997eb00000,0x000000997ec00000)]
  0x000001a47159ced0 JavaThread "Memory manager" [_thread_blocked, id=11312, stack(0x0000009901700000,0x0000009901800000)]
  0x000001a47159fc60 JavaThread "ForkJoinPool.commonPool-worker-2" daemon [_thread_blocked, id=6240, stack(0x0000009901a00000,0x0000009901b00000)]
  0x000001a47159c9c0 JavaThread "ForkJoinPool.commonPool-worker-3" daemon [_thread_blocked, id=19828, stack(0x0000009901b00000,0x0000009901c00000)]
  0x000001a47159d8f0 JavaThread "ForkJoinPool.commonPool-worker-4" daemon [_thread_blocked, id=26092, stack(0x0000009901c00000,0x0000009901d00000)]
  0x000001a47159f750 JavaThread "ForkJoinPool.commonPool-worker-5" daemon [_thread_blocked, id=7076, stack(0x0000009901d00000,0x0000009901e00000)]
  0x000001a47159c4b0 JavaThread "ForkJoinPool.commonPool-worker-6" daemon [_thread_blocked, id=1596, stack(0x0000009901e00000,0x0000009901f00000)]
  0x000001a4715a0170 JavaThread "ForkJoinPool.commonPool-worker-7" daemon [_thread_blocked, id=328, stack(0x0000009901f00000,0x0000009902000000)]
  0x000001a4715a0680 JavaThread "ForkJoinPool.commonPool-worker-9" daemon [_thread_blocked, id=25288, stack(0x0000009902000000,0x0000009902100000)]
  0x000001a4715a0b90 JavaThread "ForkJoinPool.commonPool-worker-8" daemon [_thread_blocked, id=27616, stack(0x0000009902100000,0x0000009902200000)]
  0x000001a4715a10a0 JavaThread "ForkJoinPool.commonPool-worker-10" daemon [_thread_blocked, id=15748, stack(0x0000009902200000,0x0000009902300000)]
  0x000001a4715a15b0 JavaThread "ForkJoinPool.commonPool-worker-11" daemon [_thread_blocked, id=13236, stack(0x0000009902300000,0x0000009902400000)]
  0x000001a474323f00 JavaThread "jar transforms Thread 2" [_thread_blocked, id=21588, stack(0x0000009907c00000,0x0000009907d00000)]
  0x000001a474324920 JavaThread "jar transforms Thread 3" [_thread_blocked, id=15228, stack(0x0000009907d00000,0x0000009907e00000)]
  0x000001a4726fbe60 JavaThread "jar transforms Thread 4" [_thread_blocked, id=17524, stack(0x0000009908400000,0x0000009908500000)]
  0x000001a4726f9af0 JavaThread "jar transforms Thread 5" [_thread_blocked, id=19812, stack(0x0000009908500000,0x0000009908600000)]
  0x000001a4726fb440 JavaThread "jar transforms Thread 6" [_thread_blocked, id=2328, stack(0x0000009908600000,0x0000009908700000)]
  0x000001a4726ff100 JavaThread "jar transforms Thread 7" [_thread_blocked, id=22488, stack(0x0000009908900000,0x0000009908a00000)]
  0x000001a47159f240 JavaThread "jar transforms Thread 8" [_thread_blocked, id=1460, stack(0x0000009908a00000,0x0000009908b00000)]
  0x000001a47b66a280 JavaThread "jar transforms Thread 9" [_thread_blocked, id=22968, stack(0x0000009908b00000,0x0000009908c00000)]
  0x000001a47b66d520 JavaThread "jar transforms Thread 10" [_thread_blocked, id=22884, stack(0x0000009908c00000,0x0000009908d00000)]
  0x000001a47b66c0e0 JavaThread "jar transforms Thread 11" [_thread_blocked, id=22036, stack(0x0000009908d00000,0x0000009908e00000)]
  0x000001a47b669d70 JavaThread "jar transforms Thread 12" [_thread_blocked, id=14880, stack(0x0000009908e00000,0x0000009908f00000)]
  0x000001a47b66df40 JavaThread "Exec process" [_thread_blocked, id=4828, stack(0x0000009909200000,0x0000009909300000)]
  0x000001a47b66aca0 JavaThread "Exec process Thread 2" [_thread_blocked, id=6628, stack(0x0000009909300000,0x0000009909400000)]
  0x000001a47b66cb00 JavaThread "Exec process Thread 3" [_thread_blocked, id=17096, stack(0x0000009909400000,0x0000009909500000)]
  0x000001a4750429d0 JavaThread "Handler for socket connection from /127.0.0.1:56261 to /127.0.0.1:59310" [_thread_in_native, id=19720, stack(0x0000009900100000,0x0000009900200000)]
  0x000001a475043900 JavaThread "Cancel handler" [_thread_blocked, id=7144, stack(0x0000009900200000,0x0000009900300000)]
  0x000001a4750433f0 JavaThread "Asynchronous log dispatcher for DefaultDaemonConnection: socket connection from /127.0.0.1:56261 to /127.0.0.1:59310" [_thread_blocked, id=2772, stack(0x0000009900300000,0x0000009900400000)]
  0x000001a475041aa0 JavaThread "Stdin handler" [_thread_blocked, id=19380, stack(0x0000009900400000,0x0000009900500000)]
  0x000001a475044320 JavaThread "Daemon client event forwarder" [_thread_blocked, id=27248, stack(0x0000009900500000,0x0000009900600000)]
  0x000001a475043e10 JavaThread "Cache worker for file hash cache (D:\Parkitdemo\Updated-Sundukpay\android\.gradle\8.14.1\fileHashes)" [_thread_blocked, id=9308, stack(0x0000009900600000,0x0000009900700000)]
  0x000001a475044830 JavaThread "Cache worker for Build Output Cleanup Cache (D:\Parkitdemo\Updated-Sundukpay\android\.gradle\buildOutputCleanup)" [_thread_blocked, id=28344, stack(0x0000009900700000,0x0000009900800000)]
  0x000001a475041fb0 JavaThread "Cache worker for checksums cache (D:\Parkitdemo\Updated-Sundukpay\android\.gradle\8.14.1\checksums)" [_thread_blocked, id=19888, stack(0x0000009900900000,0x0000009900a00000)]
  0x000001a475041080 JavaThread "Cache worker for cache directory md-supplier (C:\Users\HP\.gradle\caches\8.14.1\md-supplier)" [_thread_blocked, id=23484, stack(0x0000009900a00000,0x0000009900b00000)]
  0x000001a475044d40 JavaThread "Cache worker for cache directory md-rule (C:\Users\HP\.gradle\caches\8.14.1\md-rule)" [_thread_blocked, id=13692, stack(0x0000009900b00000,0x0000009900c00000)]
  0x000001a475041590 JavaThread "Cache worker for Build Output Cleanup Cache (D:\Parkitdemo\Updated-Sundukpay\node_modules\@react-native\gradle-plugin\.gradle\buildOutputCleanup)" [_thread_blocked, id=4476, stack(0x0000009900c00000,0x0000009900d00000)]
  0x000001a475047ad0 JavaThread "Unconstrained build operations" [_thread_blocked, id=19220, stack(0x0000009900d00000,0x0000009900e00000)]
  0x000001a475045760 JavaThread "Unconstrained build operations Thread 2" [_thread_blocked, id=24496, stack(0x0000009900e00000,0x0000009900f00000)]
  0x000001a475046180 JavaThread "Unconstrained build operations Thread 3" [_thread_blocked, id=20652, stack(0x0000009900f00000,0x0000009901000000)]
  0x000001a475046690 JavaThread "Unconstrained build operations Thread 4" [_thread_blocked, id=4700, stack(0x0000009901000000,0x0000009901100000)]
  0x000001a475046ba0 JavaThread "Unconstrained build operations Thread 5" [_thread_blocked, id=17816, stack(0x0000009901100000,0x0000009901200000)]
  0x000001a4750470b0 JavaThread "Unconstrained build operations Thread 6" [_thread_blocked, id=10224, stack(0x0000009901200000,0x0000009901300000)]
  0x000001a475047fe0 JavaThread "Unconstrained build operations Thread 7" [_thread_blocked, id=23488, stack(0x0000009901300000,0x0000009901400000)]
  0x000001a4750484f0 JavaThread "Unconstrained build operations Thread 8" [_thread_blocked, id=19312, stack(0x0000009901400000,0x0000009901500000)]
  0x000001a475048a00 JavaThread "Unconstrained build operations Thread 9" [_thread_blocked, id=11504, stack(0x0000009901500000,0x0000009901600000)]
  0x000001a475045250 JavaThread "Unconstrained build operations Thread 10" [_thread_blocked, id=26888, stack(0x0000009901600000,0x0000009901700000)]
  0x000001a475045c70 JavaThread "Unconstrained build operations Thread 11" [_thread_blocked, id=29124, stack(0x0000009901800000,0x0000009901900000)]
  0x000001a47431d4b0 JavaThread "Unconstrained build operations Thread 12" [_thread_blocked, id=20568, stack(0x0000009902500000,0x0000009902600000)]
  0x000001a47431cfa0 JavaThread "Unconstrained build operations Thread 13" [_thread_blocked, id=20956, stack(0x0000009902600000,0x0000009902700000)]
  0x000001a47431ee00 JavaThread "Unconstrained build operations Thread 14" [_thread_blocked, id=24424, stack(0x0000009902700000,0x0000009902800000)]
  0x000001a47431f820 JavaThread "Unconstrained build operations Thread 15" [_thread_blocked, id=21156, stack(0x0000009902800000,0x0000009902900000)]
  0x000001a47431e8f0 JavaThread "Unconstrained build operations Thread 16" [_thread_blocked, id=19796, stack(0x0000009902900000,0x0000009902a00000)]
  0x000001a47431f310 JavaThread "Unconstrained build operations Thread 17" [_thread_blocked, id=28196, stack(0x0000009902a00000,0x0000009902b00000)]
  0x000001a474320240 JavaThread "Unconstrained build operations Thread 18" [_thread_blocked, id=11784, stack(0x0000009902b00000,0x0000009902c00000)]
  0x000001a47431fd30 JavaThread "Unconstrained build operations Thread 19" [_thread_blocked, id=11600, stack(0x0000009902c00000,0x0000009902d00000)]
  0x000001a474320750 JavaThread "Unconstrained build operations Thread 20" [_thread_blocked, id=21072, stack(0x0000009902d00000,0x0000009902e00000)]
  0x000001a474320c60 JavaThread "Unconstrained build operations Thread 21" [_thread_blocked, id=7716, stack(0x0000009902e00000,0x0000009902f00000)]
  0x000001a474321170 JavaThread "Unconstrained build operations Thread 22" [_thread_blocked, id=1916, stack(0x0000009902f00000,0x0000009903000000)]
  0x000001a47431d9c0 JavaThread "Unconstrained build operations Thread 23" [_thread_blocked, id=4800, stack(0x0000009903000000,0x0000009903100000)]
  0x000001a474321680 JavaThread "Unconstrained build operations Thread 24" [_thread_blocked, id=16152, stack(0x0000009903100000,0x0000009903200000)]
  0x000001a47431ded0 JavaThread "Unconstrained build operations Thread 25" [_thread_blocked, id=18392, stack(0x0000009903200000,0x0000009903300000)]
  0x000001a47431e3e0 JavaThread "Unconstrained build operations Thread 26" [_thread_blocked, id=22784, stack(0x0000009903300000,0x0000009903400000)]
  0x000001a474322fd0 JavaThread "build event listener" [_thread_blocked, id=20096, stack(0x0000009903400000,0x0000009903500000)]
  0x000001a474322ac0 JavaThread "included builds" [_thread_blocked, id=16984, stack(0x0000009903500000,0x0000009903600000)]
  0x000001a4743220a0 JavaThread "Execution worker" [_thread_blocked, id=14916, stack(0x0000009903600000,0x0000009903700000)]
  0x000001a474321b90 JavaThread "Execution worker Thread 2" [_thread_blocked, id=21668, stack(0x0000009903700000,0x0000009903800000)]
  0x000001a4743225b0 JavaThread "Execution worker Thread 3" [_thread_blocked, id=28680, stack(0x0000009903800000,0x0000009903900000)]
  0x000001a4743234e0 JavaThread "Execution worker Thread 4" [_thread_blocked, id=22092, stack(0x0000009903900000,0x0000009903a00000)]
  0x000001a4743239f0 JavaThread "Execution worker Thread 5" [_thread_blocked, id=23796, stack(0x0000009903a00000,0x0000009903b00000)]
  0x000001a474818280 JavaThread "Execution worker Thread 6" [_thread_blocked, id=14584, stack(0x0000009903b00000,0x0000009903c00000)]
  0x000001a474816930 JavaThread "Execution worker Thread 7" [_thread_blocked, id=6024, stack(0x0000009903c00000,0x0000009903d00000)]
  0x000001a474816e40 JavaThread "Execution worker Thread 8" [_thread_blocked, id=28492, stack(0x0000009903d00000,0x0000009903e00000)]
  0x000001a474817350 JavaThread "Execution worker Thread 9" [_thread_blocked, id=4884, stack(0x0000009903e00000,0x0000009903f00000)]
  0x000001a474818790 JavaThread "Execution worker Thread 10" [_thread_blocked, id=15868, stack(0x0000009903f00000,0x0000009904000000)]
  0x000001a474817860 JavaThread "Execution worker Thread 11" [_thread_blocked, id=20032, stack(0x0000009904000000,0x0000009904100000)]
  0x000001a4748154f0 JavaThread "Cache worker for execution history cache (D:\Parkitdemo\Updated-Sundukpay\node_modules\@react-native\gradle-plugin\.gradle\8.14.1\executionHistory)" [_thread_blocked, id=25708, stack(0x0000009904100000,0x0000009904200000)]
  0x000001a474819bd0 JavaThread "Unconstrained build operations Thread 27" [_thread_blocked, id=11808, stack(0x0000009904200000,0x0000009904300000)]
  0x000001a47481a5f0 JavaThread "Unconstrained build operations Thread 28" [_thread_blocked, id=9456, stack(0x0000009904300000,0x0000009904400000)]
  0x000001a47481a0e0 JavaThread "Unconstrained build operations Thread 29" [_thread_blocked, id=4824, stack(0x0000009904400000,0x0000009904500000)]
  0x000001a47481ab00 JavaThread "Unconstrained build operations Thread 30" [_thread_blocked, id=27448, stack(0x0000009904500000,0x0000009904600000)]
  0x000001a47481b010 JavaThread "Unconstrained build operations Thread 31" [_thread_blocked, id=6340, stack(0x0000009904600000,0x0000009904700000)]
  0x000001a47481c450 JavaThread "Unconstrained build operations Thread 32" [_thread_blocked, id=17884, stack(0x0000009904700000,0x0000009904800000)]
  0x000001a47481b520 JavaThread "Unconstrained build operations Thread 33" [_thread_blocked, id=5936, stack(0x0000009904800000,0x0000009904900000)]
  0x000001a47481ba30 JavaThread "Unconstrained build operations Thread 34" [_thread_blocked, id=26992, stack(0x0000009904900000,0x0000009904a00000)]
  0x000001a47481bf40 JavaThread "Unconstrained build operations Thread 35" [_thread_blocked, id=25424, stack(0x0000009904a00000,0x0000009904b00000)]
  0x000001a4748196c0 JavaThread "Unconstrained build operations Thread 36" [_thread_blocked, id=28096, stack(0x0000009904b00000,0x0000009904c00000)]
  0x000001a47481c960 JavaThread "Unconstrained build operations Thread 37" [_thread_blocked, id=11700, stack(0x0000009904c00000,0x0000009904d00000)]
  0x000001a4748191b0 JavaThread "Unconstrained build operations Thread 38" [_thread_blocked, id=27744, stack(0x0000009904d00000,0x0000009904e00000)]
  0x000001a4726fc880 JavaThread "Unconstrained build operations Thread 39" [_thread_blocked, id=20820, stack(0x0000009904e00000,0x0000009904f00000)]
  0x000001a4726fcd90 JavaThread "Unconstrained build operations Thread 40" [_thread_blocked, id=7740, stack(0x0000009904f00000,0x0000009905000000)]
  0x000001a4726fd2a0 JavaThread "Unconstrained build operations Thread 41" [_thread_blocked, id=26508, stack(0x0000009905000000,0x0000009905100000)]
  0x000001a4726fa000 JavaThread "Unconstrained build operations Thread 42" [_thread_blocked, id=4704, stack(0x0000009905100000,0x0000009905200000)]
  0x000001a4726fa510 JavaThread "Unconstrained build operations Thread 43" [_thread_blocked, id=26156, stack(0x0000009905200000,0x0000009905300000)]
  0x000001a4726fe6e0 JavaThread "Unconstrained build operations Thread 44" [_thread_blocked, id=16648, stack(0x0000009905300000,0x0000009905400000)]
  0x000001a4726faf30 JavaThread "Unconstrained build operations Thread 45" [_thread_blocked, id=27376, stack(0x0000009905400000,0x0000009905500000)]
  0x000001a472700a50 JavaThread "Unconstrained build operations Thread 46" [_thread_blocked, id=6232, stack(0x0000009905500000,0x0000009905600000)]
  0x000001a472700f60 JavaThread "Unconstrained build operations Thread 47" [_thread_blocked, id=9560, stack(0x0000009905600000,0x0000009905700000)]
  0x000001a47159e310 JavaThread "Unconstrained build operations Thread 48" [_thread_blocked, id=23528, stack(0x0000009905700000,0x0000009905800000)]
  0x000001a47159e820 JavaThread "Unconstrained build operations Thread 49" [_thread_blocked, id=12468, stack(0x0000009905800000,0x0000009905900000)]
  0x000001a47159ed30 JavaThread "Unconstrained build operations Thread 50" [_thread_blocked, id=23448, stack(0x0000009905900000,0x0000009905a00000)]
  0x000001a47159bfa0 JavaThread "Unconstrained build operations Thread 51" [_thread_blocked, id=25592, stack(0x0000009905a00000,0x0000009905b00000)]
  0x000001a4715a2f00 JavaThread "Unconstrained build operations Thread 52" [_thread_blocked, id=25116, stack(0x0000009905b00000,0x0000009905c00000)]
  0x000001a4715a29f0 JavaThread "Unconstrained build operations Thread 53" [_thread_blocked, id=13488, stack(0x0000009905c00000,0x0000009905d00000)]
  0x000001a4715a3920 JavaThread "Unconstrained build operations Thread 54" [_thread_blocked, id=3208, stack(0x0000009905d00000,0x0000009905e00000)]
  0x000001a4715a3410 JavaThread "Unconstrained build operations Thread 55" [_thread_blocked, id=15456, stack(0x0000009905e00000,0x0000009905f00000)]
  0x000001a4707a3a80 JavaThread "Unconstrained build operations Thread 56" [_thread_blocked, id=19148, stack(0x0000009905f00000,0x0000009906000000)]
  0x000001a4707a3570 JavaThread "Unconstrained build operations Thread 57" [_thread_blocked, id=14888, stack(0x0000009906000000,0x0000009906100000)]
  0x000001a4707a2640 JavaThread "Unconstrained build operations Thread 58" [_thread_blocked, id=23016, stack(0x0000009906100000,0x0000009906200000)]
  0x000001a4707a3f90 JavaThread "Unconstrained build operations Thread 59" [_thread_blocked, id=16044, stack(0x0000009906200000,0x0000009906300000)]
  0x000001a4707a4ec0 JavaThread "Unconstrained build operations Thread 60" [_thread_blocked, id=21552, stack(0x0000009906300000,0x0000009906400000)]
  0x000001a4707a53d0 JavaThread "Unconstrained build operations Thread 61" [_thread_blocked, id=1164, stack(0x0000009906400000,0x0000009906500000)]
  0x000001a47b66fda0 JavaThread "Unconstrained build operations Thread 62" [_thread_blocked, id=14304, stack(0x0000009906500000,0x0000009906600000)]
  0x000001a47b6716f0 JavaThread "Unconstrained build operations Thread 63" [_thread_blocked, id=22748, stack(0x0000009906600000,0x0000009906700000)]
  0x000001a47b6702b0 JavaThread "Unconstrained build operations Thread 64" [_thread_blocked, id=26656, stack(0x0000009906700000,0x0000009906800000)]
  0x000001a47b670cd0 JavaThread "Unconstrained build operations Thread 65" [_thread_blocked, id=6120, stack(0x0000009906800000,0x0000009906900000)]
  0x000001a47b6707c0 JavaThread "Unconstrained build operations Thread 66" [_thread_blocked, id=24936, stack(0x0000009906900000,0x0000009906a00000)]
  0x000001a47b6711e0 JavaThread "Unconstrained build operations Thread 67" [_thread_blocked, id=5056, stack(0x0000009906a00000,0x0000009906b00000)]
  0x000001a47dac0040 JavaThread "Unconstrained build operations Thread 68" [_thread_blocked, id=3068, stack(0x0000009906b00000,0x0000009906c00000)]
  0x000001a47dabe6f0 JavaThread "Unconstrained build operations Thread 69" [_thread_blocked, id=29680, stack(0x0000009906c00000,0x0000009906d00000)]
  0x000001a47dac0550 JavaThread "Unconstrained build operations Thread 70" [_thread_blocked, id=19564, stack(0x0000009906d00000,0x0000009906e00000)]
  0x000001a47dabfb30 JavaThread "Unconstrained build operations Thread 71" [_thread_blocked, id=21824, stack(0x0000009906e00000,0x0000009906f00000)]
  0x000001a47dac1990 JavaThread "Unconstrained build operations Thread 72" [_thread_blocked, id=14192, stack(0x0000009906f00000,0x0000009907000000)]
  0x000001a47dabf620 JavaThread "Unconstrained build operations Thread 73" [_thread_blocked, id=7328, stack(0x0000009907000000,0x0000009907100000)]
  0x000001a47dac0f70 JavaThread "Unconstrained build operations Thread 74" [_thread_blocked, id=24964, stack(0x0000009907100000,0x0000009907200000)]
  0x000001a47dac23b0 JavaThread "Unconstrained build operations Thread 75" [_thread_blocked, id=18344, stack(0x0000009907200000,0x0000009907300000)]
  0x000001a47dac0a60 JavaThread "Unconstrained build operations Thread 76" [_thread_blocked, id=13472, stack(0x0000009907300000,0x0000009907400000)]
  0x000001a47dac1ea0 JavaThread "Unconstrained build operations Thread 77" [_thread_blocked, id=1048, stack(0x0000009907400000,0x0000009907500000)]
  0x000001a47dac1480 JavaThread "Unconstrained build operations Thread 78" [_thread_blocked, id=12636, stack(0x0000009907500000,0x0000009907600000)]
  0x000001a47dabec00 JavaThread "Unconstrained build operations Thread 79" [_thread_blocked, id=27732, stack(0x0000009907600000,0x0000009907700000)]
  0x000001a47dac5140 JavaThread "Unconstrained build operations Thread 80" [_thread_blocked, id=21528, stack(0x0000009907700000,0x0000009907800000)]
  0x000001a47dac28c0 JavaThread "Unconstrained build operations Thread 81" [_thread_blocked, id=26812, stack(0x0000009907800000,0x0000009907900000)]
  0x000001a47dac4210 JavaThread "Unconstrained build operations Thread 82" [_thread_blocked, id=10516, stack(0x0000009907900000,0x0000009907a00000)]
  0x000001a47dabf110 JavaThread "Unconstrained build operations Thread 83" [_thread_blocked, id=23888, stack(0x0000009907a00000,0x0000009907b00000)]
  0x000001a47dac37f0 JavaThread "Unconstrained build operations Thread 84" [_thread_blocked, id=15920, stack(0x0000009907b00000,0x0000009907c00000)]
  0x000001a47dac4720 JavaThread "Unconstrained build operations Thread 85" [_thread_blocked, id=25092, stack(0x0000009907e00000,0x0000009907f00000)]
  0x000001a47dac4c30 JavaThread "Unconstrained build operations Thread 86" [_thread_blocked, id=21332, stack(0x0000009907f00000,0x0000009908000000)]
  0x000001a47dac5650 JavaThread "Unconstrained build operations Thread 87" [_thread_blocked, id=11000, stack(0x0000009908000000,0x0000009908100000)]
  0x000001a47dac2dd0 JavaThread "Unconstrained build operations Thread 88" [_thread_blocked, id=27260, stack(0x0000009908100000,0x0000009908200000)]
  0x000001a47dac5b60 JavaThread "Unconstrained build operations Thread 89" [_thread_blocked, id=11396, stack(0x0000009908200000,0x0000009908300000)]
  0x000001a47dac6070 JavaThread "Unconstrained build operations Thread 90" [_thread_blocked, id=22184, stack(0x0000009908300000,0x0000009908400000)]
  0x000001a47dac32e0 JavaThread "Unconstrained build operations Thread 91" [_thread_blocked, id=23044, stack(0x0000009908700000,0x0000009908800000)]
  0x000001a47dac3d00 JavaThread "Unconstrained build operations Thread 92" [_thread_blocked, id=14612, stack(0x0000009908800000,0x0000009908900000)]
  0x000001a47ebf7a80 JavaThread "Unconstrained build operations Thread 93" [_thread_blocked, id=3340, stack(0x0000009909500000,0x0000009909600000)]
  0x000001a47ebf7570 JavaThread "Unconstrained build operations Thread 94" [_thread_blocked, id=13164, stack(0x0000009909800000,0x0000009909900000)]
  0x000001a47ebf98e0 JavaThread "Unconstrained build operations Thread 95" [_thread_blocked, id=2704, stack(0x0000009909900000,0x0000009909a00000)]
  0x000001a47ebf9df0 JavaThread "Unconstrained build operations Thread 96" [_thread_blocked, id=22380, stack(0x0000009909a00000,0x0000009909b00000)]
  0x000001a47ebf7f90 JavaThread "Unconstrained build operations Thread 97" [_thread_blocked, id=4888, stack(0x0000009909b00000,0x0000009909c00000)]
  0x000001a47ebf93d0 JavaThread "Unconstrained build operations Thread 98" [_thread_blocked, id=21732, stack(0x0000009909c00000,0x0000009909d00000)]
  0x000001a47ebf7060 JavaThread "Unconstrained build operations Thread 99" [_thread_blocked, id=2584, stack(0x0000009909d00000,0x0000009909e00000)]
  0x000001a47ebfa300 JavaThread "Unconstrained build operations Thread 100" [_thread_blocked, id=23292, stack(0x0000009909e00000,0x0000009909f00000)]
  0x000001a47ebfa810 JavaThread "Unconstrained build operations Thread 101" [_thread_blocked, id=13752, stack(0x0000009909f00000,0x000000990a000000)]
  0x000001a47ebfad20 JavaThread "build event listener" [_thread_blocked, id=20752, stack(0x000000990a000000,0x000000990a100000)]
  0x000001a47ebfbc50 JavaThread "Problems report writer" [_thread_blocked, id=27572, stack(0x000000990a100000,0x000000990a200000)]
  0x000001a47ebf84a0 JavaThread "Unconstrained build operations Thread 102" [_thread_blocked, id=20232, stack(0x000000990a200000,0x000000990a300000)]
  0x000001a47ebfb740 JavaThread "Unconstrained build operations Thread 103" [_thread_blocked, id=25732, stack(0x000000990a300000,0x000000990a400000)]
  0x000001a47ebfb230 JavaThread "Unconstrained build operations Thread 104" [_thread_blocked, id=15524, stack(0x000000990a400000,0x000000990a500000)]
  0x000001a47ebfc160 JavaThread "Unconstrained build operations Thread 105" [_thread_blocked, id=18136, stack(0x000000990a500000,0x000000990a600000)]
  0x000001a47ebf89b0 JavaThread "Unconstrained build operations Thread 106" [_thread_blocked, id=22312, stack(0x000000990a600000,0x000000990a700000)]
  0x000001a47ebfc670 JavaThread "Unconstrained build operations Thread 107" [_thread_blocked, id=8, stack(0x000000990a700000,0x000000990a800000)]
  0x000001a47ebf8ec0 JavaThread "Unconstrained build operations Thread 108" [_thread_blocked, id=13252, stack(0x000000990a800000,0x000000990a900000)]
  0x000001a47ebfdfc0 JavaThread "Unconstrained build operations Thread 109" [_thread_blocked, id=20468, stack(0x000000990a900000,0x000000990aa00000)]
  0x000001a47ebfe4d0 JavaThread "Unconstrained build operations Thread 110" [_thread_blocked, id=25632, stack(0x000000990aa00000,0x000000990ab00000)]
  0x000001a47ebfdab0 JavaThread "Unconstrained build operations Thread 111" [_thread_blocked, id=16280, stack(0x000000990ab00000,0x000000990ac00000)]
  0x000001a47ebfe9e0 JavaThread "Unconstrained build operations Thread 112" [_thread_blocked, id=11304, stack(0x000000990ac00000,0x000000990ad00000)]
  0x000001a47ebfcb80 JavaThread "Unconstrained build operations Thread 113" [_thread_blocked, id=25504, stack(0x000000990ad00000,0x000000990ae00000)]
  0x000001a47ebfd090 JavaThread "Unconstrained build operations Thread 114" [_thread_blocked, id=13416, stack(0x000000990ae00000,0x000000990af00000)]
  0x000001a47ebfd5a0 JavaThread "Unconstrained build operations Thread 115" [_thread_blocked, id=13620, stack(0x000000990af00000,0x000000990b000000)]
  0x000001a47cf01a70 JavaThread "Unconstrained build operations Thread 116" [_thread_blocked, id=27180, stack(0x000000990b000000,0x000000990b100000)]
  0x000001a47cf02490 JavaThread "Unconstrained build operations Thread 117" [_thread_blocked, id=25400, stack(0x000000990b100000,0x000000990b200000)]
  0x000001a47cf04d10 JavaThread "Unconstrained build operations Thread 118" [_thread_blocked, id=4712, stack(0x000000990b200000,0x000000990b300000)]
  0x000001a47cf05730 JavaThread "Unconstrained build operations Thread 119" [_thread_blocked, id=8316, stack(0x000000990b300000,0x000000990b400000)]
  0x000001a47cf01f80 JavaThread "Unconstrained build operations Thread 120" [_thread_blocked, id=12304, stack(0x000000990b400000,0x000000990b500000)]
  0x000001a47cf07aa0 JavaThread "Cache worker for execution history cache (D:\Parkitdemo\Updated-Sundukpay\android\.gradle\8.14.1\executionHistory)" [_thread_blocked, id=12988, stack(0x000000990b500000,0x000000990b600000)]
  0x000001a47cf0a830 JavaThread "WorkerExecutor Queue" [_thread_blocked, id=7944, stack(0x000000990b600000,0x000000990b700000)]
  0x000001a47cf0b250 JavaThread "WorkerExecutor Queue Thread 2" [_thread_blocked, id=12388, stack(0x000000990b700000,0x000000990b800000)]
  0x000001a47cf07fb0 JavaThread "WorkerExecutor Queue Thread 4" [_thread_blocked, id=16076, stack(0x000000990b900000,0x000000990ba00000)]
  0x000001a47cf0bc70 JavaThread "WorkerExecutor Queue Thread 5" [_thread_blocked, id=24872, stack(0x000000990ba00000,0x000000990bb00000)]
  0x000001a47cf089d0 JavaThread "WorkerExecutor Queue Thread 7" [_thread_blocked, id=28648, stack(0x000000990bc00000,0x000000990bd00000)]
  0x000001a47cf0c690 JavaThread "WorkerExecutor Queue Thread 10" [_thread_blocked, id=16176, stack(0x000000990bf00000,0x000000990c000000)]
  0x000001a47cf0d0b0 JavaThread "WorkerExecutor Queue Thread 11" [_thread_blocked, id=2600, stack(0x000000990c000000,0x000000990c100000)]
  0x000001a47cf0f420 JavaThread "WorkerExecutor Queue Thread 12" [_thread_blocked, id=24008, stack(0x000000990c100000,0x000000990c200000)]
  0x000001a47cf0f930 JavaThread "WorkerExecutor Queue Thread 13" [_thread_blocked, id=15556, stack(0x000000990c200000,0x000000990c300000)]
  0x000001a47cf0d5c0 JavaThread "WorkerExecutor Queue Thread 14" [_thread_blocked, id=19832, stack(0x000000990be00000,0x000000990bf00000)]
  0x000001a47cf0ef10 JavaThread "WorkerExecutor Queue Thread 15" [_thread_blocked, id=828, stack(0x0000009900800000,0x0000009900900000)]
  0x000001a47cf11280 JavaThread "WorkerExecutor Queue Thread 16" [_thread_blocked, id=22556, stack(0x000000990bd00000,0x000000990be00000)]
  0x000001a47cf10d70 JavaThread "Exec process Thread 4" [_thread_blocked, id=17164, stack(0x000000990c300000,0x000000990c400000)]
  0x000001a47cf0dfe0 JavaThread "Exec process Thread 6" [_thread_blocked, id=6228, stack(0x000000990c400000,0x000000990c500000)]
  0x000001a47b66a790 JavaThread "Exec process Thread 7" [_thread_blocked, id=4424, stack(0x000000990c500000,0x000000990c600000)]
  0x000001a47b66b1b0 JavaThread "Exec process Thread 5" [_thread_in_native, id=26144, stack(0x000000990c600000,0x000000990c700000)]
  0x000001a47b66f380 JavaThread "Exec process Thread 8" [_thread_blocked, id=27384, stack(0x000000990c700000,0x000000990c800000)]
  0x000001a47b66e450 JavaThread "Exec process Thread 9" [_thread_blocked, id=19896, stack(0x000000990c800000,0x000000990c900000)]
  0x000001a47cda8e80 JavaThread "Exec process Thread 10" [_thread_blocked, id=24972, stack(0x000000990c900000,0x000000990ca00000)]
  0x000001a47cda9390 JavaThread "Exec process Thread 11" [_thread_blocked, id=12048, stack(0x000000990ca00000,0x000000990cb00000)]
  0x000001a47cda7530 JavaThread "Exec process Thread 12" [_thread_blocked, id=13660, stack(0x000000990cb00000,0x000000990cc00000)]
  0x000001a47cda98a0 JavaThread "Exec process Thread 13" [_thread_blocked, id=16132, stack(0x000000990cc00000,0x000000990cd00000)]
  0x000001a47cdab1f0 JavaThread "Exec process Thread 14" [_thread_blocked, id=11516, stack(0x000000990cd00000,0x000000990ce00000)]
  0x000001a47cda9db0 JavaThread "Exec process Thread 15" [_thread_blocked, id=11324, stack(0x000000990ce00000,0x000000990cf00000)]
  0x000001a47cdaace0 JavaThread "Exec process Thread 16" [_thread_blocked, id=22168, stack(0x000000990cf00000,0x000000990d000000)]
  0x000001a47cda7a40 JavaThread "Exec process Thread 17" [_thread_in_native, id=28256, stack(0x000000990d000000,0x000000990d100000)]
  0x000001a47cdaa7d0 JavaThread "Exec process Thread 18" [_thread_blocked, id=15324, stack(0x000000990d100000,0x000000990d200000)]
  0x000001a47cda8460 JavaThread "Exec process Thread 19" [_thread_blocked, id=11580, stack(0x000000990d200000,0x000000990d300000)]
  0x000001a47cdaa2c0 JavaThread "Exec process Thread 20" [_thread_blocked, id=19520, stack(0x000000990d300000,0x000000990d400000)]
  0x000001a47cdab700 JavaThread "Exec process Thread 21" [_thread_blocked, id=26520, stack(0x000000990d400000,0x000000990d500000)]
  0x000001a47cda8970 JavaThread "Exec process Thread 22" [_thread_blocked, id=18736, stack(0x000000990d500000,0x000000990d600000)]
  0x000001a47cda7f50 JavaThread "Exec process Thread 23" [_thread_blocked, id=16688, stack(0x000000990d800000,0x000000990d900000)]
  0x000001a47cdacb40 JavaThread "Exec process Thread 24" [_thread_blocked, id=15392, stack(0x000000990d900000,0x000000990da00000)]
  0x000001a47cdad560 JavaThread "Exec process Thread 25" [_thread_blocked, id=5164, stack(0x000000990da00000,0x000000990db00000)]
  0x000001a47cdae490 JavaThread "Exec process Thread 26" [_thread_blocked, id=13924, stack(0x000000990db00000,0x000000990dc00000)]
  0x000001a47cdadf80 JavaThread "Exec process Thread 27" [_thread_blocked, id=22912, stack(0x000000990dc00000,0x000000990dd00000)]
  0x000001a47cdae9a0 JavaThread "Exec process Thread 28" [_thread_blocked, id=25968, stack(0x000000990dd00000,0x000000990de00000)]
  0x000001a47cdac630 JavaThread "Exec process Thread 29" [_thread_in_native, id=19604, stack(0x000000990de00000,0x000000990df00000)]
  0x000001a47cdada70 JavaThread "Exec process Thread 30" [_thread_blocked, id=14276, stack(0x000000990df00000,0x000000990e000000)]
  0x000001a47cdaeeb0 JavaThread "Exec process Thread 31" [_thread_blocked, id=25380, stack(0x000000990e000000,0x000000990e100000)]
  0x000001a47cdaf3c0 JavaThread "Exec process Thread 32" [_thread_blocked, id=14092, stack(0x000000990e100000,0x000000990e200000)]
  0x000001a47cdabc10 JavaThread "Exec process Thread 33" [_thread_blocked, id=16848, stack(0x000000990e200000,0x000000990e300000)]
  0x000001a47cdaf8d0 JavaThread "Exec process Thread 34" [_thread_blocked, id=26416, stack(0x000000990e300000,0x000000990e400000)]
  0x000001a47cdafde0 JavaThread "Exec process Thread 35" [_thread_blocked, id=16372, stack(0x000000990b800000,0x000000990b900000)]
  0x000001a47cdb02f0 JavaThread "Exec process Thread 36" [_thread_blocked, id=21256, stack(0x000000990e400000,0x000000990e500000)]

Other Threads:
  0x000001a46a0417d0 VMThread "VM Thread" [stack: 0x000000997bf00000,0x000000997c000000] [id=13696]
  0x000001a46a80bb90 WatcherThread [stack: 0x000000997cb00000,0x000000997cc00000] [id=1588]
  0x000001a4496e5ec0 GCTaskThread "GC Thread#0" [stack: 0x000000997ba00000,0x000000997bb00000] [id=29092]
  0x000001a46f0477c0 GCTaskThread "GC Thread#1" [stack: 0x000000997cd00000,0x000000997ce00000] [id=22200]
  0x000001a46a9ced00 GCTaskThread "GC Thread#2" [stack: 0x000000997ce00000,0x000000997cf00000] [id=15956]
  0x000001a46fae5580 GCTaskThread "GC Thread#3" [stack: 0x000000997cf00000,0x000000997d000000] [id=14344]
  0x000001a46f5262c0 GCTaskThread "GC Thread#4" [stack: 0x000000997d000000,0x000000997d100000] [id=21404]
  0x000001a46f58ded0 GCTaskThread "GC Thread#5" [stack: 0x000000997d100000,0x000000997d200000] [id=26128]
  0x000001a472d40a70 GCTaskThread "GC Thread#6" [stack: 0x000000997df00000,0x000000997e000000] [id=23288]
  0x000001a472d40230 GCTaskThread "GC Thread#7" [stack: 0x000000997e000000,0x000000997e100000] [id=14488]
  0x000001a472d3fcb0 GCTaskThread "GC Thread#8" [stack: 0x000000997e100000,0x000000997e200000] [id=13136]
  0x000001a472d407b0 GCTaskThread "GC Thread#9" [stack: 0x000000997e200000,0x000000997e300000] [id=4604]
  0x000001a44735cf40 ConcurrentGCThread "G1 Main Marker" [stack: 0x000000997bb00000,0x000000997bc00000] [id=18648]
  0x000001a44735d870 ConcurrentGCThread "G1 Conc#0" [stack: 0x000000997bc00000,0x000000997bd00000] [id=9756]
  0x000001a472d3f1b0 ConcurrentGCThread "G1 Conc#1" [stack: 0x000000997e500000,0x000000997e600000] [id=14996]
  0x000001a472d3ff70 ConcurrentGCThread "G1 Conc#2" [stack: 0x000000997e600000,0x000000997e700000] [id=4896]
  0x000001a44972e3d0 ConcurrentGCThread "G1 Refine#0" [stack: 0x000000997bd00000,0x000000997be00000] [id=5388]
  0x000001a475ca38d0 ConcurrentGCThread "G1 Refine#1" [stack: 0x0000009908f00000,0x0000009909000000] [id=22504]
  0x000001a475ca5920 ConcurrentGCThread "G1 Refine#2" [stack: 0x0000009909000000,0x0000009909100000] [id=20936]
  0x000001a475ca3bc0 ConcurrentGCThread "G1 Refine#3" [stack: 0x0000009909100000,0x0000009909200000] [id=13196]
  0x000001a44972ebb0 ConcurrentGCThread "G1 Service" [stack: 0x000000997be00000,0x000000997bf00000] [id=9492]

Threads with active compile tasks:
C2 CompilerThread0   133516 26130 %     4       javax.management.ObjectName::construct @ 822 (1135 bytes)

VM state: not at safepoint (normal execution)

VM Mutex/Monitor currently owned by a thread: None

Heap address: 0x0000000740000000, size: 3072 MB, Compressed Oops mode: Zero based, Oop shift amount: 3

CDS archive(s) mapped at: [0x000001a400000000-0x000001a400bb0000-0x000001a400bb0000), size 12255232, SharedBaseAddress: 0x000001a400000000, ArchiveRelocationMode: 1.
Compressed class space mapped at: 0x000001a401000000-0x000001a428000000, reserved size: 654311424
Narrow klass base: 0x000001a400000000, Narrow klass shift: 0, Narrow klass range: 0x100000000

GC Precious Log:
 CPUs: 12 total, 12 available
 Memory: 7835M
 Large Page Support: Disabled
 NUMA Support: Disabled
 Compressed Oops: Enabled (Zero based)
 Heap Region Size: 2M
 Heap Min Capacity: 8M
 Heap Initial Capacity: 124M
 Heap Max Capacity: 3G
 Pre-touch: Disabled
 Parallel Workers: 10
 Concurrent Workers: 3
 Concurrent Refinement Workers: 10
 Periodic GC: Disabled

Heap:
 garbage-first heap   total 1028096K, used 540631K [0x0000000740000000, 0x0000000800000000)
  region size 2048K, 75 young (153600K), 19 survivors (38912K)
 Metaspace       used 131894K, committed 134528K, reserved 770048K
  class space    used 18026K, committed 19200K, reserved 638976K

Heap Regions: E=young(eden), S=young(survivor), O=old, HS=humongous(starts), HC=humongous(continues), CS=collection set, F=free, OA=open archive, CA=closed archive, TAMS=top-at-mark-start (previous, next)
|   0|0x0000000740000000, 0x0000000740200000, 0x0000000740200000|100%|HS|  |TAMS 0x0000000740200000, 0x0000000740000000| Complete 
|   1|0x0000000740200000, 0x0000000740400000, 0x0000000740400000|100%|HC|  |TAMS 0x0000000740400000, 0x0000000740200000| Complete 
|   2|0x0000000740400000, 0x0000000740600000, 0x0000000740600000|100%| O|  |TAMS 0x0000000740600000, 0x0000000740400000| Untracked 
|   3|0x0000000740600000, 0x0000000740800000, 0x0000000740800000|100%| O|  |TAMS 0x0000000740800000, 0x0000000740600000| Untracked 
|   4|0x0000000740800000, 0x0000000740a00000, 0x0000000740a00000|100%| O|  |TAMS 0x0000000740a00000, 0x0000000740800000| Untracked 
|   5|0x0000000740a00000, 0x0000000740c00000, 0x0000000740c00000|100%| O|  |TAMS 0x0000000740c00000, 0x0000000740a00000| Untracked 
|   6|0x0000000740c00000, 0x0000000740e00000, 0x0000000740e00000|100%| O|  |TAMS 0x0000000740e00000, 0x0000000740c00000| Untracked 
|   7|0x0000000740e00000, 0x0000000741000000, 0x0000000741000000|100%| O|  |TAMS 0x0000000741000000, 0x0000000740e00000| Untracked 
|   8|0x0000000741000000, 0x0000000741200000, 0x0000000741200000|100%| O|  |TAMS 0x0000000741200000, 0x0000000741000000| Untracked 
|   9|0x0000000741200000, 0x0000000741400000, 0x0000000741400000|100%| O|  |TAMS 0x0000000741400000, 0x0000000741200000| Untracked 
|  10|0x0000000741400000, 0x0000000741600000, 0x0000000741600000|100%| O|  |TAMS 0x0000000741600000, 0x0000000741400000| Untracked 
|  11|0x0000000741600000, 0x0000000741800000, 0x0000000741800000|100%| O|  |TAMS 0x0000000741800000, 0x0000000741600000| Untracked 
|  12|0x0000000741800000, 0x0000000741a00000, 0x0000000741a00000|100%| O|  |TAMS 0x0000000741a00000, 0x0000000741800000| Untracked 
|  13|0x0000000741a00000, 0x0000000741c00000, 0x0000000741c00000|100%| O|  |TAMS 0x0000000741c00000, 0x0000000741a00000| Untracked 
|  14|0x0000000741c00000, 0x0000000741e00000, 0x0000000741e00000|100%| O|  |TAMS 0x0000000741e00000, 0x0000000741c00000| Untracked 
|  15|0x0000000741e00000, 0x0000000742000000, 0x0000000742000000|100%| O|  |TAMS 0x0000000742000000, 0x0000000741e00000| Untracked 
|  16|0x0000000742000000, 0x0000000742200000, 0x0000000742200000|100%| O|  |TAMS 0x0000000742200000, 0x0000000742000000| Untracked 
|  17|0x0000000742200000, 0x0000000742400000, 0x0000000742400000|100%| O|  |TAMS 0x0000000742400000, 0x0000000742200000| Untracked 
|  18|0x0000000742400000, 0x0000000742600000, 0x0000000742600000|100%| O|  |TAMS 0x0000000742600000, 0x0000000742400000| Untracked 
|  19|0x0000000742600000, 0x0000000742800000, 0x0000000742800000|100%|HS|  |TAMS 0x0000000742800000, 0x0000000742600000| Complete 
|  20|0x0000000742800000, 0x0000000742a00000, 0x0000000742a00000|100%|HC|  |TAMS 0x0000000742a00000, 0x0000000742800000| Complete 
|  21|0x0000000742a00000, 0x0000000742c00000, 0x0000000742c00000|100%|HS|  |TAMS 0x0000000742c00000, 0x0000000742a00000| Complete 
|  22|0x0000000742c00000, 0x0000000742e00000, 0x0000000742e00000|100%|HC|  |TAMS 0x0000000742e00000, 0x0000000742c00000| Complete 
|  23|0x0000000742e00000, 0x0000000743000000, 0x0000000743000000|100%| O|  |TAMS 0x0000000743000000, 0x0000000742e00000| Untracked 
|  24|0x0000000743000000, 0x0000000743200000, 0x0000000743200000|100%|HS|  |TAMS 0x0000000743200000, 0x0000000743000000| Complete 
|  25|0x0000000743200000, 0x0000000743400000, 0x0000000743400000|100%| O|  |TAMS 0x0000000743400000, 0x0000000743200000| Untracked 
|  26|0x0000000743400000, 0x0000000743600000, 0x0000000743600000|100%| O|  |TAMS 0x0000000743600000, 0x0000000743400000| Untracked 
|  27|0x0000000743600000, 0x0000000743800000, 0x0000000743800000|100%| O|  |TAMS 0x0000000743800000, 0x0000000743600000| Untracked 
|  28|0x0000000743800000, 0x0000000743a00000, 0x0000000743a00000|100%| O|  |TAMS 0x0000000743800000, 0x0000000743800000| Untracked 
|  29|0x0000000743a00000, 0x0000000743c00000, 0x0000000743c00000|100%| O|  |TAMS 0x0000000743c00000, 0x0000000743a00000| Untracked 
|  30|0x0000000743c00000, 0x0000000743e00000, 0x0000000743e00000|100%| O|  |TAMS 0x0000000743e00000, 0x0000000743c00000| Untracked 
|  31|0x0000000743e00000, 0x0000000744000000, 0x0000000744000000|100%| O|  |TAMS 0x0000000743e00000, 0x0000000743e00000| Untracked 
|  32|0x0000000744000000, 0x0000000744200000, 0x0000000744200000|100%| O|  |TAMS 0x0000000744200000, 0x0000000744000000| Untracked 
|  33|0x0000000744200000, 0x0000000744400000, 0x0000000744400000|100%| O|  |TAMS 0x0000000744400000, 0x0000000744200000| Untracked 
|  34|0x0000000744400000, 0x0000000744600000, 0x0000000744600000|100%| O|  |TAMS 0x0000000744600000, 0x0000000744400000| Untracked 
|  35|0x0000000744600000, 0x0000000744800000, 0x0000000744800000|100%| O|  |TAMS 0x0000000744800000, 0x0000000744600000| Untracked 
|  36|0x0000000744800000, 0x0000000744a00000, 0x0000000744a00000|100%| O|  |TAMS 0x0000000744800000, 0x0000000744800000| Untracked 
|  37|0x0000000744a00000, 0x0000000744c00000, 0x0000000744c00000|100%| O|  |TAMS 0x0000000744a00000, 0x0000000744a00000| Untracked 
|  38|0x0000000744c00000, 0x0000000744e00000, 0x0000000744e00000|100%| O|  |TAMS 0x0000000744c00000, 0x0000000744c00000| Untracked 
|  39|0x0000000744e00000, 0x0000000745000000, 0x0000000745000000|100%| O|  |TAMS 0x0000000744e00000, 0x0000000744e00000| Untracked 
|  40|0x0000000745000000, 0x0000000745200000, 0x0000000745200000|100%| O|  |TAMS 0x0000000745200000, 0x0000000745000000| Untracked 
|  41|0x0000000745200000, 0x0000000745400000, 0x0000000745400000|100%| O|  |TAMS 0x0000000745400000, 0x0000000745200000| Untracked 
|  42|0x0000000745400000, 0x0000000745600000, 0x0000000745600000|100%| O|  |TAMS 0x0000000745600000, 0x0000000745400000| Untracked 
|  43|0x0000000745600000, 0x0000000745800000, 0x0000000745800000|100%| O|  |TAMS 0x0000000745800000, 0x0000000745600000| Untracked 
|  44|0x0000000745800000, 0x0000000745a00000, 0x0000000745a00000|100%| O|  |TAMS 0x0000000745a00000, 0x0000000745800000| Untracked 
|  45|0x0000000745a00000, 0x0000000745c00000, 0x0000000745c00000|100%| O|  |TAMS 0x0000000745c00000, 0x0000000745a00000| Untracked 
|  46|0x0000000745c00000, 0x0000000745e00000, 0x0000000745e00000|100%| O|  |TAMS 0x0000000745c00000, 0x0000000745c00000| Untracked 
|  47|0x0000000745e00000, 0x0000000746000000, 0x0000000746000000|100%| O|  |TAMS 0x0000000746000000, 0x0000000745e00000| Untracked 
|  48|0x0000000746000000, 0x0000000746200000, 0x0000000746200000|100%| O|  |TAMS 0x0000000746200000, 0x0000000746000000| Untracked 
|  49|0x0000000746200000, 0x0000000746400000, 0x0000000746400000|100%| O|  |TAMS 0x0000000746400000, 0x0000000746200000| Untracked 
|  50|0x0000000746400000, 0x0000000746600000, 0x0000000746600000|100%| O|  |TAMS 0x0000000746600000, 0x0000000746400000| Untracked 
|  51|0x0000000746600000, 0x0000000746800000, 0x0000000746800000|100%|HS|  |TAMS 0x0000000746800000, 0x0000000746600000| Complete 
|  52|0x0000000746800000, 0x0000000746a00000, 0x0000000746a00000|100%|HC|  |TAMS 0x0000000746a00000, 0x0000000746800000| Complete 
|  53|0x0000000746a00000, 0x0000000746c00000, 0x0000000746c00000|100%| O|  |TAMS 0x0000000746c00000, 0x0000000746a00000| Untracked 
|  54|0x0000000746c00000, 0x0000000746e00000, 0x0000000746e00000|100%| O|  |TAMS 0x0000000746e00000, 0x0000000746c00000| Untracked 
|  55|0x0000000746e00000, 0x0000000747000000, 0x0000000747000000|100%| O|  |TAMS 0x0000000747000000, 0x0000000746e00000| Untracked 
|  56|0x0000000747000000, 0x0000000747200000, 0x0000000747200000|100%| O|  |TAMS 0x0000000747200000, 0x0000000747000000| Untracked 
|  57|0x0000000747200000, 0x0000000747400000, 0x0000000747400000|100%| O|  |TAMS 0x0000000747400000, 0x0000000747200000| Untracked 
|  58|0x0000000747400000, 0x0000000747600000, 0x0000000747600000|100%| O|  |TAMS 0x0000000747600000, 0x0000000747400000| Untracked 
|  59|0x0000000747600000, 0x0000000747800000, 0x0000000747800000|100%|HS|  |TAMS 0x0000000747800000, 0x0000000747600000| Complete 
|  60|0x0000000747800000, 0x0000000747a00000, 0x0000000747a00000|100%|HC|  |TAMS 0x0000000747a00000, 0x0000000747800000| Complete 
|  61|0x0000000747a00000, 0x0000000747c00000, 0x0000000747c00000|100%|HS|  |TAMS 0x0000000747c00000, 0x0000000747a00000| Complete 
|  62|0x0000000747c00000, 0x0000000747e00000, 0x0000000747e00000|100%| O|  |TAMS 0x0000000747e00000, 0x0000000747c00000| Untracked 
|  63|0x0000000747e00000, 0x0000000748000000, 0x0000000748000000|100%| O|  |TAMS 0x0000000748000000, 0x0000000747e00000| Untracked 
|  64|0x0000000748000000, 0x0000000748200000, 0x0000000748200000|100%| O|  |TAMS 0x0000000748200000, 0x0000000748000000| Untracked 
|  65|0x0000000748200000, 0x0000000748400000, 0x0000000748400000|100%| O|  |TAMS 0x0000000748400000, 0x0000000748200000| Untracked 
|  66|0x0000000748400000, 0x0000000748600000, 0x0000000748600000|100%| O|  |TAMS 0x0000000748600000, 0x0000000748400000| Untracked 
|  67|0x0000000748600000, 0x0000000748800000, 0x0000000748800000|100%| O|  |TAMS 0x0000000748800000, 0x0000000748600000| Untracked 
|  68|0x0000000748800000, 0x0000000748a00000, 0x0000000748a00000|100%| O|  |TAMS 0x0000000748a00000, 0x0000000748800000| Untracked 
|  69|0x0000000748a00000, 0x0000000748c00000, 0x0000000748c00000|100%| O|  |TAMS 0x0000000748c00000, 0x0000000748a00000| Untracked 
|  70|0x0000000748c00000, 0x0000000748e00000, 0x0000000748e00000|100%| O|  |TAMS 0x0000000748e00000, 0x0000000748c00000| Untracked 
|  71|0x0000000748e00000, 0x0000000749000000, 0x0000000749000000|100%| O|  |TAMS 0x0000000748e00000, 0x0000000748e00000| Untracked 
|  72|0x0000000749000000, 0x0000000749200000, 0x0000000749200000|100%| O|  |TAMS 0x0000000749000000, 0x0000000749000000| Untracked 
|  73|0x0000000749200000, 0x0000000749400000, 0x0000000749400000|100%| O|  |TAMS 0x0000000749200000, 0x0000000749200000| Untracked 
|  74|0x0000000749400000, 0x0000000749600000, 0x0000000749600000|100%| O|  |TAMS 0x0000000749400000, 0x0000000749400000| Untracked 
|  75|0x0000000749600000, 0x0000000749800000, 0x0000000749800000|100%| O|  |TAMS 0x0000000749600000, 0x0000000749600000| Untracked 
|  76|0x0000000749800000, 0x0000000749a00000, 0x0000000749a00000|100%| O|  |TAMS 0x0000000749a00000, 0x0000000749800000| Untracked 
|  77|0x0000000749a00000, 0x0000000749c00000, 0x0000000749c00000|100%|HS|  |TAMS 0x0000000749c00000, 0x0000000749a00000| Complete 
|  78|0x0000000749c00000, 0x0000000749e00000, 0x0000000749e00000|100%|HC|  |TAMS 0x0000000749e00000, 0x0000000749c00000| Complete 
|  79|0x0000000749e00000, 0x000000074a000000, 0x000000074a000000|100%|HS|  |TAMS 0x000000074a000000, 0x0000000749e00000| Complete 
|  80|0x000000074a000000, 0x000000074a200000, 0x000000074a200000|100%|HS|  |TAMS 0x000000074a200000, 0x000000074a000000| Complete 
|  81|0x000000074a200000, 0x000000074a400000, 0x000000074a400000|100%| O|  |TAMS 0x000000074a400000, 0x000000074a200000| Untracked 
|  82|0x000000074a400000, 0x000000074a600000, 0x000000074a600000|100%| O|  |TAMS 0x000000074a600000, 0x000000074a400000| Untracked 
|  83|0x000000074a600000, 0x000000074a800000, 0x000000074a800000|100%| O|  |TAMS 0x000000074a800000, 0x000000074a600000| Untracked 
|  84|0x000000074a800000, 0x000000074aa00000, 0x000000074aa00000|100%| O|  |TAMS 0x000000074a800000, 0x000000074a800000| Untracked 
|  85|0x000000074aa00000, 0x000000074ac00000, 0x000000074ac00000|100%| O|  |TAMS 0x000000074aa00000, 0x000000074aa00000| Untracked 
|  86|0x000000074ac00000, 0x000000074ae00000, 0x000000074ae00000|100%| O|  |TAMS 0x000000074ac00000, 0x000000074ac00000| Untracked 
|  87|0x000000074ae00000, 0x000000074b000000, 0x000000074b000000|100%| O|  |TAMS 0x000000074ae00000, 0x000000074ae00000| Untracked 
|  88|0x000000074b000000, 0x000000074b200000, 0x000000074b200000|100%| O|  |TAMS 0x000000074b200000, 0x000000074b000000| Untracked 
|  89|0x000000074b200000, 0x000000074b400000, 0x000000074b400000|100%| O|  |TAMS 0x000000074b400000, 0x000000074b200000| Untracked 
|  90|0x000000074b400000, 0x000000074b600000, 0x000000074b600000|100%| O|  |TAMS 0x000000074b400000, 0x000000074b400000| Untracked 
|  91|0x000000074b600000, 0x000000074b800000, 0x000000074b800000|100%| O|  |TAMS 0x000000074b800000, 0x000000074b600000| Untracked 
|  92|0x000000074b800000, 0x000000074ba00000, 0x000000074ba00000|100%| O|  |TAMS 0x000000074b800000, 0x000000074b800000| Untracked 
|  93|0x000000074ba00000, 0x000000074bc00000, 0x000000074bc00000|100%| O|  |TAMS 0x000000074ba00000, 0x000000074ba00000| Untracked 
|  94|0x000000074bc00000, 0x000000074be00000, 0x000000074be00000|100%| O|  |TAMS 0x000000074be00000, 0x000000074bc00000| Untracked 
|  95|0x000000074be00000, 0x000000074c000000, 0x000000074c000000|100%| O|  |TAMS 0x000000074c000000, 0x000000074be00000| Untracked 
|  96|0x000000074c000000, 0x000000074c200000, 0x000000074c200000|100%| O|  |TAMS 0x000000074c200000, 0x000000074c000000| Untracked 
|  97|0x000000074c200000, 0x000000074c400000, 0x000000074c400000|100%| O|  |TAMS 0x000000074c200000, 0x000000074c200000| Untracked 
|  98|0x000000074c400000, 0x000000074c600000, 0x000000074c600000|100%| O|  |TAMS 0x000000074c400000, 0x000000074c400000| Untracked 
|  99|0x000000074c600000, 0x000000074c800000, 0x000000074c800000|100%| O|  |TAMS 0x000000074c600000, 0x000000074c600000| Untracked 
| 100|0x000000074c800000, 0x000000074c9f5c00, 0x000000074ca00000| 97%| O|  |TAMS 0x000000074c800000, 0x000000074c800000| Untracked 
| 101|0x000000074ca00000, 0x000000074ca00000, 0x000000074cc00000|  0%| F|  |TAMS 0x000000074ca00000, 0x000000074ca00000| Untracked 
| 102|0x000000074cc00000, 0x000000074cc00000, 0x000000074ce00000|  0%| F|  |TAMS 0x000000074cc00000, 0x000000074cc00000| Untracked 
| 103|0x000000074ce00000, 0x000000074ce00000, 0x000000074d000000|  0%| F|  |TAMS 0x000000074ce00000, 0x000000074ce00000| Untracked 
| 104|0x000000074d000000, 0x000000074d000000, 0x000000074d200000|  0%| F|  |TAMS 0x000000074d000000, 0x000000074d000000| Untracked 
| 105|0x000000074d200000, 0x000000074d200000, 0x000000074d400000|  0%| F|  |TAMS 0x000000074d200000, 0x000000074d200000| Untracked 
| 106|0x000000074d400000, 0x000000074d400000, 0x000000074d600000|  0%| F|  |TAMS 0x000000074d400000, 0x000000074d400000| Untracked 
| 107|0x000000074d600000, 0x000000074d600000, 0x000000074d800000|  0%| F|  |TAMS 0x000000074d600000, 0x000000074d600000| Untracked 
| 108|0x000000074d800000, 0x000000074d800000, 0x000000074da00000|  0%| F|  |TAMS 0x000000074d800000, 0x000000074d800000| Untracked 
| 109|0x000000074da00000, 0x000000074dc00000, 0x000000074dc00000|100%| O|  |TAMS 0x000000074dc00000, 0x000000074da00000| Untracked 
| 110|0x000000074dc00000, 0x000000074de00000, 0x000000074de00000|100%| O|  |TAMS 0x000000074de00000, 0x000000074dc00000| Untracked 
| 111|0x000000074de00000, 0x000000074e000000, 0x000000074e000000|100%| O|  |TAMS 0x000000074e000000, 0x000000074de00000| Untracked 
| 112|0x000000074e000000, 0x000000074e200000, 0x000000074e200000|100%| O|  |TAMS 0x000000074e200000, 0x000000074e000000| Untracked 
| 113|0x000000074e200000, 0x000000074e400000, 0x000000074e400000|100%| O|  |TAMS 0x000000074e400000, 0x000000074e200000| Untracked 
| 114|0x000000074e400000, 0x000000074e400000, 0x000000074e600000|  0%| F|  |TAMS 0x000000074e400000, 0x000000074e400000| Untracked 
| 115|0x000000074e600000, 0x000000074e600000, 0x000000074e800000|  0%| F|  |TAMS 0x000000074e600000, 0x000000074e600000| Untracked 
| 116|0x000000074e800000, 0x000000074ea00000, 0x000000074ea00000|100%| O|  |TAMS 0x000000074ea00000, 0x000000074e800000| Untracked 
| 117|0x000000074ea00000, 0x000000074ec00000, 0x000000074ec00000|100%| O|  |TAMS 0x000000074ec00000, 0x000000074ea00000| Untracked 
| 118|0x000000074ec00000, 0x000000074ee00000, 0x000000074ee00000|100%| O|  |TAMS 0x000000074ee00000, 0x000000074ec00000| Untracked 
| 119|0x000000074ee00000, 0x000000074ee00000, 0x000000074f000000|  0%| F|  |TAMS 0x000000074ee00000, 0x000000074ee00000| Untracked 
| 120|0x000000074f000000, 0x000000074f000000, 0x000000074f200000|  0%| F|  |TAMS 0x000000074f000000, 0x000000074f000000| Untracked 
| 121|0x000000074f200000, 0x000000074f200000, 0x000000074f400000|  0%| F|  |TAMS 0x000000074f200000, 0x000000074f200000| Untracked 
| 122|0x000000074f400000, 0x000000074f400000, 0x000000074f600000|  0%| F|  |TAMS 0x000000074f400000, 0x000000074f400000| Untracked 
| 123|0x000000074f600000, 0x000000074f600000, 0x000000074f800000|  0%| F|  |TAMS 0x000000074f600000, 0x000000074f600000| Untracked 
| 124|0x000000074f800000, 0x000000074f800000, 0x000000074fa00000|  0%| F|  |TAMS 0x000000074f800000, 0x000000074f800000| Untracked 
| 125|0x000000074fa00000, 0x000000074fa00000, 0x000000074fc00000|  0%| F|  |TAMS 0x000000074fa00000, 0x000000074fa00000| Untracked 
| 126|0x000000074fc00000, 0x000000074fc00000, 0x000000074fe00000|  0%| F|  |TAMS 0x000000074fc00000, 0x000000074fc00000| Untracked 
| 127|0x000000074fe00000, 0x000000074fe00000, 0x0000000750000000|  0%| F|  |TAMS 0x000000074fe00000, 0x000000074fe00000| Untracked 
| 128|0x0000000750000000, 0x0000000750200000, 0x0000000750200000|100%| O|  |TAMS 0x0000000750200000, 0x0000000750000000| Untracked 
| 129|0x0000000750200000, 0x0000000750200000, 0x0000000750400000|  0%| F|  |TAMS 0x0000000750200000, 0x0000000750200000| Untracked 
| 130|0x0000000750400000, 0x0000000750400000, 0x0000000750600000|  0%| F|  |TAMS 0x0000000750400000, 0x0000000750400000| Untracked 
| 131|0x0000000750600000, 0x0000000750600000, 0x0000000750800000|  0%| F|  |TAMS 0x0000000750600000, 0x0000000750600000| Untracked 
| 132|0x0000000750800000, 0x0000000750a00000, 0x0000000750a00000|100%| O|  |TAMS 0x0000000750a00000, 0x0000000750800000| Untracked 
| 133|0x0000000750a00000, 0x0000000750a00000, 0x0000000750c00000|  0%| F|  |TAMS 0x0000000750a00000, 0x0000000750a00000| Untracked 
| 134|0x0000000750c00000, 0x0000000750c00000, 0x0000000750e00000|  0%| F|  |TAMS 0x0000000750c00000, 0x0000000750c00000| Untracked 
| 135|0x0000000750e00000, 0x0000000751000000, 0x0000000751000000|100%| O|  |TAMS 0x0000000751000000, 0x0000000750e00000| Untracked 
| 136|0x0000000751000000, 0x0000000751200000, 0x0000000751200000|100%| O|  |TAMS 0x0000000751200000, 0x0000000751000000| Untracked 
| 137|0x0000000751200000, 0x0000000751400000, 0x0000000751400000|100%| O|  |TAMS 0x0000000751400000, 0x0000000751200000| Untracked 
| 138|0x0000000751400000, 0x0000000751600000, 0x0000000751600000|100%| O|  |TAMS 0x0000000751600000, 0x0000000751400000| Untracked 
| 139|0x0000000751600000, 0x0000000751600000, 0x0000000751800000|  0%| F|  |TAMS 0x0000000751600000, 0x0000000751600000| Untracked 
| 140|0x0000000751800000, 0x0000000751800000, 0x0000000751a00000|  0%| F|  |TAMS 0x0000000751800000, 0x0000000751800000| Untracked 
| 141|0x0000000751a00000, 0x0000000751a00000, 0x0000000751c00000|  0%| F|  |TAMS 0x0000000751a00000, 0x0000000751a00000| Untracked 
| 142|0x0000000751c00000, 0x0000000751e00000, 0x0000000751e00000|100%| O|  |TAMS 0x0000000751e00000, 0x0000000751c00000| Untracked 
| 143|0x0000000751e00000, 0x0000000752000000, 0x0000000752000000|100%| O|  |TAMS 0x0000000752000000, 0x0000000751e00000| Untracked 
| 144|0x0000000752000000, 0x0000000752200000, 0x0000000752200000|100%| O|  |TAMS 0x0000000752200000, 0x0000000752000000| Untracked 
| 145|0x0000000752200000, 0x0000000752400000, 0x0000000752400000|100%| O|  |TAMS 0x0000000752400000, 0x0000000752200000| Untracked 
| 146|0x0000000752400000, 0x0000000752400000, 0x0000000752600000|  0%| F|  |TAMS 0x0000000752400000, 0x0000000752400000| Untracked 
| 147|0x0000000752600000, 0x0000000752600000, 0x0000000752800000|  0%| F|  |TAMS 0x0000000752600000, 0x0000000752600000| Untracked 
| 148|0x0000000752800000, 0x0000000752800000, 0x0000000752a00000|  0%| F|  |TAMS 0x0000000752800000, 0x0000000752800000| Untracked 
| 149|0x0000000752a00000, 0x0000000752a00000, 0x0000000752c00000|  0%| F|  |TAMS 0x0000000752a00000, 0x0000000752a00000| Untracked 
| 150|0x0000000752c00000, 0x0000000752c00000, 0x0000000752e00000|  0%| F|  |TAMS 0x0000000752c00000, 0x0000000752c00000| Untracked 
| 151|0x0000000752e00000, 0x0000000753000000, 0x0000000753000000|100%| O|  |TAMS 0x0000000753000000, 0x0000000752e00000| Untracked 
| 152|0x0000000753000000, 0x0000000753200000, 0x0000000753200000|100%| O|  |TAMS 0x0000000753200000, 0x0000000753000000| Untracked 
| 153|0x0000000753200000, 0x0000000753400000, 0x0000000753400000|100%| O|  |TAMS 0x0000000753400000, 0x0000000753200000| Untracked 
| 154|0x0000000753400000, 0x0000000753600000, 0x0000000753600000|100%| O|  |TAMS 0x0000000753600000, 0x0000000753400000| Untracked 
| 155|0x0000000753600000, 0x0000000753800000, 0x0000000753800000|100%| O|  |TAMS 0x0000000753800000, 0x0000000753600000| Untracked 
| 156|0x0000000753800000, 0x0000000753a00000, 0x0000000753a00000|100%| O|  |TAMS 0x0000000753a00000, 0x0000000753800000| Untracked 
| 157|0x0000000753a00000, 0x0000000753a00000, 0x0000000753c00000|  0%| F|  |TAMS 0x0000000753a00000, 0x0000000753a00000| Untracked 
| 158|0x0000000753c00000, 0x0000000753c00000, 0x0000000753e00000|  0%| F|  |TAMS 0x0000000753c00000, 0x0000000753c00000| Untracked 
| 159|0x0000000753e00000, 0x0000000754000000, 0x0000000754000000|100%| O|  |TAMS 0x0000000754000000, 0x0000000753e00000| Untracked 
| 160|0x0000000754000000, 0x0000000754200000, 0x0000000754200000|100%| O|  |TAMS 0x0000000754200000, 0x0000000754000000| Untracked 
| 161|0x0000000754200000, 0x0000000754400000, 0x0000000754400000|100%| O|  |TAMS 0x0000000754400000, 0x0000000754200000| Untracked 
| 162|0x0000000754400000, 0x0000000754600000, 0x0000000754600000|100%| O|  |TAMS 0x0000000754600000, 0x0000000754400000| Untracked 
| 163|0x0000000754600000, 0x0000000754800000, 0x0000000754800000|100%| O|  |TAMS 0x0000000754800000, 0x0000000754600000| Untracked 
| 164|0x0000000754800000, 0x0000000754a00000, 0x0000000754a00000|100%| O|  |TAMS 0x0000000754a00000, 0x0000000754800000| Untracked 
| 165|0x0000000754a00000, 0x0000000754c00000, 0x0000000754c00000|100%| O|  |TAMS 0x0000000754c00000, 0x0000000754a00000| Untracked 
| 166|0x0000000754c00000, 0x0000000754e00000, 0x0000000754e00000|100%| O|  |TAMS 0x0000000754e00000, 0x0000000754c00000| Untracked 
| 167|0x0000000754e00000, 0x0000000755000000, 0x0000000755000000|100%| O|  |TAMS 0x0000000755000000, 0x0000000754e00000| Untracked 
| 168|0x0000000755000000, 0x0000000755200000, 0x0000000755200000|100%| O|  |TAMS 0x0000000755200000, 0x0000000755000000| Untracked 
| 169|0x0000000755200000, 0x0000000755400000, 0x0000000755400000|100%| O|  |TAMS 0x0000000755400000, 0x0000000755200000| Untracked 
| 170|0x0000000755400000, 0x0000000755600000, 0x0000000755600000|100%| O|  |TAMS 0x0000000755600000, 0x0000000755400000| Untracked 
| 171|0x0000000755600000, 0x0000000755800000, 0x0000000755800000|100%| O|  |TAMS 0x0000000755800000, 0x0000000755600000| Untracked 
| 172|0x0000000755800000, 0x0000000755a00000, 0x0000000755a00000|100%| O|  |TAMS 0x0000000755a00000, 0x0000000755800000| Untracked 
| 173|0x0000000755a00000, 0x0000000755c00000, 0x0000000755c00000|100%| O|  |TAMS 0x0000000755c00000, 0x0000000755a00000| Untracked 
| 174|0x0000000755c00000, 0x0000000755e00000, 0x0000000755e00000|100%| O|  |TAMS 0x0000000755e00000, 0x0000000755c00000| Untracked 
| 175|0x0000000755e00000, 0x0000000756000000, 0x0000000756000000|100%| O|  |TAMS 0x0000000756000000, 0x0000000755e00000| Untracked 
| 176|0x0000000756000000, 0x0000000756200000, 0x0000000756200000|100%| O|  |TAMS 0x0000000756200000, 0x0000000756000000| Untracked 
| 177|0x0000000756200000, 0x0000000756400000, 0x0000000756400000|100%| O|  |TAMS 0x0000000756400000, 0x0000000756200000| Untracked 
| 178|0x0000000756400000, 0x0000000756600000, 0x0000000756600000|100%| O|  |TAMS 0x0000000756600000, 0x0000000756400000| Untracked 
| 179|0x0000000756600000, 0x0000000756800000, 0x0000000756800000|100%| O|  |TAMS 0x0000000756800000, 0x0000000756600000| Untracked 
| 180|0x0000000756800000, 0x0000000756a00000, 0x0000000756a00000|100%| O|  |TAMS 0x0000000756a00000, 0x0000000756800000| Untracked 
| 181|0x0000000756a00000, 0x0000000756a00000, 0x0000000756c00000|  0%| F|  |TAMS 0x0000000756a00000, 0x0000000756a00000| Untracked 
| 182|0x0000000756c00000, 0x0000000756e00000, 0x0000000756e00000|100%| O|  |TAMS 0x0000000756e00000, 0x0000000756c00000| Untracked 
| 183|0x0000000756e00000, 0x0000000757000000, 0x0000000757000000|100%| O|  |TAMS 0x0000000757000000, 0x0000000756e00000| Untracked 
| 184|0x0000000757000000, 0x0000000757200000, 0x0000000757200000|100%| O|  |TAMS 0x0000000757200000, 0x0000000757000000| Untracked 
| 185|0x0000000757200000, 0x0000000757400000, 0x0000000757400000|100%| O|  |TAMS 0x0000000757400000, 0x0000000757200000| Untracked 
| 186|0x0000000757400000, 0x0000000757600000, 0x0000000757600000|100%| O|  |TAMS 0x0000000757600000, 0x0000000757400000| Untracked 
| 187|0x0000000757600000, 0x0000000757800000, 0x0000000757800000|100%| O|  |TAMS 0x0000000757800000, 0x0000000757600000| Untracked 
| 188|0x0000000757800000, 0x0000000757800000, 0x0000000757a00000|  0%| F|  |TAMS 0x0000000757800000, 0x0000000757800000| Untracked 
| 189|0x0000000757a00000, 0x0000000757c00000, 0x0000000757c00000|100%| O|  |TAMS 0x0000000757c00000, 0x0000000757a00000| Untracked 
| 190|0x0000000757c00000, 0x0000000757e00000, 0x0000000757e00000|100%| O|  |TAMS 0x0000000757e00000, 0x0000000757c00000| Untracked 
| 191|0x0000000757e00000, 0x0000000758000000, 0x0000000758000000|100%| O|  |TAMS 0x0000000758000000, 0x0000000757e00000| Untracked 
| 192|0x0000000758000000, 0x0000000758200000, 0x0000000758200000|100%| O|  |TAMS 0x0000000758200000, 0x0000000758000000| Untracked 
| 193|0x0000000758200000, 0x0000000758400000, 0x0000000758400000|100%| O|  |TAMS 0x0000000758400000, 0x0000000758200000| Untracked 
| 194|0x0000000758400000, 0x0000000758600000, 0x0000000758600000|100%| O|  |TAMS 0x0000000758600000, 0x0000000758400000| Untracked 
| 195|0x0000000758600000, 0x0000000758800000, 0x0000000758800000|100%| O|  |TAMS 0x0000000758800000, 0x0000000758600000| Untracked 
| 196|0x0000000758800000, 0x0000000758a00000, 0x0000000758a00000|100%| O|  |TAMS 0x0000000758a00000, 0x0000000758800000| Untracked 
| 197|0x0000000758a00000, 0x0000000758c00000, 0x0000000758c00000|100%| O|  |TAMS 0x0000000758c00000, 0x0000000758a00000| Untracked 
| 198|0x0000000758c00000, 0x0000000758e00000, 0x0000000758e00000|100%| O|  |TAMS 0x0000000758e00000, 0x0000000758c00000| Untracked 
| 199|0x0000000758e00000, 0x0000000759000000, 0x0000000759000000|100%| O|  |TAMS 0x0000000759000000, 0x0000000758e00000| Untracked 
| 200|0x0000000759000000, 0x0000000759200000, 0x0000000759200000|100%| O|  |TAMS 0x0000000759200000, 0x0000000759000000| Untracked 
| 201|0x0000000759200000, 0x0000000759400000, 0x0000000759400000|100%| O|  |TAMS 0x0000000759400000, 0x0000000759200000| Untracked 
| 202|0x0000000759400000, 0x0000000759600000, 0x0000000759600000|100%| O|  |TAMS 0x0000000759600000, 0x0000000759400000| Untracked 
| 203|0x0000000759600000, 0x0000000759800000, 0x0000000759800000|100%| O|  |TAMS 0x0000000759800000, 0x0000000759600000| Untracked 
| 204|0x0000000759800000, 0x0000000759a00000, 0x0000000759a00000|100%| O|  |TAMS 0x0000000759a00000, 0x0000000759800000| Untracked 
| 205|0x0000000759a00000, 0x0000000759c00000, 0x0000000759c00000|100%| O|  |TAMS 0x0000000759c00000, 0x0000000759a00000| Untracked 
| 206|0x0000000759c00000, 0x0000000759e00000, 0x0000000759e00000|100%| O|  |TAMS 0x0000000759e00000, 0x0000000759c00000| Untracked 
| 207|0x0000000759e00000, 0x000000075a000000, 0x000000075a000000|100%| O|  |TAMS 0x000000075a000000, 0x0000000759e00000| Untracked 
| 208|0x000000075a000000, 0x000000075a200000, 0x000000075a200000|100%| O|  |TAMS 0x000000075a200000, 0x000000075a000000| Untracked 
| 209|0x000000075a200000, 0x000000075a400000, 0x000000075a400000|100%| O|  |TAMS 0x000000075a400000, 0x000000075a200000| Untracked 
| 210|0x000000075a400000, 0x000000075a600000, 0x000000075a600000|100%| O|  |TAMS 0x000000075a600000, 0x000000075a400000| Untracked 
| 211|0x000000075a600000, 0x000000075a800000, 0x000000075a800000|100%| O|  |TAMS 0x000000075a800000, 0x000000075a600000| Untracked 
| 212|0x000000075a800000, 0x000000075aa00000, 0x000000075aa00000|100%| O|  |TAMS 0x000000075aa00000, 0x000000075a800000| Untracked 
| 213|0x000000075aa00000, 0x000000075ac00000, 0x000000075ac00000|100%| O|  |TAMS 0x000000075ac00000, 0x000000075aa00000| Untracked 
| 214|0x000000075ac00000, 0x000000075ae00000, 0x000000075ae00000|100%| O|  |TAMS 0x000000075ae00000, 0x000000075ac00000| Untracked 
| 215|0x000000075ae00000, 0x000000075b000000, 0x000000075b000000|100%| O|  |TAMS 0x000000075b000000, 0x000000075ae00000| Untracked 
| 216|0x000000075b000000, 0x000000075b200000, 0x000000075b200000|100%| O|  |TAMS 0x000000075b087a00, 0x000000075b000000| Untracked 
| 217|0x000000075b200000, 0x000000075b400000, 0x000000075b400000|100%| O|  |TAMS 0x000000075b200000, 0x000000075b200000| Untracked 
| 218|0x000000075b400000, 0x000000075b600000, 0x000000075b600000|100%| O|  |TAMS 0x000000075b400000, 0x000000075b400000| Untracked 
| 219|0x000000075b600000, 0x000000075b800000, 0x000000075b800000|100%| O|  |TAMS 0x000000075b600000, 0x000000075b600000| Untracked 
| 220|0x000000075b800000, 0x000000075ba00000, 0x000000075ba00000|100%| O|  |TAMS 0x000000075b800000, 0x000000075b800000| Untracked 
| 221|0x000000075ba00000, 0x000000075bc00000, 0x000000075bc00000|100%| O|  |TAMS 0x000000075ba00000, 0x000000075ba00000| Untracked 
| 222|0x000000075bc00000, 0x000000075be00000, 0x000000075be00000|100%| O|  |TAMS 0x000000075bc00000, 0x000000075bc00000| Untracked 
| 223|0x000000075be00000, 0x000000075c000000, 0x000000075c000000|100%| O|  |TAMS 0x000000075be00000, 0x000000075be00000| Untracked 
| 224|0x000000075c000000, 0x000000075c200000, 0x000000075c200000|100%| O|  |TAMS 0x000000075c000000, 0x000000075c000000| Untracked 
| 225|0x000000075c200000, 0x000000075c400000, 0x000000075c400000|100%| O|  |TAMS 0x000000075c200000, 0x000000075c200000| Untracked 
| 226|0x000000075c400000, 0x000000075c600000, 0x000000075c600000|100%| O|  |TAMS 0x000000075c400000, 0x000000075c400000| Untracked 
| 227|0x000000075c600000, 0x000000075c600000, 0x000000075c800000|  0%| F|  |TAMS 0x000000075c600000, 0x000000075c600000| Untracked 
| 228|0x000000075c800000, 0x000000075c800000, 0x000000075ca00000|  0%| F|  |TAMS 0x000000075c800000, 0x000000075c800000| Untracked 
| 229|0x000000075ca00000, 0x000000075ca00000, 0x000000075cc00000|  0%| F|  |TAMS 0x000000075ca00000, 0x000000075ca00000| Untracked 
| 230|0x000000075cc00000, 0x000000075cc00000, 0x000000075ce00000|  0%| F|  |TAMS 0x000000075cc00000, 0x000000075cc00000| Untracked 
| 231|0x000000075ce00000, 0x000000075ce00000, 0x000000075d000000|  0%| F|  |TAMS 0x000000075ce00000, 0x000000075ce00000| Untracked 
| 232|0x000000075d000000, 0x000000075d000000, 0x000000075d200000|  0%| F|  |TAMS 0x000000075d000000, 0x000000075d000000| Untracked 
| 233|0x000000075d200000, 0x000000075d200000, 0x000000075d400000|  0%| F|  |TAMS 0x000000075d200000, 0x000000075d200000| Untracked 
| 234|0x000000075d400000, 0x000000075d400000, 0x000000075d600000|  0%| F|  |TAMS 0x000000075d400000, 0x000000075d400000| Untracked 
| 235|0x000000075d600000, 0x000000075d600000, 0x000000075d800000|  0%| F|  |TAMS 0x000000075d600000, 0x000000075d600000| Untracked 
| 236|0x000000075d800000, 0x000000075d800000, 0x000000075da00000|  0%| F|  |TAMS 0x000000075d800000, 0x000000075d800000| Untracked 
| 237|0x000000075da00000, 0x000000075da00000, 0x000000075dc00000|  0%| F|  |TAMS 0x000000075da00000, 0x000000075da00000| Untracked 
| 238|0x000000075dc00000, 0x000000075dc00000, 0x000000075de00000|  0%| F|  |TAMS 0x000000075dc00000, 0x000000075dc00000| Untracked 
| 239|0x000000075de00000, 0x000000075de00000, 0x000000075e000000|  0%| F|  |TAMS 0x000000075de00000, 0x000000075de00000| Untracked 
| 240|0x000000075e000000, 0x000000075e000000, 0x000000075e200000|  0%| F|  |TAMS 0x000000075e000000, 0x000000075e000000| Untracked 
| 241|0x000000075e200000, 0x000000075e200000, 0x000000075e400000|  0%| F|  |TAMS 0x000000075e200000, 0x000000075e200000| Untracked 
| 242|0x000000075e400000, 0x000000075e400000, 0x000000075e600000|  0%| F|  |TAMS 0x000000075e400000, 0x000000075e400000| Untracked 
| 243|0x000000075e600000, 0x000000075e600000, 0x000000075e800000|  0%| F|  |TAMS 0x000000075e600000, 0x000000075e600000| Untracked 
| 244|0x000000075e800000, 0x000000075e800000, 0x000000075ea00000|  0%| F|  |TAMS 0x000000075e800000, 0x000000075e800000| Untracked 
| 245|0x000000075ea00000, 0x000000075ea00000, 0x000000075ec00000|  0%| F|  |TAMS 0x000000075ea00000, 0x000000075ea00000| Untracked 
| 246|0x000000075ec00000, 0x000000075ec00000, 0x000000075ee00000|  0%| F|  |TAMS 0x000000075ec00000, 0x000000075ec00000| Untracked 
| 247|0x000000075ee00000, 0x000000075ee00000, 0x000000075f000000|  0%| F|  |TAMS 0x000000075ee00000, 0x000000075ee00000| Untracked 
| 248|0x000000075f000000, 0x000000075f000000, 0x000000075f200000|  0%| F|  |TAMS 0x000000075f000000, 0x000000075f000000| Untracked 
| 249|0x000000075f200000, 0x000000075f200000, 0x000000075f400000|  0%| F|  |TAMS 0x000000075f200000, 0x000000075f200000| Untracked 
| 250|0x000000075f400000, 0x000000075f400000, 0x000000075f600000|  0%| F|  |TAMS 0x000000075f400000, 0x000000075f400000| Untracked 
| 251|0x000000075f600000, 0x000000075f600000, 0x000000075f800000|  0%| F|  |TAMS 0x000000075f600000, 0x000000075f600000| Untracked 
| 252|0x000000075f800000, 0x000000075f800000, 0x000000075fa00000|  0%| F|  |TAMS 0x000000075f800000, 0x000000075f800000| Untracked 
| 253|0x000000075fa00000, 0x000000075fa00000, 0x000000075fc00000|  0%| F|  |TAMS 0x000000075fa00000, 0x000000075fa00000| Untracked 
| 254|0x000000075fc00000, 0x000000075fc00000, 0x000000075fe00000|  0%| F|  |TAMS 0x000000075fc00000, 0x000000075fc00000| Untracked 
| 255|0x000000075fe00000, 0x000000075fe00000, 0x0000000760000000|  0%| F|  |TAMS 0x000000075fe00000, 0x000000075fe00000| Untracked 
| 256|0x0000000760000000, 0x0000000760000000, 0x0000000760200000|  0%| F|  |TAMS 0x0000000760000000, 0x0000000760000000| Untracked 
| 257|0x0000000760200000, 0x0000000760200000, 0x0000000760400000|  0%| F|  |TAMS 0x0000000760200000, 0x0000000760200000| Untracked 
| 258|0x0000000760400000, 0x0000000760400000, 0x0000000760600000|  0%| F|  |TAMS 0x0000000760400000, 0x0000000760400000| Untracked 
| 259|0x0000000760600000, 0x0000000760600000, 0x0000000760800000|  0%| F|  |TAMS 0x0000000760600000, 0x0000000760600000| Untracked 
| 260|0x0000000760800000, 0x0000000760800000, 0x0000000760a00000|  0%| F|  |TAMS 0x0000000760800000, 0x0000000760800000| Untracked 
| 261|0x0000000760a00000, 0x0000000760a00000, 0x0000000760c00000|  0%| F|  |TAMS 0x0000000760a00000, 0x0000000760a00000| Untracked 
| 262|0x0000000760c00000, 0x0000000760c00000, 0x0000000760e00000|  0%| F|  |TAMS 0x0000000760c00000, 0x0000000760c00000| Untracked 
| 263|0x0000000760e00000, 0x0000000760e00000, 0x0000000761000000|  0%| F|  |TAMS 0x0000000760e00000, 0x0000000760e00000| Untracked 
| 264|0x0000000761000000, 0x0000000761000000, 0x0000000761200000|  0%| F|  |TAMS 0x0000000761000000, 0x0000000761000000| Untracked 
| 265|0x0000000761200000, 0x0000000761200000, 0x0000000761400000|  0%| F|  |TAMS 0x0000000761200000, 0x0000000761200000| Untracked 
| 266|0x0000000761400000, 0x0000000761400000, 0x0000000761600000|  0%| F|  |TAMS 0x0000000761400000, 0x0000000761400000| Untracked 
| 267|0x0000000761600000, 0x0000000761600000, 0x0000000761800000|  0%| F|  |TAMS 0x0000000761600000, 0x0000000761600000| Untracked 
| 268|0x0000000761800000, 0x0000000761800000, 0x0000000761a00000|  0%| F|  |TAMS 0x0000000761800000, 0x0000000761800000| Untracked 
| 269|0x0000000761a00000, 0x0000000761a00000, 0x0000000761c00000|  0%| F|  |TAMS 0x0000000761a00000, 0x0000000761a00000| Untracked 
| 270|0x0000000761c00000, 0x0000000761c00000, 0x0000000761e00000|  0%| F|  |TAMS 0x0000000761c00000, 0x0000000761c00000| Untracked 
| 271|0x0000000761e00000, 0x0000000761e00000, 0x0000000762000000|  0%| F|  |TAMS 0x0000000761e00000, 0x0000000761e00000| Untracked 
| 272|0x0000000762000000, 0x0000000762200000, 0x0000000762200000|100%| S|CS|TAMS 0x0000000762000000, 0x0000000762000000| Complete 
| 273|0x0000000762200000, 0x0000000762400000, 0x0000000762400000|100%| S|CS|TAMS 0x0000000762200000, 0x0000000762200000| Complete 
| 274|0x0000000762400000, 0x0000000762600000, 0x0000000762600000|100%| S|CS|TAMS 0x0000000762400000, 0x0000000762400000| Complete 
| 275|0x0000000762600000, 0x0000000762800000, 0x0000000762800000|100%| S|CS|TAMS 0x0000000762600000, 0x0000000762600000| Complete 
| 276|0x0000000762800000, 0x0000000762a00000, 0x0000000762a00000|100%| S|CS|TAMS 0x0000000762800000, 0x0000000762800000| Complete 
| 277|0x0000000762a00000, 0x0000000762c00000, 0x0000000762c00000|100%| S|CS|TAMS 0x0000000762a00000, 0x0000000762a00000| Complete 
| 278|0x0000000762c00000, 0x0000000762e00000, 0x0000000762e00000|100%| S|CS|TAMS 0x0000000762c00000, 0x0000000762c00000| Complete 
| 279|0x0000000762e00000, 0x0000000763000000, 0x0000000763000000|100%| S|CS|TAMS 0x0000000762e00000, 0x0000000762e00000| Complete 
| 280|0x0000000763000000, 0x0000000763000000, 0x0000000763200000|  0%| F|  |TAMS 0x0000000763000000, 0x0000000763000000| Untracked 
| 281|0x0000000763200000, 0x0000000763200000, 0x0000000763400000|  0%| F|  |TAMS 0x0000000763200000, 0x0000000763200000| Untracked 
| 282|0x0000000763400000, 0x0000000763400000, 0x0000000763600000|  0%| F|  |TAMS 0x0000000763400000, 0x0000000763400000| Untracked 
| 283|0x0000000763600000, 0x0000000763600000, 0x0000000763800000|  0%| F|  |TAMS 0x0000000763600000, 0x0000000763600000| Untracked 
| 284|0x0000000763800000, 0x0000000763800000, 0x0000000763a00000|  0%| F|  |TAMS 0x0000000763800000, 0x0000000763800000| Untracked 
| 285|0x0000000763a00000, 0x0000000763a00000, 0x0000000763c00000|  0%| F|  |TAMS 0x0000000763a00000, 0x0000000763a00000| Untracked 
| 286|0x0000000763c00000, 0x0000000763c00000, 0x0000000763e00000|  0%| F|  |TAMS 0x0000000763c00000, 0x0000000763c00000| Untracked 
| 287|0x0000000763e00000, 0x0000000763e00000, 0x0000000764000000|  0%| F|  |TAMS 0x0000000763e00000, 0x0000000763e00000| Untracked 
| 288|0x0000000764000000, 0x0000000764000000, 0x0000000764200000|  0%| F|  |TAMS 0x0000000764000000, 0x0000000764000000| Untracked 
| 289|0x0000000764200000, 0x0000000764200000, 0x0000000764400000|  0%| F|  |TAMS 0x0000000764200000, 0x0000000764200000| Untracked 
| 290|0x0000000764400000, 0x0000000764400000, 0x0000000764600000|  0%| F|  |TAMS 0x0000000764400000, 0x0000000764400000| Untracked 
| 291|0x0000000764600000, 0x0000000764600000, 0x0000000764800000|  0%| F|  |TAMS 0x0000000764600000, 0x0000000764600000| Untracked 
| 292|0x0000000764800000, 0x0000000764800000, 0x0000000764a00000|  0%| F|  |TAMS 0x0000000764800000, 0x0000000764800000| Untracked 
| 293|0x0000000764a00000, 0x0000000764a00000, 0x0000000764c00000|  0%| F|  |TAMS 0x0000000764a00000, 0x0000000764a00000| Untracked 
| 294|0x0000000764c00000, 0x0000000764c00000, 0x0000000764e00000|  0%| F|  |TAMS 0x0000000764c00000, 0x0000000764c00000| Untracked 
| 295|0x0000000764e00000, 0x0000000765000000, 0x0000000765000000|100%| S|CS|TAMS 0x0000000764e00000, 0x0000000764e00000| Complete 
| 296|0x0000000765000000, 0x0000000765200000, 0x0000000765200000|100%| S|CS|TAMS 0x0000000765000000, 0x0000000765000000| Complete 
| 297|0x0000000765200000, 0x0000000765400000, 0x0000000765400000|100%| S|CS|TAMS 0x0000000765200000, 0x0000000765200000| Complete 
| 298|0x0000000765400000, 0x0000000765600000, 0x0000000765600000|100%| S|CS|TAMS 0x0000000765400000, 0x0000000765400000| Complete 
| 299|0x0000000765600000, 0x0000000765800000, 0x0000000765800000|100%| S|CS|TAMS 0x0000000765600000, 0x0000000765600000| Complete 
| 300|0x0000000765800000, 0x0000000765a00000, 0x0000000765a00000|100%| S|CS|TAMS 0x0000000765800000, 0x0000000765800000| Complete 
| 301|0x0000000765a00000, 0x0000000765c00000, 0x0000000765c00000|100%| S|CS|TAMS 0x0000000765a00000, 0x0000000765a00000| Complete 
| 302|0x0000000765c00000, 0x0000000765e00000, 0x0000000765e00000|100%| S|CS|TAMS 0x0000000765c00000, 0x0000000765c00000| Complete 
| 303|0x0000000765e00000, 0x0000000766000000, 0x0000000766000000|100%| S|CS|TAMS 0x0000000765e00000, 0x0000000765e00000| Complete 
| 304|0x0000000766000000, 0x0000000766200000, 0x0000000766200000|100%| S|CS|TAMS 0x0000000766000000, 0x0000000766000000| Complete 
| 305|0x0000000766200000, 0x0000000766400000, 0x0000000766400000|100%| S|CS|TAMS 0x0000000766200000, 0x0000000766200000| Complete 
| 306|0x0000000766400000, 0x0000000766400000, 0x0000000766600000|  0%| F|  |TAMS 0x0000000766400000, 0x0000000766400000| Untracked 
| 307|0x0000000766600000, 0x0000000766600000, 0x0000000766800000|  0%| F|  |TAMS 0x0000000766600000, 0x0000000766600000| Untracked 
| 308|0x0000000766800000, 0x0000000766800000, 0x0000000766a00000|  0%| F|  |TAMS 0x0000000766800000, 0x0000000766800000| Untracked 
| 309|0x0000000766a00000, 0x0000000766a00000, 0x0000000766c00000|  0%| F|  |TAMS 0x0000000766a00000, 0x0000000766a00000| Untracked 
| 310|0x0000000766c00000, 0x0000000766c00000, 0x0000000766e00000|  0%| F|  |TAMS 0x0000000766c00000, 0x0000000766c00000| Untracked 
| 311|0x0000000766e00000, 0x0000000766e00000, 0x0000000767000000|  0%| F|  |TAMS 0x0000000766e00000, 0x0000000766e00000| Untracked 
| 312|0x0000000767000000, 0x0000000767000000, 0x0000000767200000|  0%| F|  |TAMS 0x0000000767000000, 0x0000000767000000| Untracked 
| 313|0x0000000767200000, 0x0000000767200000, 0x0000000767400000|  0%| F|  |TAMS 0x0000000767200000, 0x0000000767200000| Untracked 
| 314|0x0000000767400000, 0x0000000767400000, 0x0000000767600000|  0%| F|  |TAMS 0x0000000767400000, 0x0000000767400000| Untracked 
| 315|0x0000000767600000, 0x0000000767600000, 0x0000000767800000|  0%| F|  |TAMS 0x0000000767600000, 0x0000000767600000| Untracked 
| 316|0x0000000767800000, 0x0000000767800000, 0x0000000767a00000|  0%| F|  |TAMS 0x0000000767800000, 0x0000000767800000| Untracked 
| 317|0x0000000767a00000, 0x0000000767a00000, 0x0000000767c00000|  0%| F|  |TAMS 0x0000000767a00000, 0x0000000767a00000| Untracked 
| 318|0x0000000767c00000, 0x0000000767c00000, 0x0000000767e00000|  0%| F|  |TAMS 0x0000000767c00000, 0x0000000767c00000| Untracked 
| 319|0x0000000767e00000, 0x0000000767e00000, 0x0000000768000000|  0%| F|  |TAMS 0x0000000767e00000, 0x0000000767e00000| Untracked 
| 320|0x0000000768000000, 0x0000000768000000, 0x0000000768200000|  0%| F|  |TAMS 0x0000000768000000, 0x0000000768000000| Untracked 
| 321|0x0000000768200000, 0x0000000768200000, 0x0000000768400000|  0%| F|  |TAMS 0x0000000768200000, 0x0000000768200000| Untracked 
| 322|0x0000000768400000, 0x0000000768400000, 0x0000000768600000|  0%| F|  |TAMS 0x0000000768400000, 0x0000000768400000| Untracked 
| 323|0x0000000768600000, 0x0000000768600000, 0x0000000768800000|  0%| F|  |TAMS 0x0000000768600000, 0x0000000768600000| Untracked 
| 324|0x0000000768800000, 0x0000000768800000, 0x0000000768a00000|  0%| F|  |TAMS 0x0000000768800000, 0x0000000768800000| Untracked 
| 325|0x0000000768a00000, 0x0000000768a00000, 0x0000000768c00000|  0%| F|  |TAMS 0x0000000768a00000, 0x0000000768a00000| Untracked 
| 326|0x0000000768c00000, 0x0000000768c00000, 0x0000000768e00000|  0%| F|  |TAMS 0x0000000768c00000, 0x0000000768c00000| Untracked 
| 327|0x0000000768e00000, 0x0000000768e00000, 0x0000000769000000|  0%| F|  |TAMS 0x0000000768e00000, 0x0000000768e00000| Untracked 
| 328|0x0000000769000000, 0x0000000769000000, 0x0000000769200000|  0%| F|  |TAMS 0x0000000769000000, 0x0000000769000000| Untracked 
| 329|0x0000000769200000, 0x0000000769200000, 0x0000000769400000|  0%| F|  |TAMS 0x0000000769200000, 0x0000000769200000| Untracked 
| 330|0x0000000769400000, 0x0000000769400000, 0x0000000769600000|  0%| F|  |TAMS 0x0000000769400000, 0x0000000769400000| Untracked 
| 331|0x0000000769600000, 0x0000000769600000, 0x0000000769800000|  0%| F|  |TAMS 0x0000000769600000, 0x0000000769600000| Untracked 
| 332|0x0000000769800000, 0x0000000769800000, 0x0000000769a00000|  0%| F|  |TAMS 0x0000000769800000, 0x0000000769800000| Untracked 
| 333|0x0000000769a00000, 0x0000000769a00000, 0x0000000769c00000|  0%| F|  |TAMS 0x0000000769a00000, 0x0000000769a00000| Untracked 
| 334|0x0000000769c00000, 0x0000000769c00000, 0x0000000769e00000|  0%| F|  |TAMS 0x0000000769c00000, 0x0000000769c00000| Untracked 
| 335|0x0000000769e00000, 0x0000000769e00000, 0x000000076a000000|  0%| F|  |TAMS 0x0000000769e00000, 0x0000000769e00000| Untracked 
| 336|0x000000076a000000, 0x000000076a000000, 0x000000076a200000|  0%| F|  |TAMS 0x000000076a000000, 0x000000076a000000| Untracked 
| 337|0x000000076a200000, 0x000000076a200000, 0x000000076a400000|  0%| F|  |TAMS 0x000000076a200000, 0x000000076a200000| Untracked 
| 338|0x000000076a400000, 0x000000076a400000, 0x000000076a600000|  0%| F|  |TAMS 0x000000076a400000, 0x000000076a400000| Untracked 
| 339|0x000000076a600000, 0x000000076a600000, 0x000000076a800000|  0%| F|  |TAMS 0x000000076a600000, 0x000000076a600000| Untracked 
| 340|0x000000076a800000, 0x000000076a800000, 0x000000076aa00000|  0%| F|  |TAMS 0x000000076a800000, 0x000000076a800000| Untracked 
| 341|0x000000076aa00000, 0x000000076aa00000, 0x000000076ac00000|  0%| F|  |TAMS 0x000000076aa00000, 0x000000076aa00000| Untracked 
| 342|0x000000076ac00000, 0x000000076ac00000, 0x000000076ae00000|  0%| F|  |TAMS 0x000000076ac00000, 0x000000076ac00000| Untracked 
| 343|0x000000076ae00000, 0x000000076ae00000, 0x000000076b000000|  0%| F|  |TAMS 0x000000076ae00000, 0x000000076ae00000| Untracked 
| 344|0x000000076b000000, 0x000000076b000000, 0x000000076b200000|  0%| F|  |TAMS 0x000000076b000000, 0x000000076b000000| Untracked 
| 345|0x000000076b200000, 0x000000076b200000, 0x000000076b400000|  0%| F|  |TAMS 0x000000076b200000, 0x000000076b200000| Untracked 
| 346|0x000000076b400000, 0x000000076b400000, 0x000000076b600000|  0%| F|  |TAMS 0x000000076b400000, 0x000000076b400000| Untracked 
| 347|0x000000076b600000, 0x000000076b600000, 0x000000076b800000|  0%| F|  |TAMS 0x000000076b600000, 0x000000076b600000| Untracked 
| 348|0x000000076b800000, 0x000000076b800000, 0x000000076ba00000|  0%| F|  |TAMS 0x000000076b800000, 0x000000076b800000| Untracked 
| 349|0x000000076ba00000, 0x000000076ba00000, 0x000000076bc00000|  0%| F|  |TAMS 0x000000076ba00000, 0x000000076ba00000| Untracked 
| 350|0x000000076bc00000, 0x000000076bc00000, 0x000000076be00000|  0%| F|  |TAMS 0x000000076bc00000, 0x000000076bc00000| Untracked 
| 351|0x000000076be00000, 0x000000076be00000, 0x000000076c000000|  0%| F|  |TAMS 0x000000076be00000, 0x000000076be00000| Untracked 
| 352|0x000000076c000000, 0x000000076c000000, 0x000000076c200000|  0%| F|  |TAMS 0x000000076c000000, 0x000000076c000000| Untracked 
| 353|0x000000076c200000, 0x000000076c200000, 0x000000076c400000|  0%| F|  |TAMS 0x000000076c200000, 0x000000076c200000| Untracked 
| 354|0x000000076c400000, 0x000000076c400000, 0x000000076c600000|  0%| F|  |TAMS 0x000000076c400000, 0x000000076c400000| Untracked 
| 355|0x000000076c600000, 0x000000076c600000, 0x000000076c800000|  0%| F|  |TAMS 0x000000076c600000, 0x000000076c600000| Untracked 
| 356|0x000000076c800000, 0x000000076c800000, 0x000000076ca00000|  0%| F|  |TAMS 0x000000076c800000, 0x000000076c800000| Untracked 
| 357|0x000000076ca00000, 0x000000076ca00000, 0x000000076cc00000|  0%| F|  |TAMS 0x000000076ca00000, 0x000000076ca00000| Untracked 
| 358|0x000000076cc00000, 0x000000076cc00000, 0x000000076ce00000|  0%| F|  |TAMS 0x000000076cc00000, 0x000000076cc00000| Untracked 
| 359|0x000000076ce00000, 0x000000076ce00000, 0x000000076d000000|  0%| F|  |TAMS 0x000000076ce00000, 0x000000076ce00000| Untracked 
| 360|0x000000076d000000, 0x000000076d000000, 0x000000076d200000|  0%| F|  |TAMS 0x000000076d000000, 0x000000076d000000| Untracked 
| 361|0x000000076d200000, 0x000000076d200000, 0x000000076d400000|  0%| F|  |TAMS 0x000000076d200000, 0x000000076d200000| Untracked 
| 362|0x000000076d400000, 0x000000076d400000, 0x000000076d600000|  0%| F|  |TAMS 0x000000076d400000, 0x000000076d400000| Untracked 
| 363|0x000000076d600000, 0x000000076d600000, 0x000000076d800000|  0%| F|  |TAMS 0x000000076d600000, 0x000000076d600000| Untracked 
| 364|0x000000076d800000, 0x000000076d800000, 0x000000076da00000|  0%| F|  |TAMS 0x000000076d800000, 0x000000076d800000| Untracked 
| 365|0x000000076da00000, 0x000000076da00000, 0x000000076dc00000|  0%| F|  |TAMS 0x000000076da00000, 0x000000076da00000| Untracked 
| 366|0x000000076dc00000, 0x000000076dc00000, 0x000000076de00000|  0%| F|  |TAMS 0x000000076dc00000, 0x000000076dc00000| Untracked 
| 367|0x000000076de00000, 0x000000076de00000, 0x000000076e000000|  0%| F|  |TAMS 0x000000076de00000, 0x000000076de00000| Untracked 
| 368|0x000000076e000000, 0x000000076e000000, 0x000000076e200000|  0%| F|  |TAMS 0x000000076e000000, 0x000000076e000000| Untracked 
| 369|0x000000076e200000, 0x000000076e200000, 0x000000076e400000|  0%| F|  |TAMS 0x000000076e200000, 0x000000076e200000| Untracked 
| 370|0x000000076e400000, 0x000000076e400000, 0x000000076e600000|  0%| F|  |TAMS 0x000000076e400000, 0x000000076e400000| Untracked 
| 371|0x000000076e600000, 0x000000076e600000, 0x000000076e800000|  0%| F|  |TAMS 0x000000076e600000, 0x000000076e600000| Untracked 
| 372|0x000000076e800000, 0x000000076e800000, 0x000000076ea00000|  0%| F|  |TAMS 0x000000076e800000, 0x000000076e800000| Untracked 
| 373|0x000000076ea00000, 0x000000076ea00000, 0x000000076ec00000|  0%| F|  |TAMS 0x000000076ea00000, 0x000000076ea00000| Untracked 
| 374|0x000000076ec00000, 0x000000076ec00000, 0x000000076ee00000|  0%| F|  |TAMS 0x000000076ec00000, 0x000000076ec00000| Untracked 
| 375|0x000000076ee00000, 0x000000076ee00000, 0x000000076f000000|  0%| F|  |TAMS 0x000000076ee00000, 0x000000076ee00000| Untracked 
| 376|0x000000076f000000, 0x000000076f000000, 0x000000076f200000|  0%| F|  |TAMS 0x000000076f000000, 0x000000076f000000| Untracked 
| 377|0x000000076f200000, 0x000000076f200000, 0x000000076f400000|  0%| F|  |TAMS 0x000000076f200000, 0x000000076f200000| Untracked 
| 378|0x000000076f400000, 0x000000076f400000, 0x000000076f600000|  0%| F|  |TAMS 0x000000076f400000, 0x000000076f400000| Untracked 
| 379|0x000000076f600000, 0x000000076f600000, 0x000000076f800000|  0%| F|  |TAMS 0x000000076f600000, 0x000000076f600000| Untracked 
| 380|0x000000076f800000, 0x000000076f800000, 0x000000076fa00000|  0%| F|  |TAMS 0x000000076f800000, 0x000000076f800000| Untracked 
| 381|0x000000076fa00000, 0x000000076fa00000, 0x000000076fc00000|  0%| F|  |TAMS 0x000000076fa00000, 0x000000076fa00000| Untracked 
| 382|0x000000076fc00000, 0x000000076fc00000, 0x000000076fe00000|  0%| F|  |TAMS 0x000000076fc00000, 0x000000076fc00000| Untracked 
| 383|0x000000076fe00000, 0x000000076fe00000, 0x0000000770000000|  0%| F|  |TAMS 0x000000076fe00000, 0x000000076fe00000| Untracked 
| 384|0x0000000770000000, 0x0000000770000000, 0x0000000770200000|  0%| F|  |TAMS 0x0000000770000000, 0x0000000770000000| Untracked 
| 385|0x0000000770200000, 0x0000000770200000, 0x0000000770400000|  0%| F|  |TAMS 0x0000000770200000, 0x0000000770200000| Untracked 
| 386|0x0000000770400000, 0x0000000770400000, 0x0000000770600000|  0%| F|  |TAMS 0x0000000770400000, 0x0000000770400000| Untracked 
| 387|0x0000000770600000, 0x0000000770600000, 0x0000000770800000|  0%| F|  |TAMS 0x0000000770600000, 0x0000000770600000| Untracked 
| 388|0x0000000770800000, 0x0000000770800000, 0x0000000770a00000|  0%| F|  |TAMS 0x0000000770800000, 0x0000000770800000| Untracked 
| 389|0x0000000770a00000, 0x0000000770a00000, 0x0000000770c00000|  0%| F|  |TAMS 0x0000000770a00000, 0x0000000770a00000| Untracked 
| 390|0x0000000770c00000, 0x0000000770c00000, 0x0000000770e00000|  0%| F|  |TAMS 0x0000000770c00000, 0x0000000770c00000| Untracked 
| 391|0x0000000770e00000, 0x0000000770e00000, 0x0000000771000000|  0%| F|  |TAMS 0x0000000770e00000, 0x0000000770e00000| Untracked 
| 392|0x0000000771000000, 0x0000000771000000, 0x0000000771200000|  0%| F|  |TAMS 0x0000000771000000, 0x0000000771000000| Untracked 
| 393|0x0000000771200000, 0x0000000771200000, 0x0000000771400000|  0%| F|  |TAMS 0x0000000771200000, 0x0000000771200000| Untracked 
| 394|0x0000000771400000, 0x0000000771400000, 0x0000000771600000|  0%| F|  |TAMS 0x0000000771400000, 0x0000000771400000| Untracked 
| 395|0x0000000771600000, 0x0000000771600000, 0x0000000771800000|  0%| F|  |TAMS 0x0000000771600000, 0x0000000771600000| Untracked 
| 396|0x0000000771800000, 0x0000000771800000, 0x0000000771a00000|  0%| F|  |TAMS 0x0000000771800000, 0x0000000771800000| Untracked 
| 397|0x0000000771a00000, 0x0000000771a00000, 0x0000000771c00000|  0%| F|  |TAMS 0x0000000771a00000, 0x0000000771a00000| Untracked 
| 398|0x0000000771c00000, 0x0000000771c00000, 0x0000000771e00000|  0%| F|  |TAMS 0x0000000771c00000, 0x0000000771c00000| Untracked 
| 399|0x0000000771e00000, 0x0000000771e00000, 0x0000000772000000|  0%| F|  |TAMS 0x0000000771e00000, 0x0000000771e00000| Untracked 
| 400|0x0000000772000000, 0x0000000772000000, 0x0000000772200000|  0%| F|  |TAMS 0x0000000772000000, 0x0000000772000000| Untracked 
| 401|0x0000000772200000, 0x0000000772200000, 0x0000000772400000|  0%| F|  |TAMS 0x0000000772200000, 0x0000000772200000| Untracked 
| 402|0x0000000772400000, 0x0000000772400000, 0x0000000772600000|  0%| F|  |TAMS 0x0000000772400000, 0x0000000772400000| Untracked 
| 403|0x0000000772600000, 0x0000000772600000, 0x0000000772800000|  0%| F|  |TAMS 0x0000000772600000, 0x0000000772600000| Untracked 
| 404|0x0000000772800000, 0x0000000772800000, 0x0000000772a00000|  0%| F|  |TAMS 0x0000000772800000, 0x0000000772800000| Untracked 
| 405|0x0000000772a00000, 0x0000000772a00000, 0x0000000772c00000|  0%| F|  |TAMS 0x0000000772a00000, 0x0000000772a00000| Untracked 
| 406|0x0000000772c00000, 0x0000000772c00000, 0x0000000772e00000|  0%| F|  |TAMS 0x0000000772c00000, 0x0000000772c00000| Untracked 
| 407|0x0000000772e00000, 0x0000000772e00000, 0x0000000773000000|  0%| F|  |TAMS 0x0000000772e00000, 0x0000000772e00000| Untracked 
| 408|0x0000000773000000, 0x0000000773000000, 0x0000000773200000|  0%| F|  |TAMS 0x0000000773000000, 0x0000000773000000| Untracked 
| 409|0x0000000773200000, 0x0000000773200000, 0x0000000773400000|  0%| F|  |TAMS 0x0000000773200000, 0x0000000773200000| Untracked 
| 410|0x0000000773400000, 0x0000000773400000, 0x0000000773600000|  0%| F|  |TAMS 0x0000000773400000, 0x0000000773400000| Untracked 
| 411|0x0000000773600000, 0x0000000773600000, 0x0000000773800000|  0%| F|  |TAMS 0x0000000773600000, 0x0000000773600000| Untracked 
| 412|0x0000000773800000, 0x0000000773800000, 0x0000000773a00000|  0%| F|  |TAMS 0x0000000773800000, 0x0000000773800000| Untracked 
| 413|0x0000000773a00000, 0x0000000773a00000, 0x0000000773c00000|  0%| F|  |TAMS 0x0000000773a00000, 0x0000000773a00000| Untracked 
| 414|0x0000000773c00000, 0x0000000773c00000, 0x0000000773e00000|  0%| F|  |TAMS 0x0000000773c00000, 0x0000000773c00000| Untracked 
| 415|0x0000000773e00000, 0x0000000773e00000, 0x0000000774000000|  0%| F|  |TAMS 0x0000000773e00000, 0x0000000773e00000| Untracked 
| 416|0x0000000774000000, 0x0000000774000000, 0x0000000774200000|  0%| F|  |TAMS 0x0000000774000000, 0x0000000774000000| Untracked 
| 417|0x0000000774200000, 0x0000000774200000, 0x0000000774400000|  0%| F|  |TAMS 0x0000000774200000, 0x0000000774200000| Untracked 
| 418|0x0000000774400000, 0x0000000774400000, 0x0000000774600000|  0%| F|  |TAMS 0x0000000774400000, 0x0000000774400000| Untracked 
| 419|0x0000000774600000, 0x0000000774600000, 0x0000000774800000|  0%| F|  |TAMS 0x0000000774600000, 0x0000000774600000| Untracked 
| 420|0x0000000774800000, 0x0000000774800000, 0x0000000774a00000|  0%| F|  |TAMS 0x0000000774800000, 0x0000000774800000| Untracked 
| 421|0x0000000774a00000, 0x0000000774a00000, 0x0000000774c00000|  0%| F|  |TAMS 0x0000000774a00000, 0x0000000774a00000| Untracked 
| 422|0x0000000774c00000, 0x0000000774c00000, 0x0000000774e00000|  0%| F|  |TAMS 0x0000000774c00000, 0x0000000774c00000| Untracked 
| 423|0x0000000774e00000, 0x0000000774e00000, 0x0000000775000000|  0%| F|  |TAMS 0x0000000774e00000, 0x0000000774e00000| Untracked 
| 424|0x0000000775000000, 0x0000000775000000, 0x0000000775200000|  0%| F|  |TAMS 0x0000000775000000, 0x0000000775000000| Untracked 
| 425|0x0000000775200000, 0x0000000775200000, 0x0000000775400000|  0%| F|  |TAMS 0x0000000775200000, 0x0000000775200000| Untracked 
| 426|0x0000000775400000, 0x0000000775400000, 0x0000000775600000|  0%| F|  |TAMS 0x0000000775400000, 0x0000000775400000| Untracked 
| 427|0x0000000775600000, 0x0000000775600000, 0x0000000775800000|  0%| F|  |TAMS 0x0000000775600000, 0x0000000775600000| Untracked 
| 428|0x0000000775800000, 0x0000000775800000, 0x0000000775a00000|  0%| F|  |TAMS 0x0000000775800000, 0x0000000775800000| Untracked 
| 429|0x0000000775a00000, 0x0000000775a00000, 0x0000000775c00000|  0%| F|  |TAMS 0x0000000775a00000, 0x0000000775a00000| Untracked 
| 430|0x0000000775c00000, 0x0000000775c00000, 0x0000000775e00000|  0%| F|  |TAMS 0x0000000775c00000, 0x0000000775c00000| Untracked 
| 431|0x0000000775e00000, 0x0000000775e00000, 0x0000000776000000|  0%| F|  |TAMS 0x0000000775e00000, 0x0000000775e00000| Untracked 
| 432|0x0000000776000000, 0x0000000776000000, 0x0000000776200000|  0%| F|  |TAMS 0x0000000776000000, 0x0000000776000000| Untracked 
| 433|0x0000000776200000, 0x0000000776200000, 0x0000000776400000|  0%| F|  |TAMS 0x0000000776200000, 0x0000000776200000| Untracked 
| 434|0x0000000776400000, 0x0000000776400000, 0x0000000776600000|  0%| F|  |TAMS 0x0000000776400000, 0x0000000776400000| Untracked 
| 435|0x0000000776600000, 0x0000000776600000, 0x0000000776800000|  0%| F|  |TAMS 0x0000000776600000, 0x0000000776600000| Untracked 
| 436|0x0000000776800000, 0x0000000776800000, 0x0000000776a00000|  0%| F|  |TAMS 0x0000000776800000, 0x0000000776800000| Untracked 
| 437|0x0000000776a00000, 0x0000000776a00000, 0x0000000776c00000|  0%| F|  |TAMS 0x0000000776a00000, 0x0000000776a00000| Untracked 
| 438|0x0000000776c00000, 0x0000000776c00000, 0x0000000776e00000|  0%| F|  |TAMS 0x0000000776c00000, 0x0000000776c00000| Untracked 
| 439|0x0000000776e00000, 0x0000000776e00000, 0x0000000777000000|  0%| F|  |TAMS 0x0000000776e00000, 0x0000000776e00000| Untracked 
| 440|0x0000000777000000, 0x0000000777000000, 0x0000000777200000|  0%| F|  |TAMS 0x0000000777000000, 0x0000000777000000| Untracked 
| 441|0x0000000777200000, 0x0000000777200000, 0x0000000777400000|  0%| F|  |TAMS 0x0000000777200000, 0x0000000777200000| Untracked 
| 442|0x0000000777400000, 0x0000000777400000, 0x0000000777600000|  0%| F|  |TAMS 0x0000000777400000, 0x0000000777400000| Untracked 
| 443|0x0000000777600000, 0x0000000777600000, 0x0000000777800000|  0%| F|  |TAMS 0x0000000777600000, 0x0000000777600000| Untracked 
| 444|0x0000000777800000, 0x0000000777800000, 0x0000000777a00000|  0%| F|  |TAMS 0x0000000777800000, 0x0000000777800000| Untracked 
| 445|0x0000000777a00000, 0x0000000777a00000, 0x0000000777c00000|  0%| F|  |TAMS 0x0000000777a00000, 0x0000000777a00000| Untracked 
| 446|0x0000000777c00000, 0x0000000777ca3c08, 0x0000000777e00000| 31%| E|  |TAMS 0x0000000777c00000, 0x0000000777c00000| Complete 
| 447|0x0000000777e00000, 0x0000000778000000, 0x0000000778000000|100%| E|CS|TAMS 0x0000000777e00000, 0x0000000777e00000| Complete 
| 448|0x0000000778000000, 0x0000000778200000, 0x0000000778200000|100%| E|CS|TAMS 0x0000000778000000, 0x0000000778000000| Complete 
| 449|0x0000000778200000, 0x0000000778400000, 0x0000000778400000|100%| E|CS|TAMS 0x0000000778200000, 0x0000000778200000| Complete 
| 450|0x0000000778400000, 0x0000000778600000, 0x0000000778600000|100%| E|CS|TAMS 0x0000000778400000, 0x0000000778400000| Complete 
| 451|0x0000000778600000, 0x0000000778800000, 0x0000000778800000|100%| E|CS|TAMS 0x0000000778600000, 0x0000000778600000| Complete 
| 452|0x0000000778800000, 0x0000000778a00000, 0x0000000778a00000|100%| E|CS|TAMS 0x0000000778800000, 0x0000000778800000| Complete 
| 453|0x0000000778a00000, 0x0000000778c00000, 0x0000000778c00000|100%| E|CS|TAMS 0x0000000778a00000, 0x0000000778a00000| Complete 
| 454|0x0000000778c00000, 0x0000000778e00000, 0x0000000778e00000|100%| E|  |TAMS 0x0000000778c00000, 0x0000000778c00000| Complete 
| 455|0x0000000778e00000, 0x0000000779000000, 0x0000000779000000|100%| E|CS|TAMS 0x0000000778e00000, 0x0000000778e00000| Complete 
| 456|0x0000000779000000, 0x0000000779200000, 0x0000000779200000|100%| E|CS|TAMS 0x0000000779000000, 0x0000000779000000| Complete 
| 457|0x0000000779200000, 0x0000000779400000, 0x0000000779400000|100%| E|CS|TAMS 0x0000000779200000, 0x0000000779200000| Complete 
| 458|0x0000000779400000, 0x0000000779600000, 0x0000000779600000|100%| E|CS|TAMS 0x0000000779400000, 0x0000000779400000| Complete 
| 459|0x0000000779600000, 0x0000000779800000, 0x0000000779800000|100%| E|CS|TAMS 0x0000000779600000, 0x0000000779600000| Complete 
| 460|0x0000000779800000, 0x0000000779a00000, 0x0000000779a00000|100%| E|CS|TAMS 0x0000000779800000, 0x0000000779800000| Complete 
| 461|0x0000000779a00000, 0x0000000779c00000, 0x0000000779c00000|100%| E|CS|TAMS 0x0000000779a00000, 0x0000000779a00000| Complete 
| 462|0x0000000779c00000, 0x0000000779e00000, 0x0000000779e00000|100%| E|CS|TAMS 0x0000000779c00000, 0x0000000779c00000| Complete 
| 463|0x0000000779e00000, 0x000000077a000000, 0x000000077a000000|100%| E|CS|TAMS 0x0000000779e00000, 0x0000000779e00000| Complete 
| 464|0x000000077a000000, 0x000000077a200000, 0x000000077a200000|100%| E|CS|TAMS 0x000000077a000000, 0x000000077a000000| Complete 
| 465|0x000000077a200000, 0x000000077a400000, 0x000000077a400000|100%| E|CS|TAMS 0x000000077a200000, 0x000000077a200000| Complete 
| 466|0x000000077a400000, 0x000000077a600000, 0x000000077a600000|100%| E|CS|TAMS 0x000000077a400000, 0x000000077a400000| Complete 
| 467|0x000000077a600000, 0x000000077a800000, 0x000000077a800000|100%| E|CS|TAMS 0x000000077a600000, 0x000000077a600000| Complete 
| 468|0x000000077a800000, 0x000000077aa00000, 0x000000077aa00000|100%| E|CS|TAMS 0x000000077a800000, 0x000000077a800000| Complete 
| 469|0x000000077aa00000, 0x000000077ac00000, 0x000000077ac00000|100%| E|CS|TAMS 0x000000077aa00000, 0x000000077aa00000| Complete 
| 470|0x000000077ac00000, 0x000000077ae00000, 0x000000077ae00000|100%| E|CS|TAMS 0x000000077ac00000, 0x000000077ac00000| Complete 
| 471|0x000000077ae00000, 0x000000077b000000, 0x000000077b000000|100%| E|CS|TAMS 0x000000077ae00000, 0x000000077ae00000| Complete 
| 472|0x000000077b000000, 0x000000077b200000, 0x000000077b200000|100%| E|CS|TAMS 0x000000077b000000, 0x000000077b000000| Complete 
| 473|0x000000077b200000, 0x000000077b400000, 0x000000077b400000|100%| E|CS|TAMS 0x000000077b200000, 0x000000077b200000| Complete 
| 474|0x000000077b400000, 0x000000077b600000, 0x000000077b600000|100%| E|CS|TAMS 0x000000077b400000, 0x000000077b400000| Complete 
| 475|0x000000077b600000, 0x000000077b800000, 0x000000077b800000|100%| E|CS|TAMS 0x000000077b600000, 0x000000077b600000| Complete 
| 476|0x000000077b800000, 0x000000077ba00000, 0x000000077ba00000|100%| E|CS|TAMS 0x000000077b800000, 0x000000077b800000| Complete 
| 477|0x000000077ba00000, 0x000000077bc00000, 0x000000077bc00000|100%| E|CS|TAMS 0x000000077ba00000, 0x000000077ba00000| Complete 
| 478|0x000000077bc00000, 0x000000077be00000, 0x000000077be00000|100%| E|CS|TAMS 0x000000077bc00000, 0x000000077bc00000| Complete 
| 479|0x000000077be00000, 0x000000077c000000, 0x000000077c000000|100%| E|CS|TAMS 0x000000077be00000, 0x000000077be00000| Complete 
| 480|0x000000077c000000, 0x000000077c200000, 0x000000077c200000|100%| E|CS|TAMS 0x000000077c000000, 0x000000077c000000| Complete 
| 481|0x000000077c200000, 0x000000077c400000, 0x000000077c400000|100%| E|CS|TAMS 0x000000077c200000, 0x000000077c200000| Complete 
| 482|0x000000077c400000, 0x000000077c600000, 0x000000077c600000|100%| E|CS|TAMS 0x000000077c400000, 0x000000077c400000| Complete 
| 483|0x000000077c600000, 0x000000077c800000, 0x000000077c800000|100%| E|CS|TAMS 0x000000077c600000, 0x000000077c600000| Complete 
| 484|0x000000077c800000, 0x000000077ca00000, 0x000000077ca00000|100%| E|CS|TAMS 0x000000077c800000, 0x000000077c800000| Complete 
| 485|0x000000077ca00000, 0x000000077cc00000, 0x000000077cc00000|100%| E|CS|TAMS 0x000000077ca00000, 0x000000077ca00000| Complete 
| 486|0x000000077cc00000, 0x000000077ce00000, 0x000000077ce00000|100%| E|CS|TAMS 0x000000077cc00000, 0x000000077cc00000| Complete 
| 487|0x000000077ce00000, 0x000000077d000000, 0x000000077d000000|100%| E|CS|TAMS 0x000000077ce00000, 0x000000077ce00000| Complete 
| 488|0x000000077d000000, 0x000000077d200000, 0x000000077d200000|100%| E|CS|TAMS 0x000000077d000000, 0x000000077d000000| Complete 
| 489|0x000000077d200000, 0x000000077d400000, 0x000000077d400000|100%| E|CS|TAMS 0x000000077d200000, 0x000000077d200000| Complete 
| 490|0x000000077d400000, 0x000000077d600000, 0x000000077d600000|100%| E|CS|TAMS 0x000000077d400000, 0x000000077d400000| Complete 
| 491|0x000000077d600000, 0x000000077d800000, 0x000000077d800000|100%| E|CS|TAMS 0x000000077d600000, 0x000000077d600000| Complete 
| 492|0x000000077d800000, 0x000000077da00000, 0x000000077da00000|100%| E|CS|TAMS 0x000000077d800000, 0x000000077d800000| Complete 
| 493|0x000000077da00000, 0x000000077dc00000, 0x000000077dc00000|100%| E|CS|TAMS 0x000000077da00000, 0x000000077da00000| Complete 
| 494|0x000000077dc00000, 0x000000077de00000, 0x000000077de00000|100%| E|CS|TAMS 0x000000077dc00000, 0x000000077dc00000| Complete 
| 495|0x000000077de00000, 0x000000077e000000, 0x000000077e000000|100%| E|CS|TAMS 0x000000077de00000, 0x000000077de00000| Complete 
| 496|0x000000077e000000, 0x000000077e200000, 0x000000077e200000|100%| E|CS|TAMS 0x000000077e000000, 0x000000077e000000| Complete 
| 497|0x000000077e200000, 0x000000077e400000, 0x000000077e400000|100%| E|CS|TAMS 0x000000077e200000, 0x000000077e200000| Complete 
| 498|0x000000077e400000, 0x000000077e600000, 0x000000077e600000|100%| E|CS|TAMS 0x000000077e400000, 0x000000077e400000| Complete 
| 499|0x000000077e600000, 0x000000077e800000, 0x000000077e800000|100%| E|CS|TAMS 0x000000077e600000, 0x000000077e600000| Complete 
| 500|0x000000077e800000, 0x000000077ea00000, 0x000000077ea00000|100%| E|CS|TAMS 0x000000077e800000, 0x000000077e800000| Complete 
| 501|0x000000077ea00000, 0x000000077ec00000, 0x000000077ec00000|100%| E|CS|TAMS 0x000000077ea00000, 0x000000077ea00000| Complete 

Card table byte_map: [0x000001a460d20000,0x000001a461320000] _byte_map_base: 0x000001a45d320000

Marking Bits (Prev, Next): (CMBitMap*) 0x000001a4496e63f0, (CMBitMap*) 0x000001a4496e6430
 Prev Bits: [0x000001a461920000, 0x000001a464920000)
 Next Bits: [0x000001a464920000, 0x000001a467920000)

Polling page: 0x000001a447440000

Metaspace:

Usage:
  Non-class:    111.20 MB used.
      Class:     17.60 MB used.
       Both:    128.80 MB used.

Virtual space:
  Non-class space:      128.00 MB reserved,     112.62 MB ( 88%) committed,  2 nodes.
      Class space:      624.00 MB reserved,      18.75 MB (  3%) committed,  1 nodes.
             Both:      752.00 MB reserved,     131.38 MB ( 17%) committed. 

Chunk freelists:
   Non-Class:  15.17 MB
       Class:  13.23 MB
        Both:  28.40 MB

MaxMetaspaceSize: 768.00 MB
CompressedClassSpaceSize: 624.00 MB
Initial GC threshold: 21.00 MB
Current GC threshold: 199.81 MB
CDS: on
MetaspaceReclaimPolicy: balanced
 - commit_granule_bytes: 65536.
 - commit_granule_words: 8192.
 - virtual_space_node_default_size: 8388608.
 - enlarge_chunks_in_place: 1.
 - new_chunks_are_fully_committed: 0.
 - uncommit_free_chunks: 1.
 - use_allocation_guard: 0.
 - handle_deallocations: 1.


Internal statistics:

num_allocs_failed_limit: 9.
num_arena_births: 3558.
num_arena_deaths: 0.
num_vsnodes_births: 3.
num_vsnodes_deaths: 0.
num_space_committed: 2101.
num_space_uncommitted: 0.
num_chunks_returned_to_freelist: 9.
num_chunks_taken_from_freelist: 10300.
num_chunk_merges: 9.
num_chunk_splits: 6168.
num_chunks_enlarged: 3272.
num_inconsistent_stats: 0.

CodeHeap 'non-profiled nmethods': size=120000Kb used=18287Kb max_used=18287Kb free=101712Kb
 bounds [0x000001a458c90000, 0x000001a459e70000, 0x000001a4601c0000]
CodeHeap 'profiled nmethods': size=120000Kb used=40124Kb max_used=40124Kb free=79875Kb
 bounds [0x000001a4511c0000, 0x000001a453900000, 0x000001a4586f0000]
CodeHeap 'non-nmethods': size=5760Kb used=2495Kb max_used=2551Kb free=3264Kb
 bounds [0x000001a4586f0000, 0x000001a458980000, 0x000001a458c90000]
 total_blobs=22115 nmethods=21076 adapters=950
 compilation: enabled
              stopped_count=0, restarted_count=0
 full_count=0

Compilation events (20 events):
Event: 118.200 Thread 0x000001a46a067020 nmethod 26118 0x000001a459e6a910 code [0x000001a459e6aaa0, 0x000001a459e6abc8]
Event: 118.244 Thread 0x000001a46a067d40 26119       3       java.util.concurrent.ScheduledThreadPoolExecutor$ScheduledFutureTask::getDelay (16 bytes)
Event: 118.244 Thread 0x000001a46a067d40 nmethod 26119 0x000001a4538ed690 code [0x000001a4538ed840, 0x000001a4538ed9c8]
Event: 120.332 Thread 0x000001a46a067d40 26120       1       com.sun.management.internal.PlatformMBeanProviderImpl$4::mbeanInterfaceNames (5 bytes)
Event: 120.332 Thread 0x000001a46a067d40 nmethod 26120 0x000001a459e6ad10 code [0x000001a459e6aea0, 0x000001a459e6af78]
Event: 120.332 Thread 0x000001a46a067d40 26121       1       java.lang.management.DefaultPlatformMBeanProvider$10::mbeanInterfaceNames (5 bytes)
Event: 120.332 Thread 0x000001a46a067d40 nmethod 26121 0x000001a459e6b010 code [0x000001a459e6b1a0, 0x000001a459e6b278]
Event: 122.327 Thread 0x000001a46a067d40 26123       3       java.lang.management.ManagementFactory$PlatformMBeanFinder::getMap (4 bytes)
Event: 122.328 Thread 0x000001a46a067d40 nmethod 26123 0x000001a45215cd90 code [0x000001a45215cf20, 0x000001a45215d018]
Event: 130.341 Thread 0x000001a46a067d40 26125       3       java.util.concurrent.Executors$RunnableAdapter::call (14 bytes)
Event: 130.342 Thread 0x000001a46a067d40 nmethod 26125 0x000001a4538eda90 code [0x000001a4538edc40, 0x000001a4538ede28]
Event: 130.342 Thread 0x000001a46a067d40 26126       1       org.gradle.launcher.daemon.server.health.gc.GarbageCollectionEvent::getCount (5 bytes)
Event: 130.342 Thread 0x000001a46a067d40 nmethod 26126 0x000001a459e6bb90 code [0x000001a459e6bd20, 0x000001a459e6bdf8]
Event: 131.558 Thread 0x000001a46a067d40 26127       3       java.io.RandomAccessFile$1::close (11 bytes)
Event: 131.559 Thread 0x000001a46a067d40 nmethod 26127 0x000001a4538edf10 code [0x000001a4538ee0e0, 0x000001a4538ee5f8]
Event: 131.559 Thread 0x000001a46a067d40 26128       3       org.gradle.internal.remote.internal.inet.MultiChoiceAddress::<init> (27 bytes)
Event: 131.560 Thread 0x000001a46a067d40 nmethod 26128 0x000001a4538ee810 code [0x000001a4538ee9c0, 0x000001a4538eeca8]
Event: 131.560 Thread 0x000001a46a067d40 26129       3       org.gradle.launcher.daemon.server.api.DaemonState::values (10 bytes)
Event: 131.561 Thread 0x000001a46a067d40 nmethod 26129 0x000001a4538eed90 code [0x000001a4538eef40, 0x000001a4538ef1e8]
Event: 132.340 Thread 0x000001a46a067020 26130 %     4       javax.management.ObjectName::construct @ 822 (1135 bytes)

GC Heap History (20 events):
Event: 71.085 GC heap before
{Heap before GC invocations=69 (full 0):
 garbage-first heap   total 516096K, used 457293K [0x0000000740000000, 0x0000000800000000)
  region size 2048K, 12 young (24576K), 2 survivors (4096K)
 Metaspace       used 116926K, committed 118912K, reserved 770048K
  class space    used 16057K, committed 16896K, reserved 638976K
}
Event: 71.092 GC heap after
{Heap after GC invocations=70 (full 0):
 garbage-first heap   total 516096K, used 442518K [0x0000000740000000, 0x0000000800000000)
  region size 2048K, 2 young (4096K), 2 survivors (4096K)
 Metaspace       used 116926K, committed 118912K, reserved 770048K
  class space    used 16057K, committed 16896K, reserved 638976K
}
Event: 71.307 GC heap before
{Heap before GC invocations=70 (full 0):
 garbage-first heap   total 516096K, used 462998K [0x0000000740000000, 0x0000000800000000)
  region size 2048K, 12 young (24576K), 2 survivors (4096K)
 Metaspace       used 117869K, committed 119872K, reserved 770048K
  class space    used 16175K, committed 17024K, reserved 638976K
}
Event: 71.312 GC heap after
{Heap after GC invocations=71 (full 0):
 garbage-first heap   total 516096K, used 444745K [0x0000000740000000, 0x0000000800000000)
  region size 2048K, 1 young (2048K), 1 survivors (2048K)
 Metaspace       used 117869K, committed 119872K, reserved 770048K
  class space    used 16175K, committed 17024K, reserved 638976K
}
Event: 71.495 GC heap before
{Heap before GC invocations=71 (full 0):
 garbage-first heap   total 516096K, used 467273K [0x0000000740000000, 0x0000000800000000)
  region size 2048K, 12 young (24576K), 1 survivors (2048K)
 Metaspace       used 119957K, committed 122048K, reserved 770048K
  class space    used 16426K, committed 17344K, reserved 638976K
}
Event: 71.499 GC heap after
{Heap after GC invocations=72 (full 0):
 garbage-first heap   total 516096K, used 445655K [0x0000000740000000, 0x0000000800000000)
  region size 2048K, 2 young (4096K), 2 survivors (4096K)
 Metaspace       used 119957K, committed 122048K, reserved 770048K
  class space    used 16426K, committed 17344K, reserved 638976K
}
Event: 71.797 GC heap before
{Heap before GC invocations=73 (full 0):
 garbage-first heap   total 772096K, used 466135K [0x0000000740000000, 0x0000000800000000)
  region size 2048K, 12 young (24576K), 2 survivors (4096K)
 Metaspace       used 121068K, committed 123136K, reserved 770048K
  class space    used 16615K, committed 17536K, reserved 638976K
}
Event: 71.801 GC heap after
{Heap after GC invocations=74 (full 0):
 garbage-first heap   total 772096K, used 447097K [0x0000000740000000, 0x0000000800000000)
  region size 2048K, 2 young (4096K), 2 survivors (4096K)
 Metaspace       used 121068K, committed 123136K, reserved 770048K
  class space    used 16615K, committed 17536K, reserved 638976K
}
Event: 72.246 GC heap before
{Heap before GC invocations=74 (full 0):
 garbage-first heap   total 772096K, used 479865K [0x0000000740000000, 0x0000000800000000)
  region size 2048K, 18 young (36864K), 2 survivors (4096K)
 Metaspace       used 123388K, committed 125440K, reserved 770048K
  class space    used 16990K, committed 17856K, reserved 638976K
}
Event: 72.263 GC heap after
{Heap after GC invocations=75 (full 0):
 garbage-first heap   total 772096K, used 389564K [0x0000000740000000, 0x0000000800000000)
  region size 2048K, 3 young (6144K), 3 survivors (6144K)
 Metaspace       used 123388K, committed 125440K, reserved 770048K
  class space    used 16990K, committed 17856K, reserved 638976K
}
Event: 72.557 GC heap before
{Heap before GC invocations=75 (full 0):
 garbage-first heap   total 772096K, used 420284K [0x0000000740000000, 0x0000000800000000)
  region size 2048K, 18 young (36864K), 3 survivors (6144K)
 Metaspace       used 123713K, committed 125760K, reserved 770048K
  class space    used 17029K, committed 17920K, reserved 638976K
}
Event: 72.581 GC heap after
{Heap after GC invocations=76 (full 0):
 garbage-first heap   total 772096K, used 373784K [0x0000000740000000, 0x0000000800000000)
  region size 2048K, 3 young (6144K), 3 survivors (6144K)
 Metaspace       used 123713K, committed 125760K, reserved 770048K
  class space    used 17029K, committed 17920K, reserved 638976K
}
Event: 74.012 GC heap before
{Heap before GC invocations=76 (full 0):
 garbage-first heap   total 772096K, used 590872K [0x0000000740000000, 0x0000000800000000)
  region size 2048K, 109 young (223232K), 3 survivors (6144K)
 Metaspace       used 124876K, committed 127040K, reserved 770048K
  class space    used 17178K, committed 18112K, reserved 638976K
}
Event: 74.029 GC heap after
{Heap after GC invocations=77 (full 0):
 garbage-first heap   total 1028096K, used 392928K [0x0000000740000000, 0x0000000800000000)
  region size 2048K, 12 young (24576K), 12 survivors (24576K)
 Metaspace       used 124876K, committed 127040K, reserved 770048K
  class space    used 17178K, committed 18112K, reserved 638976K
}
Event: 81.192 GC heap before
{Heap before GC invocations=77 (full 0):
 garbage-first heap   total 1028096K, used 763616K [0x0000000740000000, 0x0000000800000000)
  region size 2048K, 194 young (397312K), 12 survivors (24576K)
 Metaspace       used 127508K, committed 129856K, reserved 770048K
  class space    used 17541K, committed 18560K, reserved 638976K
}
Event: 81.218 GC heap after
{Heap after GC invocations=78 (full 0):
 garbage-first heap   total 1028096K, used 410938K [0x0000000740000000, 0x0000000800000000)
  region size 2048K, 21 young (43008K), 21 survivors (43008K)
 Metaspace       used 127508K, committed 129856K, reserved 770048K
  class space    used 17541K, committed 18560K, reserved 638976K
}
Event: 94.256 GC heap before
{Heap before GC invocations=78 (full 0):
 garbage-first heap   total 1028096K, used 789818K [0x0000000740000000, 0x0000000800000000)
  region size 2048K, 207 young (423936K), 21 survivors (43008K)
 Metaspace       used 130365K, committed 132864K, reserved 770048K
  class space    used 17872K, committed 19008K, reserved 638976K
}
Event: 94.362 GC heap after
{Heap after GC invocations=79 (full 0):
 garbage-first heap   total 1028096K, used 420501K [0x0000000740000000, 0x0000000800000000)
  region size 2048K, 15 young (30720K), 15 survivors (30720K)
 Metaspace       used 130365K, committed 132864K, reserved 770048K
  class space    used 17872K, committed 19008K, reserved 638976K
}
Event: 103.023 GC heap before
{Heap before GC invocations=79 (full 0):
 garbage-first heap   total 1028096K, used 819861K [0x0000000740000000, 0x0000000800000000)
  region size 2048K, 211 young (432128K), 15 survivors (30720K)
 Metaspace       used 130941K, committed 133504K, reserved 770048K
  class space    used 17913K, committed 19072K, reserved 638976K
}
Event: 103.100 GC heap after
{Heap after GC invocations=80 (full 0):
 garbage-first heap   total 1028096K, used 430039K [0x0000000740000000, 0x0000000800000000)
  region size 2048K, 19 young (38912K), 19 survivors (38912K)
 Metaspace       used 130941K, committed 133504K, reserved 770048K
  class space    used 17913K, committed 19072K, reserved 638976K
}

Dll operation events (15 events):
Event: 0.009 Loaded shared library C:\Program Files\Microsoft\jdk-17.0.15.6-hotspot\bin\java.dll
Event: 0.021 Loaded shared library C:\Program Files\Microsoft\jdk-17.0.15.6-hotspot\bin\jsvml.dll
Event: 0.050 Loaded shared library C:\Program Files\Microsoft\jdk-17.0.15.6-hotspot\bin\zip.dll
Event: 0.053 Loaded shared library C:\Program Files\Microsoft\jdk-17.0.15.6-hotspot\bin\instrument.dll
Event: 0.057 Loaded shared library C:\Program Files\Microsoft\jdk-17.0.15.6-hotspot\bin\net.dll
Event: 0.058 Loaded shared library C:\Program Files\Microsoft\jdk-17.0.15.6-hotspot\bin\nio.dll
Event: 0.059 Loaded shared library C:\Program Files\Microsoft\jdk-17.0.15.6-hotspot\bin\zip.dll
Event: 0.224 Loaded shared library C:\Program Files\Microsoft\jdk-17.0.15.6-hotspot\bin\jimage.dll
Event: 0.305 Loaded shared library C:\Program Files\Microsoft\jdk-17.0.15.6-hotspot\bin\verify.dll
Event: 0.371 Loaded shared library C:\Users\HP\.gradle\native\1def1411415f61bf3af743bc5b6707747c0891f09f0c88961ee8f79bc544acac\windows-amd64\native-platform.dll
Event: 0.385 Loaded shared library C:\Users\HP\.gradle\native\0.2.7\x86_64-windows-gnu\gradle-fileevents.dll
Event: 1.295 Loaded shared library C:\Program Files\Microsoft\jdk-17.0.15.6-hotspot\bin\management.dll
Event: 1.299 Loaded shared library C:\Program Files\Microsoft\jdk-17.0.15.6-hotspot\bin\management_ext.dll
Event: 1.433 Loaded shared library C:\Program Files\Microsoft\jdk-17.0.15.6-hotspot\bin\extnet.dll
Event: 1.586 Loaded shared library C:\Program Files\Microsoft\jdk-17.0.15.6-hotspot\bin\sunmscapi.dll

Deoptimization events (20 events):
Event: 105.046 Thread 0x000001a474817350 Uncommon trap: trap_request=0xffffffc6 fr.pc=0x000001a459e51b28 relative=0x0000000000002048
Event: 105.046 Thread 0x000001a474817350 Uncommon trap: reason=bimorphic_or_optimized_type_check action=maybe_recompile pc=0x000001a459e51b28 method=org.gradle.api.internal.file.RelativePathSpec.isSatisfiedBy(Lorg/gradle/api/file/FileTreeElement;)Z @ 1 c2
Event: 105.046 Thread 0x000001a474817350 DEOPT PACKING pc=0x000001a459e51b28 sp=0x0000009903efc6a0
Event: 105.046 Thread 0x000001a474817350 DEOPT UNPACKING pc=0x000001a4587469a3 sp=0x0000009903efc630 mode 2
Event: 105.046 Thread 0x000001a474817350 Uncommon trap: trap_request=0xffffffc6 fr.pc=0x000001a459e51b28 relative=0x0000000000002048
Event: 105.046 Thread 0x000001a474817350 Uncommon trap: reason=bimorphic_or_optimized_type_check action=maybe_recompile pc=0x000001a459e51b28 method=org.gradle.api.internal.file.RelativePathSpec.isSatisfiedBy(Lorg/gradle/api/file/FileTreeElement;)Z @ 1 c2
Event: 105.047 Thread 0x000001a474817350 DEOPT PACKING pc=0x000001a459e51b28 sp=0x0000009903efc670
Event: 105.047 Thread 0x000001a474817350 DEOPT UNPACKING pc=0x000001a4587469a3 sp=0x0000009903efc600 mode 2
Event: 110.559 Thread 0x000001a47b66b1b0 Uncommon trap: trap_request=0xffffffde fr.pc=0x000001a459938438 relative=0x00000000000010b8
Event: 110.559 Thread 0x000001a47b66b1b0 Uncommon trap: reason=class_check action=maybe_recompile pc=0x000001a459938438 method=org.gradle.internal.logging.sink.OutputEventTransformer.onOutput(Lorg/gradle/internal/logging/events/OutputEvent;)V @ 351 c2
Event: 110.560 Thread 0x000001a47b66b1b0 DEOPT PACKING pc=0x000001a459938438 sp=0x000000990c6fe9b0
Event: 110.560 Thread 0x000001a47b66b1b0 DEOPT UNPACKING pc=0x000001a4587469a3 sp=0x000000990c6fe950 mode 2
Event: 110.613 Thread 0x000001a47b66b1b0 Uncommon trap: trap_request=0xffffffde fr.pc=0x000001a459938438 relative=0x00000000000010b8
Event: 110.613 Thread 0x000001a47b66b1b0 Uncommon trap: reason=class_check action=maybe_recompile pc=0x000001a459938438 method=org.gradle.internal.logging.sink.OutputEventTransformer.onOutput(Lorg/gradle/internal/logging/events/OutputEvent;)V @ 351 c2
Event: 110.613 Thread 0x000001a47b66b1b0 DEOPT PACKING pc=0x000001a459938438 sp=0x000000990c6fe9b0
Event: 110.613 Thread 0x000001a47b66b1b0 DEOPT UNPACKING pc=0x000001a4587469a3 sp=0x000000990c6fe950 mode 2
Event: 133.271 Thread 0x000001a47cda7a40 Uncommon trap: trap_request=0xffffff45 fr.pc=0x000001a459c39784 relative=0x0000000000004044
Event: 133.271 Thread 0x000001a47cda7a40 Uncommon trap: reason=unstable_if action=reinterpret pc=0x000001a459c39784 method=org.gradle.internal.logging.sink.LogEventDispatcher.onOutput(Lorg/gradle/internal/logging/events/OutputEvent;)V @ 35 c2
Event: 133.271 Thread 0x000001a47cda7a40 DEOPT PACKING pc=0x000001a459c39784 sp=0x000000990d0fe910
Event: 133.272 Thread 0x000001a47cda7a40 DEOPT UNPACKING pc=0x000001a4587469a3 sp=0x000000990d0fe920 mode 2

Classes loaded (20 events):
Event: 86.776 Loading class java/util/zip/GZIPInputStream$1
Event: 86.777 Loading class java/util/zip/GZIPInputStream$1 done
Event: 89.611 Loading class java/util/concurrent/locks/ReentrantReadWriteLock$Sync$HoldCounter
Event: 89.611 Loading class java/util/concurrent/locks/ReentrantReadWriteLock$Sync$HoldCounter done
Event: 92.052 Loading class java/util/zip/Deflater
Event: 92.053 Loading class java/util/zip/Deflater done
Event: 92.057 Loading class java/util/zip/Deflater$DeflaterZStreamRef
Event: 92.057 Loading class java/util/zip/Deflater$DeflaterZStreamRef done
Event: 92.999 Loading class java/nio/channels/FileChannel$MapMode
Event: 93.000 Loading class java/nio/channels/FileChannel$MapMode done
Event: 93.001 Loading class jdk/internal/misc/ExtendedMapMode
Event: 93.002 Loading class jdk/internal/misc/ExtendedMapMode done
Event: 93.004 Loading class sun/nio/ch/FileChannelImpl$DefaultUnmapper
Event: 93.005 Loading class sun/nio/ch/FileChannelImpl$Unmapper
Event: 93.006 Loading class jdk/internal/access/foreign/UnmapperProxy
Event: 93.006 Loading class jdk/internal/access/foreign/UnmapperProxy done
Event: 93.006 Loading class sun/nio/ch/FileChannelImpl$Unmapper done
Event: 93.006 Loading class sun/nio/ch/FileChannelImpl$DefaultUnmapper done
Event: 93.007 Loading class sun/nio/ch/Util$4
Event: 93.007 Loading class sun/nio/ch/Util$4 done

Classes unloaded (0 events):
No events

Classes redefined (0 events):
No events

Internal exceptions (20 events):
Event: 104.294 Thread 0x000001a474321b90 Exception <a 'sun/nio/fs/WindowsException'{0x000000077a5cb230}> (0x000000077a5cb230) 
thrown [s\src\hotspot\share\prims\jni.cpp, line 516]
Event: 104.316 Thread 0x000001a474816930 Exception <a 'sun/nio/fs/WindowsException'{0x000000077a5579e8}> (0x000000077a5579e8) 
thrown [s\src\hotspot\share\prims\jni.cpp, line 516]
Event: 104.316 Thread 0x000001a474816930 Exception <a 'sun/nio/fs/WindowsException'{0x000000077a5588e8}> (0x000000077a5588e8) 
thrown [s\src\hotspot\share\prims\jni.cpp, line 516]
Event: 104.316 Thread 0x000001a474816930 Exception <a 'sun/nio/fs/WindowsException'{0x000000077a558ab0}> (0x000000077a558ab0) 
thrown [s\src\hotspot\share\prims\jni.cpp, line 516]
Event: 104.350 Thread 0x000001a474816e40 Exception <a 'sun/nio/fs/WindowsException'{0x000000077a97ed38}> (0x000000077a97ed38) 
thrown [s\src\hotspot\share\prims\jni.cpp, line 516]
Event: 104.350 Thread 0x000001a474816e40 Exception <a 'sun/nio/fs/WindowsException'{0x000000077a97fc30}> (0x000000077a97fc30) 
thrown [s\src\hotspot\share\prims\jni.cpp, line 516]
Event: 104.350 Thread 0x000001a474816e40 Exception <a 'sun/nio/fs/WindowsException'{0x000000077a97fdf0}> (0x000000077a97fdf0) 
thrown [s\src\hotspot\share\prims\jni.cpp, line 516]
Event: 104.365 Thread 0x000001a474816930 Exception <a 'sun/nio/fs/WindowsException'{0x000000077a24fdf8}> (0x000000077a24fdf8) 
thrown [s\src\hotspot\share\prims\jni.cpp, line 516]
Event: 104.365 Thread 0x000001a474816930 Exception <a 'sun/nio/fs/WindowsException'{0x000000077a250cf0}> (0x000000077a250cf0) 
thrown [s\src\hotspot\share\prims\jni.cpp, line 516]
Event: 104.365 Thread 0x000001a474816930 Exception <a 'sun/nio/fs/WindowsException'{0x000000077a250eb0}> (0x000000077a250eb0) 
thrown [s\src\hotspot\share\prims\jni.cpp, line 516]
Event: 104.383 Thread 0x000001a4743220a0 Exception <a 'sun/nio/fs/WindowsException'{0x000000077a328fd0}> (0x000000077a328fd0) 
thrown [s\src\hotspot\share\prims\jni.cpp, line 516]
Event: 104.383 Thread 0x000001a4743220a0 Exception <a 'sun/nio/fs/WindowsException'{0x000000077a329ed8}> (0x000000077a329ed8) 
thrown [s\src\hotspot\share\prims\jni.cpp, line 516]
Event: 104.383 Thread 0x000001a4743220a0 Exception <a 'sun/nio/fs/WindowsException'{0x000000077a32a0a8}> (0x000000077a32a0a8) 
thrown [s\src\hotspot\share\prims\jni.cpp, line 516]
Event: 104.390 Thread 0x000001a474816930 Exception <a 'sun/nio/fs/WindowsException'{0x000000077a2704d0}> (0x000000077a2704d0) 
thrown [s\src\hotspot\share\prims\jni.cpp, line 516]
Event: 104.390 Thread 0x000001a474816930 Exception <a 'sun/nio/fs/WindowsException'{0x000000077a2713d0}> (0x000000077a2713d0) 
thrown [s\src\hotspot\share\prims\jni.cpp, line 516]
Event: 104.390 Thread 0x000001a474816930 Exception <a 'sun/nio/fs/WindowsException'{0x000000077a271598}> (0x000000077a271598) 
thrown [s\src\hotspot\share\prims\jni.cpp, line 516]
Event: 104.398 Thread 0x000001a4743225b0 Exception <a 'sun/nio/fs/WindowsException'{0x000000077cd3abf8}> (0x000000077cd3abf8) 
thrown [s\src\hotspot\share\prims\jni.cpp, line 516]
Event: 104.398 Thread 0x000001a4743225b0 Exception <a 'sun/nio/fs/WindowsException'{0x000000077cd3baf0}> (0x000000077cd3baf0) 
thrown [s\src\hotspot\share\prims\jni.cpp, line 516]
Event: 104.398 Thread 0x000001a4743225b0 Exception <a 'sun/nio/fs/WindowsException'{0x000000077cd3bcb0}> (0x000000077cd3bcb0) 
thrown [s\src\hotspot\share\prims\jni.cpp, line 516]
Event: 104.626 Thread 0x000001a474818790 Exception <a 'java/lang/NoSuchMethodError'{0x0000000778627d38}: static Lcom/android/build/gradle/internal/tasks/AarMetadataArtifact;.<clinit>()V> (0x0000000778627d38) 
thrown [s\src\hotspot\share\prims\jni.cpp, line 1112]

VM Operations (20 events):
Event: 100.397 Executing VM operation: Cleanup done
Event: 101.410 Executing VM operation: Cleanup
Event: 101.410 Executing VM operation: Cleanup done
Event: 102.424 Executing VM operation: Cleanup
Event: 102.424 Executing VM operation: Cleanup done
Event: 103.020 Executing VM operation: G1CollectForAllocation
Event: 103.101 Executing VM operation: G1CollectForAllocation done
Event: 104.101 Executing VM operation: Cleanup
Event: 104.101 Executing VM operation: Cleanup done
Event: 105.038 Executing VM operation: HandshakeAllThreads
Event: 105.039 Executing VM operation: HandshakeAllThreads done
Event: 106.039 Executing VM operation: Cleanup
Event: 106.039 Executing VM operation: Cleanup done
Event: 111.064 Executing VM operation: Cleanup
Event: 111.064 Executing VM operation: Cleanup done
Event: 119.111 Executing VM operation: Cleanup
Event: 119.111 Executing VM operation: Cleanup done
Event: 120.240 Executing VM operation: HandshakeAllThreads
Event: 120.240 Executing VM operation: HandshakeAllThreads done
Event: 133.334 Executing VM operation: Cleanup

Memory protections (0 events):
No events

Nmethod flushes (20 events):
Event: 90.109 Thread 0x000001a46a5d8090 flushing  nmethod 0x000001a4534bb390
Event: 90.109 Thread 0x000001a46a5d8090 flushing  nmethod 0x000001a4534bed90
Event: 90.109 Thread 0x000001a46a5d8090 flushing  nmethod 0x000001a4534e2010
Event: 90.109 Thread 0x000001a46a5d8090 flushing  nmethod 0x000001a4534e2b10
Event: 90.109 Thread 0x000001a46a5d8090 flushing  nmethod 0x000001a4534e3090
Event: 90.109 Thread 0x000001a46a5d8090 flushing  nmethod 0x000001a45353b590
Event: 90.109 Thread 0x000001a46a5d8090 flushing  nmethod 0x000001a45355aa10
Event: 90.109 Thread 0x000001a46a5d8090 flushing  nmethod 0x000001a45355dd10
Event: 90.109 Thread 0x000001a46a5d8090 flushing  nmethod 0x000001a45356b210
Event: 90.109 Thread 0x000001a46a5d8090 flushing  nmethod 0x000001a45356bf90
Event: 90.109 Thread 0x000001a46a5d8090 flushing  nmethod 0x000001a45356ce10
Event: 90.109 Thread 0x000001a46a5d8090 flushing  nmethod 0x000001a45356d610
Event: 90.109 Thread 0x000001a46a5d8090 flushing  nmethod 0x000001a45357a090
Event: 90.109 Thread 0x000001a46a5d8090 flushing  nmethod 0x000001a45357a410
Event: 90.109 Thread 0x000001a46a5d8090 flushing  nmethod 0x000001a453581c10
Event: 90.109 Thread 0x000001a46a5d8090 flushing  nmethod 0x000001a453582210
Event: 90.109 Thread 0x000001a46a5d8090 flushing  nmethod 0x000001a4535a0290
Event: 90.109 Thread 0x000001a46a5d8090 flushing  nmethod 0x000001a4535a0610
Event: 90.110 Thread 0x000001a46a5d8090 flushing  nmethod 0x000001a4535e0590
Event: 90.110 Thread 0x000001a46a5d8090 flushing  nmethod 0x000001a4535f3b10

Events (20 events):
Event: 90.603 Thread 0x000001a47cdac630 Thread added: 0x000001a47cdafde0
Event: 90.603 Thread 0x000001a47cdac630 Thread added: 0x000001a47cdb02f0
Event: 91.637 Thread 0x000001a46a067d40 Thread added: 0x000001a474da25b0
Event: 92.702 Thread 0x000001a4715a24e0 Thread exited: 0x000001a4715a24e0
Event: 93.269 Thread 0x000001a47cf0c180 Thread exited: 0x000001a47cf0c180
Event: 93.852 Thread 0x000001a475042ee0 Thread exited: 0x000001a475042ee0
Event: 95.270 Thread 0x000001a474da25b0 Thread exited: 0x000001a474da25b0
Event: 96.323 Thread 0x000001a46a067d40 Thread added: 0x000001a474da4590
Event: 97.728 Thread 0x000001a474da4590 Thread exited: 0x000001a474da4590
Event: 98.278 Thread 0x000001a46a067d40 Thread added: 0x000001a474da4590
Event: 98.446 Thread 0x000001a474da4590 Thread exited: 0x000001a474da4590
Event: 98.988 Thread 0x000001a46a067d40 Thread added: 0x000001a474da5ad0
Event: 99.801 Thread 0x000001a474da5ad0 Thread exited: 0x000001a474da5ad0
Event: 100.152 Thread 0x000001a46a067d40 Thread added: 0x000001a474da4590
Event: 100.758 Thread 0x000001a474da4590 Thread exited: 0x000001a474da4590
Event: 101.794 Thread 0x000001a46a067d40 Thread added: 0x000001a474da4590
Event: 101.935 Thread 0x000001a474da4590 Thread exited: 0x000001a474da4590
Event: 104.636 Thread 0x000001a46a067d40 Thread added: 0x000001a474da25b0
Event: 104.917 Thread 0x000001a474da25b0 Thread exited: 0x000001a474da25b0
Event: 131.193 Thread 0x000001a47159d3e0 Thread exited: 0x000001a47159d3e0


Dynamic libraries:
0x00007ff6ce4a0000 - 0x00007ff6ce4ae000 	C:\Program Files\Microsoft\jdk-17.0.15.6-hotspot\bin\java.exe
0x00007ffd54a40000 - 0x00007ffd54ca7000 	C:\WINDOWS\SYSTEM32\ntdll.dll
0x00007ffd52870000 - 0x00007ffd52939000 	C:\WINDOWS\System32\KERNEL32.DLL
0x00007ffd518a0000 - 0x00007ffd51c94000 	C:\WINDOWS\System32\KERNELBASE.dll
0x00007ffd51ca0000 - 0x00007ffd51deb000 	C:\WINDOWS\System32\ucrtbase.dll
0x00007ffd1ab80000 - 0x00007ffd1ab97000 	C:\Program Files\Microsoft\jdk-17.0.15.6-hotspot\bin\jli.dll
0x00007ffd1add0000 - 0x00007ffd1aded000 	C:\Program Files\Microsoft\jdk-17.0.15.6-hotspot\bin\VCRUNTIME140.dll
0x00007ffd53a10000 - 0x00007ffd53bd5000 	C:\WINDOWS\System32\USER32.dll
0x00007ffd51ea0000 - 0x00007ffd51ec7000 	C:\WINDOWS\System32\win32u.dll
0x00007ffd52ad0000 - 0x00007ffd52afb000 	C:\WINDOWS\System32\GDI32.dll
0x00007ffd2d3d0000 - 0x00007ffd2d663000 	C:\WINDOWS\WinSxS\amd64_microsoft.windows.common-controls_6595b64144ccf1df_6.0.26100.8115_none_3e075c82e3354f9c\COMCTL32.dll
0x00007ffd515f0000 - 0x00007ffd5171a000 	C:\WINDOWS\System32\gdi32full.dll
0x00007ffd51310000 - 0x00007ffd513b3000 	C:\WINDOWS\System32\msvcp_win.dll
0x00007ffd53e40000 - 0x00007ffd53ee9000 	C:\WINDOWS\System32\msvcrt.dll
0x00007ffd52830000 - 0x00007ffd52862000 	C:\WINDOWS\System32\IMM32.DLL
0x00007ffd2e1a0000 - 0x00007ffd2e1ac000 	C:\Program Files\Microsoft\jdk-17.0.15.6-hotspot\bin\vcruntime140_1.dll
0x00007ffcf5ad0000 - 0x00007ffcf5b5d000 	C:\Program Files\Microsoft\jdk-17.0.15.6-hotspot\bin\msvcp140.dll
0x00007ffc96610000 - 0x00007ffc97282000 	C:\Program Files\Microsoft\jdk-17.0.15.6-hotspot\bin\server\jvm.dll
0x00007ffd540d0000 - 0x00007ffd54186000 	C:\WINDOWS\System32\ADVAPI32.dll
0x00007ffd52b00000 - 0x00007ffd52ba7000 	C:\WINDOWS\System32\sechost.dll
0x00007ffd536e0000 - 0x00007ffd537f8000 	C:\WINDOWS\System32\RPCRT4.dll
0x00007ffd53be0000 - 0x00007ffd53c60000 	C:\WINDOWS\System32\WS2_32.dll
0x00007ffd48ed0000 - 0x00007ffd48f06000 	C:\WINDOWS\SYSTEM32\WINMM.dll
0x00007ffd46ef0000 - 0x00007ffd46efb000 	C:\WINDOWS\SYSTEM32\VERSION.dll
0x00007ffd51190000 - 0x00007ffd511ee000 	C:\WINDOWS\SYSTEM32\POWRPROF.dll
0x00007ffd51150000 - 0x00007ffd51164000 	C:\WINDOWS\SYSTEM32\UMPDC.dll
0x00007ffd500a0000 - 0x00007ffd500bb000 	C:\WINDOWS\SYSTEM32\kernel.appcore.dll
0x00007ffd2d750000 - 0x00007ffd2d75a000 	C:\Program Files\Microsoft\jdk-17.0.15.6-hotspot\bin\jimage.dll
0x00007ffd4f1f0000 - 0x00007ffd4f432000 	C:\WINDOWS\SYSTEM32\DBGHELP.DLL
0x00007ffd54190000 - 0x00007ffd54512000 	C:\WINDOWS\System32\combase.dll
0x00007ffd53590000 - 0x00007ffd53667000 	C:\WINDOWS\System32\OLEAUT32.dll
0x00007ffd287a0000 - 0x00007ffd287db000 	C:\WINDOWS\SYSTEM32\dbgcore.DLL
0x00007ffd51df0000 - 0x00007ffd51e95000 	C:\WINDOWS\System32\bcryptPrimitives.dll
0x00007ffd1b6f0000 - 0x00007ffd1b6fe000 	C:\Program Files\Microsoft\jdk-17.0.15.6-hotspot\bin\instrument.dll
0x00007ffd166e0000 - 0x00007ffd16705000 	C:\Program Files\Microsoft\jdk-17.0.15.6-hotspot\bin\java.dll
0x00007ffcf4fc0000 - 0x00007ffcf5096000 	C:\Program Files\Microsoft\jdk-17.0.15.6-hotspot\bin\jsvml.dll
0x00007ffd52e20000 - 0x00007ffd53586000 	C:\WINDOWS\System32\SHELL32.dll
0x00007ffd51480000 - 0x00007ffd515ea000 	C:\WINDOWS\System32\wintypes.dll
0x00007ffd51f60000 - 0x00007ffd527c5000 	C:\WINDOWS\System32\windows.storage.dll
0x00007ffd52bb0000 - 0x00007ffd52ca7000 	C:\WINDOWS\System32\SHCORE.dll
0x00007ffd53800000 - 0x00007ffd53866000 	C:\WINDOWS\System32\shlwapi.dll
0x00007ffd51230000 - 0x00007ffd51259000 	C:\WINDOWS\SYSTEM32\profapi.dll
0x00007ffd11f90000 - 0x00007ffd11fa8000 	C:\Program Files\Microsoft\jdk-17.0.15.6-hotspot\bin\zip.dll
0x00007ffd1aaf0000 - 0x00007ffd1ab0a000 	C:\Program Files\Microsoft\jdk-17.0.15.6-hotspot\bin\net.dll
0x00007ffd47590000 - 0x00007ffd476bd000 	C:\WINDOWS\SYSTEM32\WINHTTP.dll
0x00007ffd50610000 - 0x00007ffd5067c000 	C:\WINDOWS\system32\mswsock.dll
0x00007ffd1aa70000 - 0x00007ffd1aa86000 	C:\Program Files\Microsoft\jdk-17.0.15.6-hotspot\bin\nio.dll
0x00007ffd2cb00000 - 0x00007ffd2cb10000 	C:\Program Files\Microsoft\jdk-17.0.15.6-hotspot\bin\verify.dll
0x00007ffd45c90000 - 0x00007ffd45cb7000 	C:\Users\HP\.gradle\native\1def1411415f61bf3af743bc5b6707747c0891f09f0c88961ee8f79bc544acac\windows-amd64\native-platform.dll
0x00007ffcec700000 - 0x00007ffcec778000 	C:\Users\HP\.gradle\native\0.2.7\x86_64-windows-gnu\gradle-fileevents.dll
0x00007ffd2c670000 - 0x00007ffd2c67a000 	C:\Program Files\Microsoft\jdk-17.0.15.6-hotspot\bin\management.dll
0x00007ffd2baf0000 - 0x00007ffd2bafb000 	C:\Program Files\Microsoft\jdk-17.0.15.6-hotspot\bin\management_ext.dll
0x00007ffd52e10000 - 0x00007ffd52e18000 	C:\WINDOWS\System32\PSAPI.DLL
0x00007ffd4fa50000 - 0x00007ffd4fa82000 	C:\WINDOWS\SYSTEM32\IPHLPAPI.DLL
0x00007ffd527d0000 - 0x00007ffd527da000 	C:\WINDOWS\System32\NSI.dll
0x00007ffd495e0000 - 0x00007ffd495fd000 	C:\WINDOWS\SYSTEM32\dhcpcsvc6.DLL
0x00007ffd49360000 - 0x00007ffd49385000 	C:\WINDOWS\SYSTEM32\dhcpcsvc.DLL
0x00007ffd4fae0000 - 0x00007ffd4fc12000 	C:\WINDOWS\SYSTEM32\DNSAPI.dll
0x00007ffd1c530000 - 0x00007ffd1c539000 	C:\Program Files\Microsoft\jdk-17.0.15.6-hotspot\bin\extnet.dll
0x00007ffd50900000 - 0x00007ffd5091b000 	C:\WINDOWS\SYSTEM32\CRYPTSP.dll
0x00007ffd50000000 - 0x00007ffd50039000 	C:\WINDOWS\system32\rsaenh.dll
0x00007ffd506c0000 - 0x00007ffd506f3000 	C:\WINDOWS\SYSTEM32\USERENV.dll
0x00007ffd51200000 - 0x00007ffd5122a000 	C:\WINDOWS\SYSTEM32\bcrypt.dll
0x00007ffd508f0000 - 0x00007ffd508fc000 	C:\WINDOWS\SYSTEM32\CRYPTBASE.dll
0x00007ffd1ad50000 - 0x00007ffd1ad5e000 	C:\Program Files\Microsoft\jdk-17.0.15.6-hotspot\bin\sunmscapi.dll
0x00007ffd51720000 - 0x00007ffd51897000 	C:\WINDOWS\System32\CRYPT32.dll
0x00007ffd50b10000 - 0x00007ffd50b40000 	C:\WINDOWS\SYSTEM32\ncrypt.dll
0x00007ffd50ac0000 - 0x00007ffd50aff000 	C:\WINDOWS\SYSTEM32\NTASN1.dll
0x00007ffd12250000 - 0x00007ffd12258000 	C:\WINDOWS\system32\wshunix.dll
0x00007ffd501c0000 - 0x00007ffd501f6000 	C:\WINDOWS\SYSTEM32\ntmarta.dll

dbghelp: loaded successfully - version: 4.0.5 - missing functions: none
symbol engine: initialized successfully - sym options: 0x614 - pdb path: .;C:\Program Files\Microsoft\jdk-17.0.15.6-hotspot\bin;C:\WINDOWS\SYSTEM32;C:\WINDOWS\WinSxS\amd64_microsoft.windows.common-controls_6595b64144ccf1df_6.0.26100.8115_none_3e075c82e3354f9c;C:\Program Files\Microsoft\jdk-17.0.15.6-hotspot\bin\server;C:\Users\HP\.gradle\native\1def1411415f61bf3af743bc5b6707747c0891f09f0c88961ee8f79bc544acac\windows-amd64;C:\Users\HP\.gradle\native\0.2.7\x86_64-windows-gnu

VM Arguments:
jvm_args: --add-opens=java.base/java.lang=ALL-UNNAMED --add-opens=java.base/java.lang.invoke=ALL-UNNAMED --add-opens=java.base/java.util=ALL-UNNAMED --add-opens=java.prefs/java.util.prefs=ALL-UNNAMED --add-exports=jdk.compiler/com.sun.tools.javac.api=ALL-UNNAMED --add-exports=jdk.compiler/com.sun.tools.javac.util=ALL-UNNAMED --add-opens=java.base/java.util=ALL-UNNAMED --add-opens=java.prefs/java.util.prefs=ALL-UNNAMED --add-opens=java.base/java.nio.charset=ALL-UNNAMED --add-opens=java.base/java.net=ALL-UNNAMED --add-opens=java.base/java.util.concurrent.atomic=ALL-UNNAMED --add-opens=java.xml/javax.xml.namespace=ALL-UNNAMED -XX:MaxMetaspaceSize=768m -XX:+HeapDumpOnOutOfMemoryError -Xmx3072m -Dfile.encoding=UTF-8 -Duser.country=IN -Duser.language=en -Duser.variant -javaagent:C:\Users\HP\.gradle\wrapper\dists\gradle-8.14.1-bin\baw1sv0jfoi8rxs14qo3h49cs\gradle-8.14.1\lib\agents\gradle-instrumentation-agent-8.14.1.jar 
java_command: org.gradle.launcher.daemon.bootstrap.GradleDaemon 8.14.1
java_class_path (initial): C:\Users\HP\.gradle\wrapper\dists\gradle-8.14.1-bin\baw1sv0jfoi8rxs14qo3h49cs\gradle-8.14.1\lib\gradle-daemon-main-8.14.1.jar
Launcher Type: SUN_STANDARD

[Global flags]
     intx CICompilerCount                          = 4                                         {product} {ergonomic}
   size_t CompressedClassSpaceSize                 = 654311424                                 {product} {ergonomic}
     uint ConcGCThreads                            = 3                                         {product} {ergonomic}
     uint G1ConcRefinementThreads                  = 10                                        {product} {ergonomic}
   size_t G1HeapRegionSize                         = 2097152                                   {product} {ergonomic}
    uintx GCDrainStackTargetSize                   = 64                                        {product} {ergonomic}
     bool HeapDumpOnOutOfMemoryError               = true                                   {manageable} {command line}
   size_t InitialHeapSize                          = 130023424                                 {product} {ergonomic}
   size_t MarkStackSize                            = 4194304                                   {product} {ergonomic}
   size_t MaxHeapSize                              = 3221225472                                {product} {command line}
   size_t MaxMetaspaceSize                         = 805306368                                 {product} {command line}
   size_t MaxNewSize                               = 1931476992                                {product} {ergonomic}
   size_t MinHeapDeltaBytes                        = 2097152                                   {product} {ergonomic}
   size_t MinHeapSize                              = 8388608                                   {product} {ergonomic}
    uintx NonNMethodCodeHeapSize                   = 5839372                                {pd product} {ergonomic}
    uintx NonProfiledCodeHeapSize                  = 122909434                              {pd product} {ergonomic}
    uintx ProfiledCodeHeapSize                     = 122909434                              {pd product} {ergonomic}
    uintx ReservedCodeCacheSize                    = 251658240                              {pd product} {ergonomic}
     bool SegmentedCodeCache                       = true                                      {product} {ergonomic}
   size_t SoftMaxHeapSize                          = 3221225472                             {manageable} {ergonomic}
     bool UseCompressedClassPointers               = true                           {product lp64_product} {ergonomic}
     bool UseCompressedOops                        = true                           {product lp64_product} {ergonomic}
     bool UseG1GC                                  = true                                      {product} {ergonomic}
     bool UseLargePagesIndividualAllocation        = false                                  {pd product} {ergonomic}

Logging:
Log output configuration:
 #0: stdout all=warning uptime,level,tags
 #1: stderr all=off uptime,level,tags

Environment Variables:
JAVA_HOME=C:\Program Files\Microsoft\jdk-17.0.15.6-hotspot
PATH=C:\Users\HP\AppData\Local\Programs\Microsoft VS Code;C:\Program Files\Microsoft\jdk-17.0.15.6-hotspot\bin;C:\WINDOWS\system32;C:\WINDOWS;C:\WINDOWS\System32\Wbem;C:\WINDOWS\System32\WindowsPowerShell\v1.0\;C:\WINDOWS\System32\OpenSSH\;C:\Program Files\Git\cmd;C:\Program Files\dotnet\;C:\ProgramData\chocolatey\bin;C:\Users\HP\AppData\Local\Android\Sdk\platform-tools;C:\Users\HP\AppData\Local\Android\Sdk;C:\Users\HP\AppData\Local\Android\Sdk\emulator;;C:\Program Files\Docker\Docker\resources\bin;C:\Program Files\PuTTY\;C:\Program Files\nodejs\;C:\Program Files\MySQL\MySQL Shell 8.0\bin\;C:\Users\HP\AppData\Local\Microsoft\WindowsApps;C:\Users\HP\AppData\Local\Programs\Microsoft VS Code\bin;C:\Users\HP\AppData\Local\Android\Sdk\platform-tools;C:\Users\HP\AppData\Local\Android\Sdk;C:\Users\HP\AppData\Local\Android\Sdk\emulator;C:\Users\HP\AppData\Roaming\npm;c:\Users\HP\.vscode\extensions\vscjava.vscode-java-debug-0.59.0\bundled\scripts\noConfigScripts
USERNAME=HP
LANG=en_US.UTF-8
OS=Windows_NT
PROCESSOR_IDENTIFIER=Intel64 Family 6 Model 154 Stepping 4, GenuineIntel
TMP=C:\Users\HP\AppData\Local\Temp
TEMP=C:\Users\HP\AppData\Local\Temp



Periodic native trim disabled


---------------  S Y S T E M  ---------------

OS:
 Windows 11 , 64 bit Build 26100 (10.0.26100.8115)
OS uptime: 1 days 16:22 hours
Hyper-V role detected

CPU: total 12 (initial active 12) (6 cores per cpu, 2 threads per core) family 6 model 154 stepping 4 microcode 0x432, cx8, cmov, fxsr, ht, mmx, 3dnowpref, sse, sse2, sse3, ssse3, sse4.1, sse4.2, popcnt, lzcnt, tsc, tscinvbit, avx, avx2, aes, erms, clmul, bmi1, bmi2, adx, sha, fma, vzeroupper, clflush, clflushopt, clwb, hv
Processor Information for processor 0
  Max Mhz: 1300, Current Mhz: 1300, Mhz Limit: 1300
Processor Information for processor 1
  Max Mhz: 1300, Current Mhz: 1300, Mhz Limit: 1300
Processor Information for processor 2
  Max Mhz: 1300, Current Mhz: 1300, Mhz Limit: 1300
Processor Information for processor 3
  Max Mhz: 1300, Current Mhz: 1300, Mhz Limit: 1300
Processor Information for processor 4
  Max Mhz: 1300, Current Mhz: 900, Mhz Limit: 897
Processor Information for processor 5
  Max Mhz: 1300, Current Mhz: 900, Mhz Limit: 897
Processor Information for processor 6
  Max Mhz: 1300, Current Mhz: 900, Mhz Limit: 897
Processor Information for processor 7
  Max Mhz: 1300, Current Mhz: 900, Mhz Limit: 897
Processor Information for processor 8
  Max Mhz: 1300, Current Mhz: 900, Mhz Limit: 897
Processor Information for processor 9
  Max Mhz: 1300, Current Mhz: 900, Mhz Limit: 897
Processor Information for processor 10
  Max Mhz: 1300, Current Mhz: 900, Mhz Limit: 897
Processor Information for processor 11
  Max Mhz: 1300, Current Mhz: 900, Mhz Limit: 897

Memory: 4k page, system-wide physical 7835M (605M free)
TotalPageFile size 31387M (AvailPageFile size 1M)
current process WorkingSet (physical memory assigned to process): 405M, peak: 837M
current process commit charge ("private bytes"): 1511M, peak: 1546M

vm_info: OpenJDK 64-Bit Server VM (17.0.15+6-LTS) for windows-amd64 JRE (17.0.15+6-LTS), built on Apr  9 2025 22:27:25 by "MicrosoftCorporation" with unknown MS VC++:1939

END.
