#
# There is insufficient memory for the Java Runtime Environment to continue.
# Native memory allocation (mmap) failed to map 209715200 bytes. Error detail: G1 virtual space
# Possible reasons:
#   The system is out of physical RAM or swap space
#   This process is running with CompressedOops enabled, and the Java Heap may be blocking the growth of the native heap
# Possible solutions:
#   Reduce memory load on the system
#   Increase physical memory or swap space
#   Check if swap backing store is full
#   Decrease Java heap size (-Xmx/-Xms)
#   Decrease number of Java threads
#   Decrease Java thread stack sizes (-Xss)
#   Set larger code cache with -XX:ReservedCodeCacheSize=
#   JVM is running with Zero Based Compressed Oops mode in which the Java heap is
#     placed in the first 32GB address space. The Java Heap base address is the
#     maximum limit for the native heap growth. Please use -XX:HeapBaseMinAddress
#     to set the Java Heap base and to place the Java Heap above 32GB virtual address.
# This output file may be truncated or incomplete.
#
#  Out of Memory Error (os_windows.cpp:3710), pid=24904, tid=15128
#
# JRE version: OpenJDK Runtime Environment Microsoft-11369865 (17.0.15+6) (build 17.0.15+6-LTS)
# Java VM: OpenJDK 64-Bit Server VM Microsoft-11369865 (17.0.15+6-LTS, mixed mode, sharing, tiered, compressed oops, compressed class ptrs, g1 gc, windows-amd64)
# No core dump will be written. Minidumps are not enabled by default on client versions of Windows
#

---------------  S U M M A R Y ------------

Command Line: --add-opens=java.base/java.lang=ALL-UNNAMED --add-opens=java.base/java.lang.invoke=ALL-UNNAMED --add-opens=java.base/java.util=ALL-UNNAMED --add-opens=java.prefs/java.util.prefs=ALL-UNNAMED --add-exports=jdk.compiler/com.sun.tools.javac.api=ALL-UNNAMED --add-exports=jdk.compiler/com.sun.tools.javac.util=ALL-UNNAMED --add-opens=java.base/java.util=ALL-UNNAMED --add-opens=java.prefs/java.util.prefs=ALL-UNNAMED --add-opens=java.base/java.nio.charset=ALL-UNNAMED --add-opens=java.base/java.net=ALL-UNNAMED --add-opens=java.base/java.util.concurrent.atomic=ALL-UNNAMED --add-opens=java.xml/javax.xml.namespace=ALL-UNNAMED -XX:MaxMetaspaceSize=768m -XX:+HeapDumpOnOutOfMemoryError -Xmx3072m -Dfile.encoding=UTF-8 -Duser.country=IN -Duser.language=en -Duser.variant -javaagent:C:\Users\HP\.gradle\wrapper\dists\gradle-8.14.1-bin\baw1sv0jfoi8rxs14qo3h49cs\gradle-8.14.1\lib\agents\gradle-instrumentation-agent-8.14.1.jar org.gradle.launcher.daemon.bootstrap.GradleDaemon 8.14.1

Host: 12th Gen Intel(R) Core(TM) i5-1235U, 12 cores, 7G,  Windows 11 , 64 bit Build 26100 (10.0.26100.8115)
Time: Thu Apr 16 13:18:47 2026 India Standard Time elapsed time: 62.783888 seconds (0d 0h 1m 2s)

---------------  T H R E A D  ---------------

Current thread (0x0000019a6f6e5140):  VMThread "VM Thread" [stack: 0x00000024aae00000,0x00000024aaf00000] [id=15128]

Stack: [0x00000024aae00000,0x00000024aaf00000]
Native frames: (J=compiled Java code, j=interpreted, Vv=VM code, C=native code)
V  [jvm.dll+0x6887a9]
V  [jvm.dll+0x83f5a8]
V  [jvm.dll+0x841053]
V  [jvm.dll+0x8416c3]
V  [jvm.dll+0x2496ef]
V  [jvm.dll+0x6856e9]
V  [jvm.dll+0x679b7a]
V  [jvm.dll+0x30b0d7]
V  [jvm.dll+0x312646]
V  [jvm.dll+0x36300e]
V  [jvm.dll+0x36324d]
V  [jvm.dll+0x2e236c]
V  [jvm.dll+0x2e0719]
V  [jvm.dll+0x2dfe7c]
V  [jvm.dll+0x322a2b]
V  [jvm.dll+0x845efd]
V  [jvm.dll+0x846c33]
V  [jvm.dll+0x84715f]
V  [jvm.dll+0x847544]
V  [jvm.dll+0x84760e]
V  [jvm.dll+0x7ef2dc]
V  [jvm.dll+0x687687]
C  [ucrtbase.dll+0x37b0]
C  [KERNEL32.DLL+0x2e8d7]
C  [ntdll.dll+0x8c3fc]

VM_Operation (0x00000024b00f9790): G1CollectForAllocation, mode: safepoint, requested by thread 0x0000019a7f42af30


---------------  P R O C E S S  ---------------

Threads class SMR info:
_java_thread_list=0x0000019a28992a70, length=214, elements={
0x0000019a4c74a260, 0x0000019a6f6e9130, 0x0000019a6f6e9c00, 0x0000019a6f6ffee0,
0x0000019a6f7007b0, 0x0000019a6f7040a0, 0x0000019a6f724980, 0x0000019a6f725580,
0x0000019a6f725e90, 0x0000019a6f7287b0, 0x0000019a6f843520, 0x0000019a6f906a50,
0x0000019a75901b60, 0x0000019a75dd69b0, 0x0000019a7533d470, 0x0000019a740d7130,
0x0000019a75e29080, 0x0000019a75e29fb0, 0x0000019a75e29590, 0x0000019a75e29aa0,
0x0000019a75e2aee0, 0x0000019a7892cb30, 0x0000019a7892c110, 0x0000019a7892da60,
0x0000019a74d90c40, 0x0000019a74d90730, 0x0000019a74d96760, 0x0000019a74d94900,
0x0000019a74d94e10, 0x0000019a74d95830, 0x0000019a74d95320, 0x0000019a74d96c70,
0x0000019a74d95d40, 0x0000019a74d96250, 0x0000019a74d97180, 0x0000019a786ffe10,
0x0000019a78ec71c0, 0x0000019a78eca460, 0x0000019a78ecc2c0, 0x0000019a78ecae80,
0x0000019a78ecb8a0, 0x0000019a74d939d0, 0x0000019a7892c620, 0x0000019a7f4295e0,
0x0000019a7f42c880, 0x0000019a7f42b440, 0x0000019a7f42cd90, 0x0000019a7f42b950,
0x0000019a7f42be60, 0x0000019a7f42c370, 0x0000019a78700830, 0x0000019a78702690,
0x0000019a78702ba0, 0x0000019a78702180, 0x0000019a78700d40, 0x0000019a786ff900,
0x0000019a78701c70, 0x0000019a78701250, 0x0000019a78703fe0, 0x0000019a787030b0,
0x0000019a78704a00, 0x0000019a787035c0, 0x0000019a787044f0, 0x0000019a78704f10,
0x0000019a78701760, 0x0000019a78705420, 0x0000019a78705930, 0x0000019a78705e40,
0x0000019a78706350, 0x0000019a78706860, 0x0000019a78706d70, 0x0000019a78707280,
0x0000019a78931720, 0x0000019a789307f0, 0x0000019a78932140, 0x0000019a78932650,
0x0000019a7892f8c0, 0x0000019a78932b60, 0x0000019a7892f3b0, 0x0000019a78933070,
0x0000019a78933580, 0x0000019a7892fdd0, 0x0000019a78930d00, 0x0000019a78931210,
0x0000019a78ec9530, 0x0000019a78ec9a40, 0x0000019a78ec8600, 0x0000019a78ec7be0,
0x0000019a78ec9f50, 0x0000019a78ecb390, 0x0000019a78ec9020, 0x0000019a78ecd1f0,
0x0000019a78ecd700, 0x0000019a7f42af30, 0x0000019a7f42d2a0, 0x0000019a7f42a510,
0x0000019a7f430030, 0x0000019a7f42e1d0, 0x0000019a7f42e6e0, 0x0000019a7f42ebf0,
0x0000019a7f430540, 0x0000019a7f42f100, 0x0000019a7f42fb20, 0x0000019a74d92aa0,
0x0000019a74d934c0, 0x0000019a74d91150, 0x0000019a74d91660, 0x0000019a74d91b70,
0x0000019a74d8fd10, 0x0000019a74d90220, 0x0000019a74d92590, 0x0000019a74d92fb0,
0x0000019a75e2a4c0, 0x0000019a75e2b900, 0x0000019a75e2b3f0, 0x0000019a75e2c320,
0x0000019a75e2c830, 0x0000019a75e2a9d0, 0x0000019a78700320, 0x0000019a78429520,
0x0000019a78429a30, 0x0000019a784271b0, 0x0000019a78427bd0, 0x0000019a78429f40,
0x0000019a7842a960, 0x0000019a784285f0, 0x0000019a7842ae70, 0x0000019a7842a450,
0x0000019a78428b00, 0x0000019a784276c0, 0x0000019a7842b380, 0x0000019a78429010,
0x0000019a7842b890, 0x0000019a784280e0, 0x0000019a7842e620, 0x0000019a7842eb30,
0x0000019a7842d6f0, 0x0000019a7842bda0, 0x0000019a7842c2b0, 0x0000019a7842d1e0,
0x0000019a7842dc00, 0x0000019a7842c7c0, 0x0000019a7842ccd0, 0x0000019a7842e110,
0x0000019a77eda400, 0x0000019a77edb840, 0x0000019a77edb330, 0x0000019a77eda910,
0x0000019a77edbd50, 0x0000019a77edc260, 0x0000019a77edc770, 0x0000019a77edcc80,
0x0000019a77edd6a0, 0x0000019a77edd190, 0x0000019a77edae20, 0x0000019a28d19820,
0x0000019a28d18e00, 0x0000019a28d16580, 0x0000019a28d16070, 0x0000019a28d16fa0,
0x0000019a28d16a90, 0x0000019a28d19310, 0x0000019a28d174b0, 0x0000019a28d179c0,
0x0000019a28d17ed0, 0x0000019a28d183e0, 0x0000019a28d188f0, 0x0000019a77ed9ef0,
0x0000019a2b13cc80, 0x0000019a2b13d6a0, 0x0000019a2b13dbb0, 0x0000019a2b13eff0,
0x0000019a2b13d190, 0x0000019a2b140e50, 0x0000019a2b13e5d0, 0x0000019a2b140940,
0x0000019a2b13eae0, 0x0000019a2b13f500, 0x0000019a2b13e0c0, 0x0000019a2b141360,
0x0000019a2b140430, 0x0000019a2b13ff20, 0x0000019a2b141870, 0x0000019a2b1427a0,
0x0000019a2b142cb0, 0x0000019a2b141d80, 0x0000019a2b1431c0, 0x0000019a2b13fa10,
0x0000019a2b1436d0, 0x0000019a2b144600, 0x0000019a2b142290, 0x0000019a2b143be0,
0x0000019a2b1440f0, 0x0000019a76f5ba90, 0x0000019a76f5ced0, 0x0000019a76f5bfa0,
0x0000019a76f5c4b0, 0x0000019a76f5b580, 0x0000019a76f610a0, 0x0000019a76f624e0,
0x0000019a78ece120, 0x0000019a76f615b0, 0x0000019a7f429af0, 0x0000019a2e7a9c40,
0x0000019a2e7aab70, 0x0000019a2e7aa660, 0x0000019a2e7a8800, 0x0000019a2e7abfb0,
0x0000019a2e7abaa0, 0x0000019a2e7a8d10, 0x0000019a2e7aa150, 0x0000019a2e7ab080,
0x0000019a2e7ab590, 0x0000019a28b689c0
}

Java Threads: ( => current thread )
  0x0000019a4c74a260 JavaThread "main" [_thread_blocked, id=17904, stack(0x00000024aa800000,0x00000024aa900000)]
  0x0000019a6f6e9130 JavaThread "Reference Handler" daemon [_thread_blocked, id=2620, stack(0x00000024aaf00000,0x00000024ab000000)]
  0x0000019a6f6e9c00 JavaThread "Finalizer" daemon [_thread_blocked, id=29656, stack(0x00000024ab000000,0x00000024ab100000)]
  0x0000019a6f6ffee0 JavaThread "Signal Dispatcher" daemon [_thread_blocked, id=21244, stack(0x00000024ab100000,0x00000024ab200000)]
  0x0000019a6f7007b0 JavaThread "Attach Listener" daemon [_thread_blocked, id=21736, stack(0x00000024ab200000,0x00000024ab300000)]
  0x0000019a6f7040a0 JavaThread "Service Thread" daemon [_thread_blocked, id=10104, stack(0x00000024ab300000,0x00000024ab400000)]
  0x0000019a6f724980 JavaThread "Monitor Deflation Thread" daemon [_thread_blocked, id=13544, stack(0x00000024ab400000,0x00000024ab500000)]
  0x0000019a6f725580 JavaThread "C2 CompilerThread0" daemon [_thread_blocked, id=2824, stack(0x00000024ab500000,0x00000024ab600000)]
  0x0000019a6f725e90 JavaThread "C1 CompilerThread0" daemon [_thread_blocked, id=21188, stack(0x00000024ab600000,0x00000024ab700000)]
  0x0000019a6f7287b0 JavaThread "Sweeper thread" daemon [_thread_blocked, id=15732, stack(0x00000024ab700000,0x00000024ab800000)]
  0x0000019a6f843520 JavaThread "Common-Cleaner" daemon [_thread_blocked, id=16844, stack(0x00000024ab800000,0x00000024ab900000)]
  0x0000019a6f906a50 JavaThread "Notification Thread" daemon [_thread_blocked, id=9728, stack(0x00000024ab900000,0x00000024aba00000)]
  0x0000019a75901b60 JavaThread "Daemon health stats" [_thread_blocked, id=25276, stack(0x00000024ac100000,0x00000024ac200000)]
  0x0000019a75dd69b0 JavaThread "Incoming local TCP Connector on port 61435" [_thread_in_native, id=7004, stack(0x00000024ac200000,0x00000024ac300000)]
  0x0000019a7533d470 JavaThread "Daemon periodic checks" [_thread_blocked, id=13480, stack(0x00000024ac300000,0x00000024ac400000)]
  0x0000019a740d7130 JavaThread "Daemon" [_thread_blocked, id=23924, stack(0x00000024ac400000,0x00000024ac500000)]
  0x0000019a75e29080 JavaThread "Daemon worker" [_thread_blocked, id=17880, stack(0x00000024ac700000,0x00000024ac800000)]
  0x0000019a75e29fb0 JavaThread "Cache worker for journal cache (C:\Users\HP\.gradle\caches\journal-1)" [_thread_blocked, id=25264, stack(0x00000024acb00000,0x00000024acc00000)]
  0x0000019a75e29590 JavaThread "File lock request listener" [_thread_in_native, id=3336, stack(0x00000024acc00000,0x00000024acd00000)]
  0x0000019a75e29aa0 JavaThread "Cache worker for file hash cache (C:\Users\HP\.gradle\caches\8.14.1\fileHashes)" [_thread_blocked, id=16496, stack(0x00000024acd00000,0x00000024ace00000)]
  0x0000019a75e2aee0 JavaThread "File watcher server" daemon [_thread_blocked, id=27448, stack(0x00000024ad600000,0x00000024ad700000)]
  0x0000019a7892cb30 JavaThread "File watcher consumer" daemon [_thread_blocked, id=13244, stack(0x00000024ad700000,0x00000024ad800000)]
  0x0000019a7892c110 JavaThread "jar transforms" [_thread_blocked, id=24496, stack(0x00000024ad800000,0x00000024ad900000)]
  0x0000019a7892da60 JavaThread "Cache worker for file content cache (C:\Users\HP\.gradle\caches\8.14.1\fileContent)" [_thread_blocked, id=16220, stack(0x00000024ada00000,0x00000024adb00000)]
  0x0000019a74d90c40 JavaThread "Memory manager" [_thread_blocked, id=6460, stack(0x00000024abb00000,0x00000024abc00000)]
  0x0000019a74d90730 JavaThread "ForkJoinPool.commonPool-worker-1" daemon [_thread_blocked, id=22588, stack(0x00000024b0900000,0x00000024b0a00000)]
  0x0000019a74d96760 JavaThread "ForkJoinPool.commonPool-worker-2" daemon [_thread_blocked, id=16448, stack(0x00000024b0a00000,0x00000024b0b00000)]
  0x0000019a74d94900 JavaThread "ForkJoinPool.commonPool-worker-3" daemon [_thread_blocked, id=29328, stack(0x00000024b0b00000,0x00000024b0c00000)]
  0x0000019a74d94e10 JavaThread "ForkJoinPool.commonPool-worker-4" daemon [_thread_blocked, id=10880, stack(0x00000024b0c00000,0x00000024b0d00000)]
  0x0000019a74d95830 JavaThread "ForkJoinPool.commonPool-worker-5" daemon [_thread_blocked, id=2176, stack(0x00000024b0d00000,0x00000024b0e00000)]
  0x0000019a74d95320 JavaThread "ForkJoinPool.commonPool-worker-6" daemon [_thread_blocked, id=12364, stack(0x00000024b0e00000,0x00000024b0f00000)]
  0x0000019a74d96c70 JavaThread "ForkJoinPool.commonPool-worker-8" daemon [_thread_blocked, id=23856, stack(0x00000024b0f00000,0x00000024b1000000)]
  0x0000019a74d95d40 JavaThread "ForkJoinPool.commonPool-worker-7" daemon [_thread_blocked, id=17716, stack(0x00000024b1000000,0x00000024b1100000)]
  0x0000019a74d96250 JavaThread "ForkJoinPool.commonPool-worker-9" daemon [_thread_blocked, id=19880, stack(0x00000024b1100000,0x00000024b1200000)]
  0x0000019a74d97180 JavaThread "ForkJoinPool.commonPool-worker-10" daemon [_thread_blocked, id=25172, stack(0x00000024b1200000,0x00000024b1300000)]
  0x0000019a786ffe10 JavaThread "included builds" [_thread_blocked, id=420, stack(0x00000024b1300000,0x00000024b1400000)]
  0x0000019a78ec71c0 JavaThread "jar transforms Thread 2" [_thread_blocked, id=25840, stack(0x00000024b6b00000,0x00000024b6c00000)]
  0x0000019a78eca460 JavaThread "jar transforms Thread 3" [_thread_blocked, id=15904, stack(0x00000024b6c00000,0x00000024b6d00000)]
  0x0000019a78ecc2c0 JavaThread "jar transforms Thread 4" [_thread_blocked, id=14116, stack(0x00000024b7300000,0x00000024b7400000)]
  0x0000019a78ecae80 JavaThread "jar transforms Thread 5" [_thread_blocked, id=428, stack(0x00000024b7400000,0x00000024b7500000)]
  0x0000019a78ecb8a0 JavaThread "jar transforms Thread 6" [_thread_blocked, id=24028, stack(0x00000024b7500000,0x00000024b7600000)]
  0x0000019a74d939d0 JavaThread "jar transforms Thread 7" [_thread_blocked, id=23904, stack(0x00000024b7800000,0x00000024b7900000)]
  0x0000019a7892c620 JavaThread "jar transforms Thread 8" [_thread_blocked, id=26960, stack(0x00000024b7900000,0x00000024b7a00000)]
  0x0000019a7f4295e0 JavaThread "jar transforms Thread 9" [_thread_blocked, id=25360, stack(0x00000024b7a00000,0x00000024b7b00000)]
  0x0000019a7f42c880 JavaThread "jar transforms Thread 10" [_thread_blocked, id=28548, stack(0x00000024b7b00000,0x00000024b7c00000)]
  0x0000019a7f42b440 JavaThread "jar transforms Thread 11" [_thread_blocked, id=20676, stack(0x00000024b7c00000,0x00000024b7d00000)]
  0x0000019a7f42cd90 JavaThread "jar transforms Thread 12" [_thread_blocked, id=9636, stack(0x00000024b7f00000,0x00000024b8000000)]
  0x0000019a7f42b950 JavaThread "Exec process" [_thread_blocked, id=416, stack(0x00000024b7700000,0x00000024b7800000)]
  0x0000019a7f42be60 JavaThread "Exec process Thread 2" [_thread_blocked, id=27676, stack(0x00000024b8000000,0x00000024b8100000)]
  0x0000019a7f42c370 JavaThread "Exec process Thread 3" [_thread_blocked, id=27156, stack(0x00000024b8100000,0x00000024b8200000)]
  0x0000019a78700830 JavaThread "VFS cleanup" [_thread_blocked, id=21404, stack(0x00000024ac800000,0x00000024ac900000)]
  0x0000019a78702690 JavaThread "Handler for socket connection from /127.0.0.1:61435 to /127.0.0.1:53683" [_thread_in_native, id=17892, stack(0x00000024ac500000,0x00000024ac600000)]
  0x0000019a78702ba0 JavaThread "Cancel handler" [_thread_blocked, id=16412, stack(0x00000024ac600000,0x00000024ac700000)]
  0x0000019a78702180 JavaThread "Asynchronous log dispatcher for DefaultDaemonConnection: socket connection from /127.0.0.1:61435 to /127.0.0.1:53683" [_thread_blocked, id=25876, stack(0x00000024ac900000,0x00000024aca00000)]
  0x0000019a78700d40 JavaThread "Stdin handler" [_thread_blocked, id=5728, stack(0x00000024aca00000,0x00000024acb00000)]
  0x0000019a786ff900 JavaThread "Daemon client event forwarder" [_thread_blocked, id=17156, stack(0x00000024ad200000,0x00000024ad300000)]
  0x0000019a78701c70 JavaThread "Cache worker for file hash cache (D:\Parkitdemo\Updated-Sundukpay\android\.gradle\8.14.1\fileHashes)" [_thread_blocked, id=19856, stack(0x00000024ad300000,0x00000024ad400000)]
  0x0000019a78701250 JavaThread "Cache worker for Build Output Cleanup Cache (D:\Parkitdemo\Updated-Sundukpay\android\.gradle\buildOutputCleanup)" [_thread_blocked, id=27564, stack(0x00000024ad900000,0x00000024ada00000)]
  0x0000019a78703fe0 JavaThread "Cache worker for checksums cache (D:\Parkitdemo\Updated-Sundukpay\android\.gradle\8.14.1\checksums)" [_thread_blocked, id=2072, stack(0x00000024adb00000,0x00000024adc00000)]
  0x0000019a787030b0 JavaThread "Cache worker for cache directory md-supplier (C:\Users\HP\.gradle\caches\8.14.1\md-supplier)" [_thread_blocked, id=21360, stack(0x00000024adc00000,0x00000024add00000)]
  0x0000019a78704a00 JavaThread "Cache worker for cache directory md-rule (C:\Users\HP\.gradle\caches\8.14.1\md-rule)" [_thread_blocked, id=6716, stack(0x00000024add00000,0x00000024ade00000)]
  0x0000019a787035c0 JavaThread "Cache worker for Build Output Cleanup Cache (D:\Parkitdemo\Updated-Sundukpay\node_modules\@react-native\gradle-plugin\.gradle\buildOutputCleanup)" [_thread_blocked, id=4700, stack(0x00000024adf00000,0x00000024ae000000)]
  0x0000019a787044f0 JavaThread "Unconstrained build operations" [_thread_blocked, id=8316, stack(0x00000024ae000000,0x00000024ae100000)]
  0x0000019a78704f10 JavaThread "Unconstrained build operations Thread 2" [_thread_blocked, id=19332, stack(0x00000024ae100000,0x00000024ae200000)]
  0x0000019a78701760 JavaThread "Unconstrained build operations Thread 3" [_thread_blocked, id=24260, stack(0x00000024ae200000,0x00000024ae300000)]
  0x0000019a78705420 JavaThread "Unconstrained build operations Thread 4" [_thread_blocked, id=25108, stack(0x00000024ae300000,0x00000024ae400000)]
  0x0000019a78705930 JavaThread "Unconstrained build operations Thread 5" [_thread_blocked, id=12504, stack(0x00000024ae400000,0x00000024ae500000)]
  0x0000019a78705e40 JavaThread "Unconstrained build operations Thread 6" [_thread_blocked, id=15976, stack(0x00000024ae500000,0x00000024ae600000)]
  0x0000019a78706350 JavaThread "Unconstrained build operations Thread 7" [_thread_blocked, id=17532, stack(0x00000024ae600000,0x00000024ae700000)]
  0x0000019a78706860 JavaThread "Unconstrained build operations Thread 8" [_thread_blocked, id=4784, stack(0x00000024ae700000,0x00000024ae800000)]
  0x0000019a78706d70 JavaThread "Unconstrained build operations Thread 9" [_thread_blocked, id=5448, stack(0x00000024ae800000,0x00000024ae900000)]
  0x0000019a78707280 JavaThread "Unconstrained build operations Thread 10" [_thread_blocked, id=26660, stack(0x00000024ae900000,0x00000024aea00000)]
  0x0000019a78931720 JavaThread "Unconstrained build operations Thread 11" [_thread_blocked, id=18664, stack(0x00000024aea00000,0x00000024aeb00000)]
  0x0000019a789307f0 JavaThread "Unconstrained build operations Thread 12" [_thread_blocked, id=404, stack(0x00000024aeb00000,0x00000024aec00000)]
  0x0000019a78932140 JavaThread "Unconstrained build operations Thread 13" [_thread_blocked, id=8300, stack(0x00000024aec00000,0x00000024aed00000)]
  0x0000019a78932650 JavaThread "Unconstrained build operations Thread 14" [_thread_blocked, id=21824, stack(0x00000024aed00000,0x00000024aee00000)]
  0x0000019a7892f8c0 JavaThread "Unconstrained build operations Thread 15" [_thread_blocked, id=10940, stack(0x00000024aee00000,0x00000024aef00000)]
  0x0000019a78932b60 JavaThread "Unconstrained build operations Thread 16" [_thread_blocked, id=23404, stack(0x00000024aef00000,0x00000024af000000)]
  0x0000019a7892f3b0 JavaThread "Unconstrained build operations Thread 17" [_thread_blocked, id=14776, stack(0x00000024af000000,0x00000024af100000)]
  0x0000019a78933070 JavaThread "Unconstrained build operations Thread 18" [_thread_blocked, id=16556, stack(0x00000024af100000,0x00000024af200000)]
  0x0000019a78933580 JavaThread "Unconstrained build operations Thread 19" [_thread_blocked, id=23096, stack(0x00000024af200000,0x00000024af300000)]
  0x0000019a7892fdd0 JavaThread "Unconstrained build operations Thread 20" [_thread_blocked, id=24724, stack(0x00000024af300000,0x00000024af400000)]
  0x0000019a78930d00 JavaThread "Unconstrained build operations Thread 21" [_thread_blocked, id=1588, stack(0x00000024af400000,0x00000024af500000)]
  0x0000019a78931210 JavaThread "Unconstrained build operations Thread 22" [_thread_blocked, id=14084, stack(0x00000024af500000,0x00000024af600000)]
  0x0000019a78ec9530 JavaThread "Unconstrained build operations Thread 23" [_thread_blocked, id=12800, stack(0x00000024af600000,0x00000024af700000)]
  0x0000019a78ec9a40 JavaThread "Unconstrained build operations Thread 24" [_thread_blocked, id=14748, stack(0x00000024af700000,0x00000024af800000)]
  0x0000019a78ec8600 JavaThread "Unconstrained build operations Thread 25" [_thread_blocked, id=6840, stack(0x00000024af800000,0x00000024af900000)]
  0x0000019a78ec7be0 JavaThread "Unconstrained build operations Thread 26" [_thread_blocked, id=19292, stack(0x00000024af900000,0x00000024afa00000)]
  0x0000019a78ec9f50 JavaThread "build event listener" [_thread_blocked, id=14120, stack(0x00000024afa00000,0x00000024afb00000)]
  0x0000019a78ecb390 JavaThread "included builds" [_thread_blocked, id=14272, stack(0x00000024afc00000,0x00000024afd00000)]
  0x0000019a78ec9020 JavaThread "Execution worker" [_thread_blocked, id=21156, stack(0x00000024afd00000,0x00000024afe00000)]
  0x0000019a78ecd1f0 JavaThread "Execution worker Thread 2" [_thread_blocked, id=15460, stack(0x00000024afe00000,0x00000024aff00000)]
  0x0000019a78ecd700 JavaThread "Execution worker Thread 3" [_thread_blocked, id=2512, stack(0x00000024aff00000,0x00000024b0000000)]
  0x0000019a7f42af30 JavaThread "Execution worker Thread 4" [_thread_blocked, id=16152, stack(0x00000024b0000000,0x00000024b0100000)]
  0x0000019a7f42d2a0 JavaThread "Execution worker Thread 5" [_thread_blocked, id=28488, stack(0x00000024b0100000,0x00000024b0200000)]
  0x0000019a7f42a510 JavaThread "Execution worker Thread 6" [_thread_blocked, id=10700, stack(0x00000024b0200000,0x00000024b0300000)]
  0x0000019a7f430030 JavaThread "Execution worker Thread 7" [_thread_blocked, id=10596, stack(0x00000024b0300000,0x00000024b0400000)]
  0x0000019a7f42e1d0 JavaThread "Execution worker Thread 8" [_thread_blocked, id=23032, stack(0x00000024b0400000,0x00000024b0500000)]
  0x0000019a7f42e6e0 JavaThread "Execution worker Thread 9" [_thread_blocked, id=18136, stack(0x00000024b0500000,0x00000024b0600000)]
  0x0000019a7f42ebf0 JavaThread "Execution worker Thread 10" [_thread_blocked, id=6024, stack(0x00000024b0600000,0x00000024b0700000)]
  0x0000019a7f430540 JavaThread "Execution worker Thread 11" [_thread_blocked, id=13224, stack(0x00000024b0700000,0x00000024b0800000)]
  0x0000019a7f42f100 JavaThread "Cache worker for execution history cache (D:\Parkitdemo\Updated-Sundukpay\node_modules\@react-native\gradle-plugin\.gradle\8.14.1\executionHistory)" [_thread_blocked, id=1228, stack(0x00000024b0800000,0x00000024b0900000)]
  0x0000019a7f42fb20 JavaThread "Unconstrained build operations Thread 27" [_thread_blocked, id=19828, stack(0x00000024b1400000,0x00000024b1500000)]
  0x0000019a74d92aa0 JavaThread "Unconstrained build operations Thread 28" [_thread_blocked, id=14304, stack(0x00000024b1500000,0x00000024b1600000)]
  0x0000019a74d934c0 JavaThread "Unconstrained build operations Thread 29" [_thread_blocked, id=12592, stack(0x00000024b1600000,0x00000024b1700000)]
  0x0000019a74d91150 JavaThread "Unconstrained build operations Thread 30" [_thread_blocked, id=328, stack(0x00000024b1700000,0x00000024b1800000)]
  0x0000019a74d91660 JavaThread "Unconstrained build operations Thread 31" [_thread_blocked, id=1828, stack(0x00000024b1800000,0x00000024b1900000)]
  0x0000019a74d91b70 JavaThread "Unconstrained build operations Thread 32" [_thread_blocked, id=8584, stack(0x00000024b1900000,0x00000024b1a00000)]
  0x0000019a74d8fd10 JavaThread "Unconstrained build operations Thread 33" [_thread_blocked, id=13476, stack(0x00000024b1a00000,0x00000024b1b00000)]
  0x0000019a74d90220 JavaThread "Unconstrained build operations Thread 34" [_thread_blocked, id=14168, stack(0x00000024b1b00000,0x00000024b1c00000)]
  0x0000019a74d92590 JavaThread "Unconstrained build operations Thread 35" [_thread_blocked, id=12388, stack(0x00000024b1c00000,0x00000024b1d00000)]
  0x0000019a74d92fb0 JavaThread "Unconstrained build operations Thread 36" [_thread_blocked, id=5244, stack(0x00000024b1d00000,0x00000024b1e00000)]
  0x0000019a75e2a4c0 JavaThread "Unconstrained build operations Thread 37" [_thread_blocked, id=22804, stack(0x00000024b1e00000,0x00000024b1f00000)]
  0x0000019a75e2b900 JavaThread "Unconstrained build operations Thread 38" [_thread_blocked, id=21520, stack(0x00000024b1f00000,0x00000024b2000000)]
  0x0000019a75e2b3f0 JavaThread "Unconstrained build operations Thread 39" [_thread_blocked, id=22848, stack(0x00000024b2000000,0x00000024b2100000)]
  0x0000019a75e2c320 JavaThread "Unconstrained build operations Thread 40" [_thread_blocked, id=4824, stack(0x00000024b2100000,0x00000024b2200000)]
  0x0000019a75e2c830 JavaThread "Unconstrained build operations Thread 41" [_thread_blocked, id=13660, stack(0x00000024b2200000,0x00000024b2300000)]
  0x0000019a75e2a9d0 JavaThread "Unconstrained build operations Thread 42" [_thread_blocked, id=22244, stack(0x00000024b2300000,0x00000024b2400000)]
  0x0000019a78700320 JavaThread "Unconstrained build operations Thread 43" [_thread_blocked, id=15284, stack(0x00000024b2400000,0x00000024b2500000)]
  0x0000019a78429520 JavaThread "Unconstrained build operations Thread 44" [_thread_blocked, id=13548, stack(0x00000024b2500000,0x00000024b2600000)]
  0x0000019a78429a30 JavaThread "Unconstrained build operations Thread 45" [_thread_blocked, id=22968, stack(0x00000024b2600000,0x00000024b2700000)]
  0x0000019a784271b0 JavaThread "Unconstrained build operations Thread 46" [_thread_blocked, id=26444, stack(0x00000024b2700000,0x00000024b2800000)]
  0x0000019a78427bd0 JavaThread "Unconstrained build operations Thread 47" [_thread_blocked, id=10652, stack(0x00000024b2800000,0x00000024b2900000)]
  0x0000019a78429f40 JavaThread "Unconstrained build operations Thread 48" [_thread_blocked, id=13020, stack(0x00000024b2900000,0x00000024b2a00000)]
  0x0000019a7842a960 JavaThread "Unconstrained build operations Thread 49" [_thread_blocked, id=11312, stack(0x00000024b2a00000,0x00000024b2b00000)]
  0x0000019a784285f0 JavaThread "Unconstrained build operations Thread 50" [_thread_blocked, id=27732, stack(0x00000024b2b00000,0x00000024b2c00000)]
  0x0000019a7842ae70 JavaThread "Unconstrained build operations Thread 51" [_thread_blocked, id=20740, stack(0x00000024b2c00000,0x00000024b2d00000)]
  0x0000019a7842a450 JavaThread "Unconstrained build operations Thread 52" [_thread_blocked, id=1104, stack(0x00000024b2d00000,0x00000024b2e00000)]
  0x0000019a78428b00 JavaThread "Unconstrained build operations Thread 53" [_thread_blocked, id=15540, stack(0x00000024b2e00000,0x00000024b2f00000)]
  0x0000019a784276c0 JavaThread "Unconstrained build operations Thread 54" [_thread_blocked, id=20248, stack(0x00000024b2f00000,0x00000024b3000000)]
  0x0000019a7842b380 JavaThread "Unconstrained build operations Thread 55" [_thread_blocked, id=6628, stack(0x00000024b3000000,0x00000024b3100000)]
  0x0000019a78429010 JavaThread "Unconstrained build operations Thread 56" [_thread_blocked, id=15868, stack(0x00000024b3100000,0x00000024b3200000)]
  0x0000019a7842b890 JavaThread "Unconstrained build operations Thread 57" [_thread_blocked, id=6768, stack(0x00000024b3200000,0x00000024b3300000)]
  0x0000019a784280e0 JavaThread "Unconstrained build operations Thread 58" [_thread_blocked, id=23744, stack(0x00000024b3300000,0x00000024b3400000)]
  0x0000019a7842e620 JavaThread "Unconstrained build operations Thread 59" [_thread_blocked, id=21012, stack(0x00000024b3400000,0x00000024b3500000)]
  0x0000019a7842eb30 JavaThread "Unconstrained build operations Thread 60" [_thread_blocked, id=17728, stack(0x00000024b3500000,0x00000024b3600000)]
  0x0000019a7842d6f0 JavaThread "Unconstrained build operations Thread 61" [_thread_blocked, id=28052, stack(0x00000024b3600000,0x00000024b3700000)]
  0x0000019a7842bda0 JavaThread "Unconstrained build operations Thread 62" [_thread_blocked, id=24668, stack(0x00000024b3700000,0x00000024b3800000)]
  0x0000019a7842c2b0 JavaThread "Unconstrained build operations Thread 63" [_thread_blocked, id=25524, stack(0x00000024b3800000,0x00000024b3900000)]
  0x0000019a7842d1e0 JavaThread "Unconstrained build operations Thread 64" [_thread_blocked, id=22140, stack(0x00000024b3900000,0x00000024b3a00000)]
  0x0000019a7842dc00 JavaThread "Unconstrained build operations Thread 65" [_thread_blocked, id=27740, stack(0x00000024b3a00000,0x00000024b3b00000)]
  0x0000019a7842c7c0 JavaThread "Unconstrained build operations Thread 66" [_thread_blocked, id=4868, stack(0x00000024b3b00000,0x00000024b3c00000)]
  0x0000019a7842ccd0 JavaThread "Unconstrained build operations Thread 67" [_thread_blocked, id=19444, stack(0x00000024b3c00000,0x00000024b3d00000)]
  0x0000019a7842e110 JavaThread "Unconstrained build operations Thread 68" [_thread_blocked, id=5076, stack(0x00000024b3d00000,0x00000024b3e00000)]
  0x0000019a77eda400 JavaThread "Unconstrained build operations Thread 69" [_thread_blocked, id=19520, stack(0x00000024b3e00000,0x00000024b3f00000)]
  0x0000019a77edb840 JavaThread "Unconstrained build operations Thread 70" [_thread_blocked, id=23716, stack(0x00000024b3f00000,0x00000024b4000000)]
  0x0000019a77edb330 JavaThread "Unconstrained build operations Thread 71" [_thread_blocked, id=29196, stack(0x00000024b4000000,0x00000024b4100000)]
  0x0000019a77eda910 JavaThread "Unconstrained build operations Thread 72" [_thread_blocked, id=21668, stack(0x00000024b4100000,0x00000024b4200000)]
  0x0000019a77edbd50 JavaThread "Unconstrained build operations Thread 73" [_thread_blocked, id=10396, stack(0x00000024b4200000,0x00000024b4300000)]
  0x0000019a77edc260 JavaThread "Unconstrained build operations Thread 74" [_thread_blocked, id=23152, stack(0x00000024b4300000,0x00000024b4400000)]
  0x0000019a77edc770 JavaThread "Unconstrained build operations Thread 75" [_thread_blocked, id=20232, stack(0x00000024b4400000,0x00000024b4500000)]
  0x0000019a77edcc80 JavaThread "Unconstrained build operations Thread 76" [_thread_blocked, id=15916, stack(0x00000024b4500000,0x00000024b4600000)]
  0x0000019a77edd6a0 JavaThread "Unconstrained build operations Thread 77" [_thread_blocked, id=29200, stack(0x00000024b4600000,0x00000024b4700000)]
  0x0000019a77edd190 JavaThread "Unconstrained build operations Thread 78" [_thread_blocked, id=17556, stack(0x00000024b4700000,0x00000024b4800000)]
  0x0000019a77edae20 JavaThread "Unconstrained build operations Thread 79" [_thread_blocked, id=11472, stack(0x00000024b4800000,0x00000024b4900000)]
  0x0000019a28d19820 JavaThread "Unconstrained build operations Thread 80" [_thread_blocked, id=25708, stack(0x00000024b4900000,0x00000024b4a00000)]
  0x0000019a28d18e00 JavaThread "Unconstrained build operations Thread 81" [_thread_blocked, id=28720, stack(0x00000024b4a00000,0x00000024b4b00000)]
  0x0000019a28d16580 JavaThread "Unconstrained build operations Thread 82" [_thread_blocked, id=14132, stack(0x00000024b4b00000,0x00000024b4c00000)]
  0x0000019a28d16070 JavaThread "Unconstrained build operations Thread 83" [_thread_blocked, id=7428, stack(0x00000024b4c00000,0x00000024b4d00000)]
  0x0000019a28d16fa0 JavaThread "Unconstrained build operations Thread 84" [_thread_blocked, id=17112, stack(0x00000024b4d00000,0x00000024b4e00000)]
  0x0000019a28d16a90 JavaThread "Unconstrained build operations Thread 85" [_thread_blocked, id=3448, stack(0x00000024b4e00000,0x00000024b4f00000)]
  0x0000019a28d19310 JavaThread "Unconstrained build operations Thread 86" [_thread_blocked, id=23352, stack(0x00000024b4f00000,0x00000024b5000000)]
  0x0000019a28d174b0 JavaThread "Unconstrained build operations Thread 87" [_thread_blocked, id=4920, stack(0x00000024b5000000,0x00000024b5100000)]
  0x0000019a28d179c0 JavaThread "Unconstrained build operations Thread 88" [_thread_blocked, id=11708, stack(0x00000024b5100000,0x00000024b5200000)]
  0x0000019a28d17ed0 JavaThread "Unconstrained build operations Thread 89" [_thread_blocked, id=22416, stack(0x00000024b5200000,0x00000024b5300000)]
  0x0000019a28d183e0 JavaThread "Unconstrained build operations Thread 90" [_thread_blocked, id=24344, stack(0x00000024b5300000,0x00000024b5400000)]
  0x0000019a28d188f0 JavaThread "Unconstrained build operations Thread 91" [_thread_blocked, id=10088, stack(0x00000024b5400000,0x00000024b5500000)]
  0x0000019a77ed9ef0 JavaThread "Unconstrained build operations Thread 92" [_thread_blocked, id=19688, stack(0x00000024b5500000,0x00000024b5600000)]
  0x0000019a2b13cc80 JavaThread "Unconstrained build operations Thread 93" [_thread_blocked, id=21220, stack(0x00000024b5600000,0x00000024b5700000)]
  0x0000019a2b13d6a0 JavaThread "Unconstrained build operations Thread 94" [_thread_blocked, id=740, stack(0x00000024b5700000,0x00000024b5800000)]
  0x0000019a2b13dbb0 JavaThread "Unconstrained build operations Thread 95" [_thread_blocked, id=25936, stack(0x00000024b5800000,0x00000024b5900000)]
  0x0000019a2b13eff0 JavaThread "Unconstrained build operations Thread 96" [_thread_blocked, id=23596, stack(0x00000024b5900000,0x00000024b5a00000)]
  0x0000019a2b13d190 JavaThread "Unconstrained build operations Thread 97" [_thread_blocked, id=27108, stack(0x00000024b5a00000,0x00000024b5b00000)]
  0x0000019a2b140e50 JavaThread "Unconstrained build operations Thread 98" [_thread_blocked, id=21560, stack(0x00000024b5b00000,0x00000024b5c00000)]
  0x0000019a2b13e5d0 JavaThread "Unconstrained build operations Thread 99" [_thread_blocked, id=3536, stack(0x00000024b5c00000,0x00000024b5d00000)]
  0x0000019a2b140940 JavaThread "Unconstrained build operations Thread 100" [_thread_blocked, id=22984, stack(0x00000024b5d00000,0x00000024b5e00000)]
  0x0000019a2b13eae0 JavaThread "Unconstrained build operations Thread 101" [_thread_blocked, id=14876, stack(0x00000024b5e00000,0x00000024b5f00000)]
  0x0000019a2b13f500 JavaThread "build event listener" [_thread_blocked, id=11552, stack(0x00000024b5f00000,0x00000024b6000000)]
  0x0000019a2b13e0c0 JavaThread "Problems report writer" [_thread_blocked, id=27284, stack(0x00000024b6000000,0x00000024b6100000)]
  0x0000019a2b141360 JavaThread "Unconstrained build operations Thread 102" [_thread_blocked, id=13304, stack(0x00000024b6100000,0x00000024b6200000)]
  0x0000019a2b140430 JavaThread "Unconstrained build operations Thread 103" [_thread_blocked, id=19196, stack(0x00000024b6200000,0x00000024b6300000)]
  0x0000019a2b13ff20 JavaThread "Unconstrained build operations Thread 104" [_thread_blocked, id=16908, stack(0x00000024b6300000,0x00000024b6400000)]
  0x0000019a2b141870 JavaThread "Unconstrained build operations Thread 105" [_thread_blocked, id=29124, stack(0x00000024b6400000,0x00000024b6500000)]
  0x0000019a2b1427a0 JavaThread "Unconstrained build operations Thread 106" [_thread_blocked, id=1212, stack(0x00000024b6500000,0x00000024b6600000)]
  0x0000019a2b142cb0 JavaThread "Unconstrained build operations Thread 107" [_thread_blocked, id=27260, stack(0x00000024b6600000,0x00000024b6700000)]
  0x0000019a2b141d80 JavaThread "Unconstrained build operations Thread 108" [_thread_blocked, id=25348, stack(0x00000024b6700000,0x00000024b6800000)]
  0x0000019a2b1431c0 JavaThread "Unconstrained build operations Thread 109" [_thread_blocked, id=27924, stack(0x00000024b6800000,0x00000024b6900000)]
  0x0000019a2b13fa10 JavaThread "Unconstrained build operations Thread 110" [_thread_blocked, id=27644, stack(0x00000024b6900000,0x00000024b6a00000)]
  0x0000019a2b1436d0 JavaThread "Unconstrained build operations Thread 111" [_thread_blocked, id=25496, stack(0x00000024b6a00000,0x00000024b6b00000)]
  0x0000019a2b144600 JavaThread "Unconstrained build operations Thread 112" [_thread_blocked, id=12460, stack(0x00000024b6d00000,0x00000024b6e00000)]
  0x0000019a2b142290 JavaThread "Unconstrained build operations Thread 113" [_thread_blocked, id=20792, stack(0x00000024b6e00000,0x00000024b6f00000)]
  0x0000019a2b143be0 JavaThread "Unconstrained build operations Thread 114" [_thread_blocked, id=17952, stack(0x00000024b6f00000,0x00000024b7000000)]
  0x0000019a2b1440f0 JavaThread "Unconstrained build operations Thread 115" [_thread_blocked, id=15520, stack(0x00000024b7000000,0x00000024b7100000)]
  0x0000019a76f5ba90 JavaThread "Unconstrained build operations Thread 116" [_thread_blocked, id=21284, stack(0x00000024b7100000,0x00000024b7200000)]
  0x0000019a76f5ced0 JavaThread "Unconstrained build operations Thread 117" [_thread_blocked, id=11700, stack(0x00000024b7200000,0x00000024b7300000)]
  0x0000019a76f5bfa0 JavaThread "Unconstrained build operations Thread 118" [_thread_blocked, id=15264, stack(0x00000024b7600000,0x00000024b7700000)]
  0x0000019a76f5c4b0 JavaThread "Unconstrained build operations Thread 119" [_thread_blocked, id=25192, stack(0x00000024b8400000,0x00000024b8500000)]
  0x0000019a76f5b580 JavaThread "Unconstrained build operations Thread 120" [_thread_blocked, id=27352, stack(0x00000024b8500000,0x00000024b8600000)]
  0x0000019a76f610a0 JavaThread "ForkJoinPool.commonPool-worker-11" daemon [_thread_blocked, id=10000, stack(0x00000024b8800000,0x00000024b8900000)]
  0x0000019a76f624e0 JavaThread "Cache worker for execution history cache (D:\Parkitdemo\Updated-Sundukpay\android\.gradle\8.14.1\executionHistory)" [_thread_blocked, id=9744, stack(0x00000024b8900000,0x00000024b8a00000)]
  0x0000019a78ece120 JavaThread "WorkerExecutor Queue" [_thread_blocked, id=20136, stack(0x00000024b8a00000,0x00000024b8b00000)]
  0x0000019a76f615b0 JavaThread "WorkerExecutor Queue Thread 2" [_thread_blocked, id=25744, stack(0x00000024b8b00000,0x00000024b8c00000)]
  0x0000019a7f429af0 JavaThread "WorkerExecutor Queue Thread 3" [_thread_blocked, id=3076, stack(0x00000024b8c00000,0x00000024b8d00000)]
  0x0000019a2e7a9c40 JavaThread "WorkerExecutor Queue Thread 4" [_thread_blocked, id=9752, stack(0x00000024b8d00000,0x00000024b8e00000)]
  0x0000019a2e7aab70 JavaThread "WorkerExecutor Queue Thread 5" [_thread_blocked, id=16224, stack(0x00000024b8e00000,0x00000024b8f00000)]
  0x0000019a2e7aa660 JavaThread "WorkerExecutor Queue Thread 6" [_thread_blocked, id=22640, stack(0x00000024b8f00000,0x00000024b9000000)]
  0x0000019a2e7a8800 JavaThread "WorkerExecutor Queue Thread 7" [_thread_blocked, id=29536, stack(0x00000024b9000000,0x00000024b9100000)]
  0x0000019a2e7abfb0 JavaThread "WorkerExecutor Queue Thread 8" [_thread_blocked, id=11284, stack(0x00000024b9100000,0x00000024b9200000)]
  0x0000019a2e7abaa0 JavaThread "WorkerExecutor Queue Thread 9" [_thread_blocked, id=27560, stack(0x00000024b9200000,0x00000024b9300000)]
  0x0000019a2e7a8d10 JavaThread "WorkerExecutor Queue Thread 10" [_thread_blocked, id=19804, stack(0x00000024b9300000,0x00000024b9400000)]
  0x0000019a2e7aa150 JavaThread "WorkerExecutor Queue Thread 11" [_thread_blocked, id=4712, stack(0x00000024b9400000,0x00000024b9500000)]
  0x0000019a2e7ab080 JavaThread "WorkerExecutor Queue Thread 12" [_thread_blocked, id=3068, stack(0x00000024b9500000,0x00000024b9600000)]
  0x0000019a2e7ab590 JavaThread "WorkerExecutor Queue Thread 13" [_thread_blocked, id=22120, stack(0x00000024b9600000,0x00000024b9700000)]
  0x0000019a28b689c0 JavaThread "C2 CompilerThread1" daemon [_thread_blocked, id=22976, stack(0x00000024aa600000,0x00000024aa700000)]

Other Threads:
=>0x0000019a6f6e5140 VMThread "VM Thread" [stack: 0x00000024aae00000,0x00000024aaf00000] [id=15128]
  0x0000019a4c74b200 WatcherThread [stack: 0x00000024aba00000,0x00000024abb00000] [id=14004]
  0x0000019a4c7a6d00 GCTaskThread "GC Thread#0" [stack: 0x00000024aa900000,0x00000024aaa00000] [id=6012]
  0x0000019a74151760 GCTaskThread "GC Thread#1" [stack: 0x00000024abd00000,0x00000024abe00000] [id=22556]
  0x0000019a7416f340 GCTaskThread "GC Thread#2" [stack: 0x00000024abe00000,0x00000024abf00000] [id=28196]
  0x0000019a753b0080 GCTaskThread "GC Thread#3" [stack: 0x00000024abf00000,0x00000024ac000000] [id=24540]
  0x0000019a752ee110 GCTaskThread "GC Thread#4" [stack: 0x00000024ac000000,0x00000024ac100000] [id=2924]
  0x0000019a76095710 GCTaskThread "GC Thread#5" [stack: 0x00000024abc00000,0x00000024abd00000] [id=5388]
  0x0000019a7591c0c0 GCTaskThread "GC Thread#6" [stack: 0x00000024ace00000,0x00000024acf00000] [id=26084]
  0x0000019a78350200 GCTaskThread "GC Thread#7" [stack: 0x00000024acf00000,0x00000024ad000000] [id=1192]
  0x0000019a770f7d10 GCTaskThread "GC Thread#8" [stack: 0x00000024ad000000,0x00000024ad100000] [id=26600]
  0x0000019a770f7fd0 GCTaskThread "GC Thread#9" [stack: 0x00000024ad100000,0x00000024ad200000] [id=14724]
  0x0000019a4c7b3b60 ConcurrentGCThread "G1 Main Marker" [stack: 0x00000024aaa00000,0x00000024aab00000] [id=20552]
  0x0000019a4c7b5160 ConcurrentGCThread "G1 Conc#0" [stack: 0x00000024aab00000,0x00000024aac00000] [id=11452]
  0x0000019a76497900 ConcurrentGCThread "G1 Conc#1" [stack: 0x00000024ad400000,0x00000024ad500000] [id=21464]
  0x0000019a76497e80 ConcurrentGCThread "G1 Conc#2" [stack: 0x00000024ad500000,0x00000024ad600000] [id=4944]
  0x0000019a4c7fe710 ConcurrentGCThread "G1 Refine#0" [stack: 0x00000024aac00000,0x00000024aad00000] [id=19728]
  0x0000019a78b4e3e0 ConcurrentGCThread "G1 Refine#1" [stack: 0x00000024ade00000,0x00000024adf00000] [id=11304]
  0x0000019a7a5666a0 ConcurrentGCThread "G1 Refine#2" [stack: 0x00000024b7d00000,0x00000024b7e00000] [id=22380]
  0x0000019a7a567840 ConcurrentGCThread "G1 Refine#3" [stack: 0x00000024b7e00000,0x00000024b7f00000] [id=15200]
  0x0000019a7a566990 ConcurrentGCThread "G1 Refine#4" [stack: 0x00000024b8600000,0x00000024b8700000] [id=10204]
  0x0000019a6f590610 ConcurrentGCThread "G1 Service" [stack: 0x00000024aad00000,0x00000024aae00000] [id=28064]

Threads with active compile tasks:
C2 CompilerThread0    62824 23605       4       java.util.regex.Matcher::replaceAll (59 bytes)
C2 CompilerThread1    62824 23678 %     4       com.sun.org.apache.xerces.internal.impl.io.UTF8Reader::read @ 113 (1443 bytes)

VM state: at safepoint (normal execution)

VM Mutex/Monitor currently owned by a thread:  ([mutex/lock_event])
[0x0000019a4c5753d0] Threads_lock - owner thread: 0x0000019a6f6e5140
[0x0000019a4c749a40] Heap_lock - owner thread: 0x0000019a7f42af30

Heap address: 0x0000000740000000, size: 3072 MB, Compressed Oops mode: Zero based, Oop shift amount: 3

CDS archive(s) mapped at: [0x0000019a00000000-0x0000019a00bb0000-0x0000019a00bb0000), size 12255232, SharedBaseAddress: 0x0000019a00000000, ArchiveRelocationMode: 1.
Compressed class space mapped at: 0x0000019a01000000-0x0000019a28000000, reserved size: 654311424
Narrow klass base: 0x0000019a00000000, Narrow klass shift: 0, Narrow klass range: 0x100000000

GC Precious Log:
 CPUs: 12 total, 12 available
 Memory: 7835M
 Large Page Support: Disabled
 NUMA Support: Disabled
 Compressed Oops: Enabled (Zero based)
 Heap Region Size: 2M
 Heap Min Capacity: 8M
 Heap Initial Capacity: 124M
 Heap Max Capacity: 3G
 Pre-touch: Disabled
 Parallel Workers: 10
 Concurrent Workers: 3
 Concurrent Refinement Workers: 10
 Periodic GC: Disabled

Heap:
 garbage-first heap   total 798720K, used 404116K [0x0000000740000000, 0x0000000800000000)
  region size 2048K, 15 young (30720K), 15 survivors (30720K)
 Metaspace       used 127081K, committed 129408K, reserved 770048K
  class space    used 17488K, committed 18496K, reserved 638976K

Heap Regions: E=young(eden), S=young(survivor), O=old, HS=humongous(starts), HC=humongous(continues), CS=collection set, F=free, OA=open archive, CA=closed archive, TAMS=top-at-mark-start (previous, next)
|   0|0x0000000740000000, 0x0000000740200000, 0x0000000740200000|100%|HS|  |TAMS 0x0000000740200000, 0x0000000740200000| Complete 
|   1|0x0000000740200000, 0x0000000740400000, 0x0000000740400000|100%|HC|  |TAMS 0x0000000740400000, 0x0000000740400000| Complete 
|   2|0x0000000740400000, 0x0000000740600000, 0x0000000740600000|100%| O|  |TAMS 0x0000000740600000, 0x0000000740600000| Untracked 
|   3|0x0000000740600000, 0x0000000740800000, 0x0000000740800000|100%| O|  |TAMS 0x0000000740800000, 0x0000000740800000| Untracked 
|   4|0x0000000740800000, 0x0000000740a00000, 0x0000000740a00000|100%| O|  |TAMS 0x0000000740a00000, 0x0000000740a00000| Untracked 
|   5|0x0000000740a00000, 0x0000000740c00000, 0x0000000740c00000|100%| O|  |TAMS 0x0000000740c00000, 0x0000000740c00000| Untracked 
|   6|0x0000000740c00000, 0x0000000740e00000, 0x0000000740e00000|100%| O|  |TAMS 0x0000000740e00000, 0x0000000740e00000| Untracked 
|   7|0x0000000740e00000, 0x0000000741000000, 0x0000000741000000|100%| O|  |TAMS 0x0000000741000000, 0x0000000741000000| Untracked 
|   8|0x0000000741000000, 0x0000000741200000, 0x0000000741200000|100%| O|  |TAMS 0x0000000741200000, 0x0000000741200000| Untracked 
|   9|0x0000000741200000, 0x0000000741400000, 0x0000000741400000|100%| O|  |TAMS 0x0000000741400000, 0x0000000741400000| Untracked 
|  10|0x0000000741400000, 0x0000000741600000, 0x0000000741600000|100%| O|  |TAMS 0x0000000741600000, 0x0000000741600000| Untracked 
|  11|0x0000000741600000, 0x0000000741800000, 0x0000000741800000|100%| O|  |TAMS 0x0000000741800000, 0x0000000741800000| Untracked 
|  12|0x0000000741800000, 0x00000007419ffff8, 0x0000000741a00000| 99%| O|  |TAMS 0x00000007419ffff8, 0x00000007419ffff8| Untracked 
|  13|0x0000000741a00000, 0x0000000741c00000, 0x0000000741c00000|100%| O|  |TAMS 0x0000000741c00000, 0x0000000741c00000| Untracked 
|  14|0x0000000741c00000, 0x0000000741e00000, 0x0000000741e00000|100%| O|  |TAMS 0x0000000741e00000, 0x0000000741e00000| Untracked 
|  15|0x0000000741e00000, 0x0000000742000000, 0x0000000742000000|100%| O|  |TAMS 0x0000000742000000, 0x0000000742000000| Untracked 
|  16|0x0000000742000000, 0x0000000742200000, 0x0000000742200000|100%| O|  |TAMS 0x0000000742200000, 0x0000000742200000| Untracked 
|  17|0x0000000742200000, 0x0000000742400000, 0x0000000742400000|100%| O|  |TAMS 0x0000000742400000, 0x0000000742400000| Untracked 
|  18|0x0000000742400000, 0x0000000742600000, 0x0000000742600000|100%| O|  |TAMS 0x0000000742600000, 0x0000000742600000| Untracked 
|  19|0x0000000742600000, 0x0000000742800000, 0x0000000742800000|100%|HS|  |TAMS 0x0000000742800000, 0x0000000742800000| Complete 
|  20|0x0000000742800000, 0x0000000742a00000, 0x0000000742a00000|100%|HC|  |TAMS 0x0000000742a00000, 0x0000000742a00000| Complete 
|  21|0x0000000742a00000, 0x0000000742c00000, 0x0000000742c00000|100%|HS|  |TAMS 0x0000000742c00000, 0x0000000742c00000| Complete 
|  22|0x0000000742c00000, 0x0000000742e00000, 0x0000000742e00000|100%|HC|  |TAMS 0x0000000742e00000, 0x0000000742e00000| Complete 
|  23|0x0000000742e00000, 0x0000000743000000, 0x0000000743000000|100%| O|  |TAMS 0x0000000743000000, 0x0000000743000000| Untracked 
|  24|0x0000000743000000, 0x0000000743200000, 0x0000000743200000|100%| O|  |TAMS 0x0000000743200000, 0x0000000743200000| Untracked 
|  25|0x0000000743200000, 0x0000000743400000, 0x0000000743400000|100%| O|  |TAMS 0x0000000743400000, 0x0000000743400000| Untracked 
|  26|0x0000000743400000, 0x0000000743600000, 0x0000000743600000|100%| O|  |TAMS 0x0000000743600000, 0x0000000743600000| Untracked 
|  27|0x0000000743600000, 0x0000000743600000, 0x0000000743800000|  0%| F|  |TAMS 0x0000000743600000, 0x0000000743600000| Untracked 
|  28|0x0000000743800000, 0x0000000743a00000, 0x0000000743a00000|100%| O|  |TAMS 0x0000000743a00000, 0x0000000743a00000| Untracked 
|  29|0x0000000743a00000, 0x0000000743c00000, 0x0000000743c00000|100%| O|  |TAMS 0x0000000743c00000, 0x0000000743c00000| Untracked 
|  30|0x0000000743c00000, 0x0000000743c00000, 0x0000000743e00000|  0%| F|  |TAMS 0x0000000743c00000, 0x0000000743c00000| Untracked 
|  31|0x0000000743e00000, 0x0000000743e00000, 0x0000000744000000|  0%| F|  |TAMS 0x0000000743e00000, 0x0000000743e00000| Untracked 
|  32|0x0000000744000000, 0x0000000744200000, 0x0000000744200000|100%| O|  |TAMS 0x0000000744200000, 0x0000000744200000| Untracked 
|  33|0x0000000744200000, 0x0000000744400000, 0x0000000744400000|100%| O|  |TAMS 0x0000000744400000, 0x0000000744400000| Untracked 
|  34|0x0000000744400000, 0x0000000744600000, 0x0000000744600000|100%| O|  |TAMS 0x0000000744400000, 0x0000000744600000| Untracked 
|  35|0x0000000744600000, 0x0000000744800000, 0x0000000744800000|100%| O|  |TAMS 0x0000000744800000, 0x0000000744800000| Untracked 
|  36|0x0000000744800000, 0x0000000744a00000, 0x0000000744a00000|100%| O|  |TAMS 0x0000000744800000, 0x0000000744a00000| Untracked 
|  37|0x0000000744a00000, 0x0000000744a00000, 0x0000000744c00000|  0%| F|  |TAMS 0x0000000744a00000, 0x0000000744a00000| Untracked 
|  38|0x0000000744c00000, 0x0000000744e00000, 0x0000000744e00000|100%| O|  |TAMS 0x0000000744e00000, 0x0000000744e00000| Untracked 
|  39|0x0000000744e00000, 0x0000000745000000, 0x0000000745000000|100%| O|  |TAMS 0x0000000744e00000, 0x0000000745000000| Untracked 
|  40|0x0000000745000000, 0x0000000745200000, 0x0000000745200000|100%| O|  |TAMS 0x0000000745000000, 0x0000000745200000| Untracked 
|  41|0x0000000745200000, 0x0000000745400000, 0x0000000745400000|100%| O|  |TAMS 0x0000000745400000, 0x0000000745400000| Untracked 
|  42|0x0000000745400000, 0x0000000745600000, 0x0000000745600000|100%| O|  |TAMS 0x0000000745400000, 0x0000000745600000| Untracked 
|  43|0x0000000745600000, 0x0000000745800000, 0x0000000745800000|100%| O|  |TAMS 0x0000000745800000, 0x0000000745800000| Untracked 
|  44|0x0000000745800000, 0x0000000745a00000, 0x0000000745a00000|100%| O|  |TAMS 0x0000000745a00000, 0x0000000745a00000| Untracked 
|  45|0x0000000745a00000, 0x0000000745c00000, 0x0000000745c00000|100%| O|  |TAMS 0x0000000745c00000, 0x0000000745c00000| Untracked 
|  46|0x0000000745c00000, 0x0000000745c00000, 0x0000000745e00000|  0%| F|  |TAMS 0x0000000745c00000, 0x0000000745c00000| Untracked 
|  47|0x0000000745e00000, 0x0000000746000000, 0x0000000746000000|100%| O|  |TAMS 0x0000000746000000, 0x0000000746000000| Untracked 
|  48|0x0000000746000000, 0x0000000746200000, 0x0000000746200000|100%| O|  |TAMS 0x0000000746200000, 0x0000000746200000| Untracked 
|  49|0x0000000746200000, 0x0000000746400000, 0x0000000746400000|100%| O|  |TAMS 0x0000000746400000, 0x0000000746400000| Untracked 
|  50|0x0000000746400000, 0x0000000746600000, 0x0000000746600000|100%|HS|  |TAMS 0x0000000746600000, 0x0000000746600000| Complete 
|  51|0x0000000746600000, 0x0000000746800000, 0x0000000746800000|100%|HC|  |TAMS 0x0000000746800000, 0x0000000746800000| Complete 
|  52|0x0000000746800000, 0x0000000746a00000, 0x0000000746a00000|100%| O|  |TAMS 0x0000000746a00000, 0x0000000746a00000| Untracked 
|  53|0x0000000746a00000, 0x0000000746c00000, 0x0000000746c00000|100%| O|  |TAMS 0x0000000746c00000, 0x0000000746c00000| Untracked 
|  54|0x0000000746c00000, 0x0000000746e00000, 0x0000000746e00000|100%| O|  |TAMS 0x0000000746e00000, 0x0000000746e00000| Untracked 
|  55|0x0000000746e00000, 0x0000000747000000, 0x0000000747000000|100%| O|  |TAMS 0x0000000747000000, 0x0000000747000000| Untracked 
|  56|0x0000000747000000, 0x0000000747200000, 0x0000000747200000|100%| O|  |TAMS 0x0000000747200000, 0x0000000747200000| Untracked 
|  57|0x0000000747200000, 0x0000000747400000, 0x0000000747400000|100%| O|  |TAMS 0x0000000747400000, 0x0000000747400000| Untracked 
|  58|0x0000000747400000, 0x0000000747600000, 0x0000000747600000|100%|HS|  |TAMS 0x0000000747600000, 0x0000000747600000| Complete 
|  59|0x0000000747600000, 0x0000000747800000, 0x0000000747800000|100%|HS|  |TAMS 0x0000000747800000, 0x0000000747800000| Complete 
|  60|0x0000000747800000, 0x0000000747a00000, 0x0000000747a00000|100%|HC|  |TAMS 0x0000000747a00000, 0x0000000747a00000| Complete 
|  61|0x0000000747a00000, 0x0000000747c00000, 0x0000000747c00000|100%|HS|  |TAMS 0x0000000747c00000, 0x0000000747c00000| Complete 
|  62|0x0000000747c00000, 0x0000000747e00000, 0x0000000747e00000|100%| O|  |TAMS 0x0000000747e00000, 0x0000000747e00000| Untracked 
|  63|0x0000000747e00000, 0x0000000748000000, 0x0000000748000000|100%| O|  |TAMS 0x0000000748000000, 0x0000000748000000| Untracked 
|  64|0x0000000748000000, 0x0000000748200000, 0x0000000748200000|100%| O|  |TAMS 0x0000000748200000, 0x0000000748200000| Untracked 
|  65|0x0000000748200000, 0x0000000748400000, 0x0000000748400000|100%| O|  |TAMS 0x0000000748200000, 0x0000000748400000| Untracked 
|  66|0x0000000748400000, 0x0000000748600000, 0x0000000748600000|100%| O|  |TAMS 0x0000000748600000, 0x0000000748600000| Untracked 
|  67|0x0000000748600000, 0x0000000748800000, 0x0000000748800000|100%| O|  |TAMS 0x0000000748800000, 0x0000000748800000| Untracked 
|  68|0x0000000748800000, 0x0000000748a00000, 0x0000000748a00000|100%| O|  |TAMS 0x0000000748a00000, 0x0000000748a00000| Untracked 
|  69|0x0000000748a00000, 0x0000000748c00000, 0x0000000748c00000|100%| O|  |TAMS 0x0000000748c00000, 0x0000000748c00000| Untracked 
|  70|0x0000000748c00000, 0x0000000748e00000, 0x0000000748e00000|100%| O|  |TAMS 0x0000000748e00000, 0x0000000748e00000| Untracked 
|  71|0x0000000748e00000, 0x0000000749000000, 0x0000000749000000|100%| O|  |TAMS 0x0000000749000000, 0x0000000749000000| Untracked 
|  72|0x0000000749000000, 0x0000000749200000, 0x0000000749200000|100%| O|  |TAMS 0x0000000749200000, 0x0000000749200000| Untracked 
|  73|0x0000000749200000, 0x0000000749400000, 0x0000000749400000|100%| O|  |TAMS 0x0000000749400000, 0x0000000749400000| Untracked 
|  74|0x0000000749400000, 0x0000000749600000, 0x0000000749600000|100%| O|  |TAMS 0x0000000749400000, 0x0000000749600000| Untracked 
|  75|0x0000000749600000, 0x0000000749600000, 0x0000000749800000|  0%| F|  |TAMS 0x0000000749600000, 0x0000000749600000| Untracked 
|  76|0x0000000749800000, 0x0000000749a00000, 0x0000000749a00000|100%| O|  |TAMS 0x0000000749a00000, 0x0000000749a00000| Untracked 
|  77|0x0000000749a00000, 0x0000000749c00000, 0x0000000749c00000|100%| O|  |TAMS 0x0000000749a00000, 0x0000000749c00000| Untracked 
|  78|0x0000000749c00000, 0x0000000749e00000, 0x0000000749e00000|100%| O|  |TAMS 0x0000000749c00000, 0x0000000749e00000| Untracked 
|  79|0x0000000749e00000, 0x0000000749e00000, 0x000000074a000000|  0%| F|  |TAMS 0x0000000749e00000, 0x0000000749e00000| Untracked 
|  80|0x000000074a000000, 0x000000074a200000, 0x000000074a200000|100%|HS|  |TAMS 0x000000074a200000, 0x000000074a200000| Complete 
|  81|0x000000074a200000, 0x000000074a400000, 0x000000074a400000|100%|HC|  |TAMS 0x000000074a400000, 0x000000074a400000| Complete 
|  82|0x000000074a400000, 0x000000074a600000, 0x000000074a600000|100%|HS|  |TAMS 0x000000074a600000, 0x000000074a600000| Complete 
|  83|0x000000074a600000, 0x000000074a800000, 0x000000074a800000|100%| O|  |TAMS 0x000000074a800000, 0x000000074a800000| Untracked 
|  84|0x000000074a800000, 0x000000074aa00000, 0x000000074aa00000|100%| O|  |TAMS 0x000000074aa00000, 0x000000074aa00000| Untracked 
|  85|0x000000074aa00000, 0x000000074ac00000, 0x000000074ac00000|100%| O|  |TAMS 0x000000074ac00000, 0x000000074ac00000| Untracked 
|  86|0x000000074ac00000, 0x000000074ac00000, 0x000000074ae00000|  0%| F|  |TAMS 0x000000074ac00000, 0x000000074ac00000| Untracked 
|  87|0x000000074ae00000, 0x000000074b000000, 0x000000074b000000|100%| O|  |TAMS 0x000000074ae00000, 0x000000074b000000| Untracked 
|  88|0x000000074b000000, 0x000000074b200000, 0x000000074b200000|100%| O|  |TAMS 0x000000074b200000, 0x000000074b200000| Untracked 
|  89|0x000000074b200000, 0x000000074b400000, 0x000000074b400000|100%|HS|  |TAMS 0x000000074b400000, 0x000000074b400000| Complete 
|  90|0x000000074b400000, 0x000000074b600000, 0x000000074b600000|100%| O|  |TAMS 0x000000074b600000, 0x000000074b600000| Untracked 
|  91|0x000000074b600000, 0x000000074b800000, 0x000000074b800000|100%| O|  |TAMS 0x000000074b800000, 0x000000074b800000| Untracked 
|  92|0x000000074b800000, 0x000000074ba00000, 0x000000074ba00000|100%| O|  |TAMS 0x000000074b800000, 0x000000074ba00000| Untracked 
|  93|0x000000074ba00000, 0x000000074bc00000, 0x000000074bc00000|100%| O|  |TAMS 0x000000074bc00000, 0x000000074bc00000| Untracked 
|  94|0x000000074bc00000, 0x000000074be00000, 0x000000074be00000|100%| O|  |TAMS 0x000000074be00000, 0x000000074be00000| Untracked 
|  95|0x000000074be00000, 0x000000074be00000, 0x000000074c000000|  0%| F|  |TAMS 0x000000074be00000, 0x000000074be00000| Untracked 
|  96|0x000000074c000000, 0x000000074c200000, 0x000000074c200000|100%| O|  |TAMS 0x000000074c000000, 0x000000074c200000| Untracked 
|  97|0x000000074c200000, 0x000000074c400000, 0x000000074c400000|100%| O|  |TAMS 0x000000074c200000, 0x000000074c400000| Untracked 
|  98|0x000000074c400000, 0x000000074c600000, 0x000000074c600000|100%| O|  |TAMS 0x000000074c600000, 0x000000074c600000| Untracked 
|  99|0x000000074c600000, 0x000000074c800000, 0x000000074c800000|100%| O|  |TAMS 0x000000074c800000, 0x000000074c800000| Untracked 
| 100|0x000000074c800000, 0x000000074c800000, 0x000000074ca00000|  0%| F|  |TAMS 0x000000074c800000, 0x000000074c800000| Untracked 
| 101|0x000000074ca00000, 0x000000074ca00000, 0x000000074cc00000|  0%| F|  |TAMS 0x000000074ca00000, 0x000000074ca00000| Untracked 
| 102|0x000000074cc00000, 0x000000074cc00000, 0x000000074ce00000|  0%| F|  |TAMS 0x000000074cc00000, 0x000000074cc00000| Untracked 
| 103|0x000000074ce00000, 0x000000074ce00000, 0x000000074d000000|  0%| F|  |TAMS 0x000000074ce00000, 0x000000074ce00000| Untracked 
| 104|0x000000074d000000, 0x000000074d000000, 0x000000074d200000|  0%| F|  |TAMS 0x000000074d000000, 0x000000074d000000| Untracked 
| 105|0x000000074d200000, 0x000000074d200000, 0x000000074d400000|  0%| F|  |TAMS 0x000000074d200000, 0x000000074d200000| Untracked 
| 106|0x000000074d400000, 0x000000074d400000, 0x000000074d600000|  0%| F|  |TAMS 0x000000074d400000, 0x000000074d400000| Untracked 
| 107|0x000000074d600000, 0x000000074d600000, 0x000000074d800000|  0%| F|  |TAMS 0x000000074d600000, 0x000000074d600000| Untracked 
| 108|0x000000074d800000, 0x000000074d800000, 0x000000074da00000|  0%| F|  |TAMS 0x000000074d800000, 0x000000074d800000| Untracked 
| 109|0x000000074da00000, 0x000000074da00000, 0x000000074dc00000|  0%| F|  |TAMS 0x000000074da00000, 0x000000074da00000| Untracked 
| 110|0x000000074dc00000, 0x000000074dc00000, 0x000000074de00000|  0%| F|  |TAMS 0x000000074dc00000, 0x000000074dc00000| Untracked 
| 111|0x000000074de00000, 0x000000074e000000, 0x000000074e000000|100%| O|  |TAMS 0x000000074e000000, 0x000000074e000000| Untracked 
| 112|0x000000074e000000, 0x000000074e200000, 0x000000074e200000|100%| O|  |TAMS 0x000000074e200000, 0x000000074e200000| Untracked 
| 113|0x000000074e200000, 0x000000074e400000, 0x000000074e400000|100%| O|  |TAMS 0x000000074e400000, 0x000000074e400000| Untracked 
| 114|0x000000074e400000, 0x000000074e600000, 0x000000074e600000|100%| O|  |TAMS 0x000000074e600000, 0x000000074e600000| Untracked 
| 115|0x000000074e600000, 0x000000074e800000, 0x000000074e800000|100%| O|  |TAMS 0x000000074e800000, 0x000000074e800000| Untracked 
| 116|0x000000074e800000, 0x000000074e800000, 0x000000074ea00000|  0%| F|  |TAMS 0x000000074e800000, 0x000000074e800000| Untracked 
| 117|0x000000074ea00000, 0x000000074ea00000, 0x000000074ec00000|  0%| F|  |TAMS 0x000000074ea00000, 0x000000074ea00000| Untracked 
| 118|0x000000074ec00000, 0x000000074ec00000, 0x000000074ee00000|  0%| F|  |TAMS 0x000000074ec00000, 0x000000074ec00000| Untracked 
| 119|0x000000074ee00000, 0x000000074f000000, 0x000000074f000000|100%| O|  |TAMS 0x000000074f000000, 0x000000074f000000| Untracked 
| 120|0x000000074f000000, 0x000000074f200000, 0x000000074f200000|100%| O|  |TAMS 0x000000074f200000, 0x000000074f200000| Untracked 
| 121|0x000000074f200000, 0x000000074f200000, 0x000000074f400000|  0%| F|  |TAMS 0x000000074f200000, 0x000000074f200000| Untracked 
| 122|0x000000074f400000, 0x000000074f400000, 0x000000074f600000|  0%| F|  |TAMS 0x000000074f400000, 0x000000074f400000| Untracked 
| 123|0x000000074f600000, 0x000000074f600000, 0x000000074f800000|  0%| F|  |TAMS 0x000000074f600000, 0x000000074f600000| Untracked 
| 124|0x000000074f800000, 0x000000074f800000, 0x000000074fa00000|  0%| F|  |TAMS 0x000000074f800000, 0x000000074f800000| Untracked 
| 125|0x000000074fa00000, 0x000000074fa00000, 0x000000074fc00000|  0%| F|  |TAMS 0x000000074fa00000, 0x000000074fa00000| Untracked 
| 126|0x000000074fc00000, 0x000000074fc00000, 0x000000074fe00000|  0%| F|  |TAMS 0x000000074fc00000, 0x000000074fc00000| Untracked 
| 127|0x000000074fe00000, 0x000000074fe00000, 0x0000000750000000|  0%| F|  |TAMS 0x000000074fe00000, 0x000000074fe00000| Untracked 
| 128|0x0000000750000000, 0x0000000750000000, 0x0000000750200000|  0%| F|  |TAMS 0x0000000750000000, 0x0000000750000000| Untracked 
| 129|0x0000000750200000, 0x0000000750200000, 0x0000000750400000|  0%| F|  |TAMS 0x0000000750200000, 0x0000000750200000| Untracked 
| 130|0x0000000750400000, 0x0000000750400000, 0x0000000750600000|  0%| F|  |TAMS 0x0000000750400000, 0x0000000750400000| Untracked 
| 131|0x0000000750600000, 0x0000000750600000, 0x0000000750800000|  0%| F|  |TAMS 0x0000000750600000, 0x0000000750600000| Untracked 
| 132|0x0000000750800000, 0x0000000750800000, 0x0000000750a00000|  0%| F|  |TAMS 0x0000000750800000, 0x0000000750800000| Untracked 
| 133|0x0000000750a00000, 0x0000000750c00000, 0x0000000750c00000|100%| O|  |TAMS 0x0000000750c00000, 0x0000000750c00000| Untracked 
| 134|0x0000000750c00000, 0x0000000750e00000, 0x0000000750e00000|100%| O|  |TAMS 0x0000000750e00000, 0x0000000750e00000| Untracked 
| 135|0x0000000750e00000, 0x0000000750e00000, 0x0000000751000000|  0%| F|  |TAMS 0x0000000750e00000, 0x0000000750e00000| Untracked 
| 136|0x0000000751000000, 0x0000000751200000, 0x0000000751200000|100%| O|  |TAMS 0x0000000751200000, 0x0000000751200000| Untracked 
| 137|0x0000000751200000, 0x0000000751400000, 0x0000000751400000|100%| O|  |TAMS 0x0000000751400000, 0x0000000751400000| Untracked 
| 138|0x0000000751400000, 0x0000000751600000, 0x0000000751600000|100%| O|  |TAMS 0x0000000751600000, 0x0000000751600000| Untracked 
| 139|0x0000000751600000, 0x0000000751800000, 0x0000000751800000|100%| O|  |TAMS 0x0000000751800000, 0x0000000751800000| Untracked 
| 140|0x0000000751800000, 0x0000000751800000, 0x0000000751a00000|  0%| F|  |TAMS 0x0000000751800000, 0x0000000751800000| Untracked 
| 141|0x0000000751a00000, 0x0000000751a00000, 0x0000000751c00000|  0%| F|  |TAMS 0x0000000751a00000, 0x0000000751a00000| Untracked 
| 142|0x0000000751c00000, 0x0000000751c00000, 0x0000000751e00000|  0%| F|  |TAMS 0x0000000751c00000, 0x0000000751c00000| Untracked 
| 143|0x0000000751e00000, 0x0000000752000000, 0x0000000752000000|100%| O|  |TAMS 0x0000000752000000, 0x0000000752000000| Untracked 
| 144|0x0000000752000000, 0x0000000752000000, 0x0000000752200000|  0%| F|  |TAMS 0x0000000752000000, 0x0000000752000000| Untracked 
| 145|0x0000000752200000, 0x0000000752200000, 0x0000000752400000|  0%| F|  |TAMS 0x0000000752200000, 0x0000000752200000| Untracked 
| 146|0x0000000752400000, 0x0000000752600000, 0x0000000752600000|100%| O|  |TAMS 0x0000000752600000, 0x0000000752600000| Untracked 
| 147|0x0000000752600000, 0x0000000752800000, 0x0000000752800000|100%| O|  |TAMS 0x0000000752800000, 0x0000000752800000| Untracked 
| 148|0x0000000752800000, 0x0000000752a00000, 0x0000000752a00000|100%| O|  |TAMS 0x0000000752a00000, 0x0000000752a00000| Untracked 
| 149|0x0000000752a00000, 0x0000000752a00000, 0x0000000752c00000|  0%| F|  |TAMS 0x0000000752a00000, 0x0000000752a00000| Untracked 
| 150|0x0000000752c00000, 0x0000000752c00000, 0x0000000752e00000|  0%| F|  |TAMS 0x0000000752c00000, 0x0000000752c00000| Untracked 
| 151|0x0000000752e00000, 0x0000000752e00000, 0x0000000753000000|  0%| F|  |TAMS 0x0000000752e00000, 0x0000000752e00000| Untracked 
| 152|0x0000000753000000, 0x0000000753000000, 0x0000000753200000|  0%| F|  |TAMS 0x0000000753000000, 0x0000000753000000| Untracked 
| 153|0x0000000753200000, 0x0000000753400000, 0x0000000753400000|100%| O|  |TAMS 0x0000000753400000, 0x0000000753400000| Untracked 
| 154|0x0000000753400000, 0x0000000753400000, 0x0000000753600000|  0%| F|  |TAMS 0x0000000753400000, 0x0000000753400000| Untracked 
| 155|0x0000000753600000, 0x0000000753600000, 0x0000000753800000|  0%| F|  |TAMS 0x0000000753600000, 0x0000000753600000| Untracked 
| 156|0x0000000753800000, 0x0000000753a00000, 0x0000000753a00000|100%| O|  |TAMS 0x0000000753a00000, 0x0000000753a00000| Untracked 
| 157|0x0000000753a00000, 0x0000000753c00000, 0x0000000753c00000|100%| O|  |TAMS 0x0000000753c00000, 0x0000000753c00000| Untracked 
| 158|0x0000000753c00000, 0x0000000753e00000, 0x0000000753e00000|100%| O|  |TAMS 0x0000000753e00000, 0x0000000753e00000| Untracked 
| 159|0x0000000753e00000, 0x0000000754000000, 0x0000000754000000|100%| O|  |TAMS 0x0000000754000000, 0x0000000754000000| Untracked 
| 160|0x0000000754000000, 0x0000000754200000, 0x0000000754200000|100%| O|  |TAMS 0x0000000754200000, 0x0000000754200000| Untracked 
| 161|0x0000000754200000, 0x0000000754400000, 0x0000000754400000|100%| O|  |TAMS 0x0000000754400000, 0x0000000754400000| Untracked 
| 162|0x0000000754400000, 0x0000000754600000, 0x0000000754600000|100%| O|  |TAMS 0x0000000754600000, 0x0000000754600000| Untracked 
| 163|0x0000000754600000, 0x0000000754800000, 0x0000000754800000|100%| O|  |TAMS 0x0000000754800000, 0x0000000754800000| Untracked 
| 164|0x0000000754800000, 0x0000000754a00000, 0x0000000754a00000|100%| O|  |TAMS 0x0000000754a00000, 0x0000000754a00000| Untracked 
| 165|0x0000000754a00000, 0x0000000754c00000, 0x0000000754c00000|100%| O|  |TAMS 0x0000000754c00000, 0x0000000754c00000| Untracked 
| 166|0x0000000754c00000, 0x0000000754e00000, 0x0000000754e00000|100%| O|  |TAMS 0x0000000754e00000, 0x0000000754e00000| Untracked 
| 167|0x0000000754e00000, 0x0000000755000000, 0x0000000755000000|100%| O|  |TAMS 0x0000000755000000, 0x0000000755000000| Untracked 
| 168|0x0000000755000000, 0x0000000755200000, 0x0000000755200000|100%| O|  |TAMS 0x0000000755200000, 0x0000000755200000| Untracked 
| 169|0x0000000755200000, 0x0000000755400000, 0x0000000755400000|100%| O|  |TAMS 0x0000000755400000, 0x0000000755400000| Untracked 
| 170|0x0000000755400000, 0x0000000755600000, 0x0000000755600000|100%| O|  |TAMS 0x0000000755600000, 0x0000000755600000| Untracked 
| 171|0x0000000755600000, 0x0000000755800000, 0x0000000755800000|100%| O|  |TAMS 0x0000000755800000, 0x0000000755800000| Untracked 
| 172|0x0000000755800000, 0x0000000755a00000, 0x0000000755a00000|100%| O|  |TAMS 0x0000000755a00000, 0x0000000755a00000| Untracked 
| 173|0x0000000755a00000, 0x0000000755c00000, 0x0000000755c00000|100%| O|  |TAMS 0x0000000755c00000, 0x0000000755c00000| Untracked 
| 174|0x0000000755c00000, 0x0000000755e00000, 0x0000000755e00000|100%| O|  |TAMS 0x0000000755e00000, 0x0000000755e00000| Untracked 
| 175|0x0000000755e00000, 0x0000000756000000, 0x0000000756000000|100%| O|  |TAMS 0x0000000756000000, 0x0000000756000000| Untracked 
| 176|0x0000000756000000, 0x0000000756200000, 0x0000000756200000|100%| O|  |TAMS 0x0000000756200000, 0x0000000756200000| Untracked 
| 177|0x0000000756200000, 0x0000000756400000, 0x0000000756400000|100%| O|  |TAMS 0x0000000756400000, 0x0000000756400000| Untracked 
| 178|0x0000000756400000, 0x0000000756600000, 0x0000000756600000|100%| O|  |TAMS 0x0000000756600000, 0x0000000756600000| Untracked 
| 179|0x0000000756600000, 0x0000000756800000, 0x0000000756800000|100%| O|  |TAMS 0x0000000756800000, 0x0000000756800000| Untracked 
| 180|0x0000000756800000, 0x0000000756a00000, 0x0000000756a00000|100%| O|  |TAMS 0x0000000756a00000, 0x0000000756a00000| Untracked 
| 181|0x0000000756a00000, 0x0000000756c00000, 0x0000000756c00000|100%| O|  |TAMS 0x0000000756c00000, 0x0000000756c00000| Untracked 
| 182|0x0000000756c00000, 0x0000000756e00000, 0x0000000756e00000|100%| O|  |TAMS 0x0000000756e00000, 0x0000000756e00000| Untracked 
| 183|0x0000000756e00000, 0x0000000757000000, 0x0000000757000000|100%| O|  |TAMS 0x0000000757000000, 0x0000000757000000| Untracked 
| 184|0x0000000757000000, 0x0000000757200000, 0x0000000757200000|100%| O|  |TAMS 0x0000000757200000, 0x0000000757200000| Untracked 
| 185|0x0000000757200000, 0x0000000757400000, 0x0000000757400000|100%| O|  |TAMS 0x0000000757400000, 0x0000000757400000| Untracked 
| 186|0x0000000757400000, 0x0000000757600000, 0x0000000757600000|100%| O|  |TAMS 0x0000000757600000, 0x0000000757600000| Untracked 
| 187|0x0000000757600000, 0x0000000757600000, 0x0000000757800000|  0%| F|  |TAMS 0x0000000757600000, 0x0000000757600000| Untracked 
| 188|0x0000000757800000, 0x0000000757a00000, 0x0000000757a00000|100%| O|  |TAMS 0x0000000757a00000, 0x0000000757a00000| Untracked 
| 189|0x0000000757a00000, 0x0000000757c00000, 0x0000000757c00000|100%| O|  |TAMS 0x0000000757c00000, 0x0000000757c00000| Untracked 
| 190|0x0000000757c00000, 0x0000000757e00000, 0x0000000757e00000|100%| O|  |TAMS 0x0000000757e00000, 0x0000000757e00000| Untracked 
| 191|0x0000000757e00000, 0x0000000758000000, 0x0000000758000000|100%| O|  |TAMS 0x0000000758000000, 0x0000000758000000| Untracked 
| 192|0x0000000758000000, 0x0000000758200000, 0x0000000758200000|100%| O|  |TAMS 0x0000000758200000, 0x0000000758200000| Untracked 
| 193|0x0000000758200000, 0x0000000758400000, 0x0000000758400000|100%| O|  |TAMS 0x0000000758400000, 0x0000000758400000| Untracked 
| 194|0x0000000758400000, 0x0000000758600000, 0x0000000758600000|100%| O|  |TAMS 0x0000000758600000, 0x0000000758600000| Untracked 
| 195|0x0000000758600000, 0x0000000758600000, 0x0000000758800000|  0%| F|  |TAMS 0x0000000758600000, 0x0000000758600000| Untracked 
| 196|0x0000000758800000, 0x0000000758800000, 0x0000000758a00000|  0%| F|  |TAMS 0x0000000758800000, 0x0000000758800000| Untracked 
| 197|0x0000000758a00000, 0x0000000758c00000, 0x0000000758c00000|100%| O|  |TAMS 0x0000000758c00000, 0x0000000758c00000| Untracked 
| 198|0x0000000758c00000, 0x0000000758e00000, 0x0000000758e00000|100%| O|  |TAMS 0x0000000758e00000, 0x0000000758e00000| Untracked 
| 199|0x0000000758e00000, 0x0000000759000000, 0x0000000759000000|100%| O|  |TAMS 0x0000000759000000, 0x0000000759000000| Untracked 
| 200|0x0000000759000000, 0x0000000759200000, 0x0000000759200000|100%| O|  |TAMS 0x0000000759200000, 0x0000000759200000| Untracked 
| 201|0x0000000759200000, 0x0000000759400000, 0x0000000759400000|100%| O|  |TAMS 0x0000000759400000, 0x0000000759400000| Untracked 
| 202|0x0000000759400000, 0x0000000759600000, 0x0000000759600000|100%| O|  |TAMS 0x0000000759600000, 0x0000000759600000| Untracked 
| 203|0x0000000759600000, 0x0000000759600000, 0x0000000759800000|  0%| F|  |TAMS 0x0000000759600000, 0x0000000759600000| Untracked 
| 204|0x0000000759800000, 0x0000000759a00000, 0x0000000759a00000|100%| O|  |TAMS 0x0000000759a00000, 0x0000000759a00000| Untracked 
| 205|0x0000000759a00000, 0x0000000759c00000, 0x0000000759c00000|100%| O|  |TAMS 0x0000000759c00000, 0x0000000759c00000| Untracked 
| 206|0x0000000759c00000, 0x0000000759e00000, 0x0000000759e00000|100%| O|  |TAMS 0x0000000759e00000, 0x0000000759e00000| Untracked 
| 207|0x0000000759e00000, 0x000000075a000000, 0x000000075a000000|100%| O|  |TAMS 0x000000075a000000, 0x000000075a000000| Untracked 
| 208|0x000000075a000000, 0x000000075a200000, 0x000000075a200000|100%| O|  |TAMS 0x000000075a200000, 0x000000075a200000| Untracked 
| 209|0x000000075a200000, 0x000000075a400000, 0x000000075a400000|100%| O|  |TAMS 0x000000075a400000, 0x000000075a400000| Untracked 
| 210|0x000000075a400000, 0x000000075a600000, 0x000000075a600000|100%| O|  |TAMS 0x000000075a600000, 0x000000075a600000| Untracked 
| 211|0x000000075a600000, 0x000000075a800000, 0x000000075a800000|100%| O|  |TAMS 0x000000075a800000, 0x000000075a800000| Untracked 
| 212|0x000000075a800000, 0x000000075aa00000, 0x000000075aa00000|100%| O|  |TAMS 0x000000075aa00000, 0x000000075aa00000| Untracked 
| 213|0x000000075aa00000, 0x000000075ac00000, 0x000000075ac00000|100%| O|  |TAMS 0x000000075ac00000, 0x000000075ac00000| Untracked 
| 214|0x000000075ac00000, 0x000000075ae00000, 0x000000075ae00000|100%| O|  |TAMS 0x000000075ae00000, 0x000000075ae00000| Untracked 
| 215|0x000000075ae00000, 0x000000075b000000, 0x000000075b000000|100%| O|  |TAMS 0x000000075b000000, 0x000000075b000000| Untracked 
| 216|0x000000075b000000, 0x000000075b200000, 0x000000075b200000|100%| O|  |TAMS 0x000000075b200000, 0x000000075b200000| Untracked 
| 217|0x000000075b200000, 0x000000075b400000, 0x000000075b400000|100%| O|  |TAMS 0x000000075b400000, 0x000000075b400000| Untracked 
| 218|0x000000075b400000, 0x000000075b600000, 0x000000075b600000|100%| O|  |TAMS 0x000000075b600000, 0x000000075b600000| Untracked 
| 219|0x000000075b600000, 0x000000075b800000, 0x000000075b800000|100%| O|  |TAMS 0x000000075b700600, 0x000000075b800000| Untracked 
| 220|0x000000075b800000, 0x000000075ba00000, 0x000000075ba00000|100%| O|  |TAMS 0x000000075b800000, 0x000000075ba00000| Untracked 
| 221|0x000000075ba00000, 0x000000075bc00000, 0x000000075bc00000|100%| O|  |TAMS 0x000000075ba00000, 0x000000075bc00000| Untracked 
| 222|0x000000075bc00000, 0x000000075be00000, 0x000000075be00000|100%| O|  |TAMS 0x000000075bc00000, 0x000000075be00000| Untracked 
| 223|0x000000075be00000, 0x000000075c000000, 0x000000075c000000|100%| O|  |TAMS 0x000000075be00000, 0x000000075c000000| Untracked 
| 224|0x000000075c000000, 0x000000075c200000, 0x000000075c200000|100%| O|  |TAMS 0x000000075c000000, 0x000000075c200000| Untracked 
| 225|0x000000075c200000, 0x000000075c400000, 0x000000075c400000|100%| O|  |TAMS 0x000000075c200000, 0x000000075c400000| Untracked 
| 226|0x000000075c400000, 0x000000075c600000, 0x000000075c600000|100%| O|  |TAMS 0x000000075c400000, 0x000000075c600000| Untracked 
| 227|0x000000075c600000, 0x000000075c800000, 0x000000075c800000|100%| O|  |TAMS 0x000000075c600000, 0x000000075c800000| Untracked 
| 228|0x000000075c800000, 0x000000075ca00000, 0x000000075ca00000|100%| O|  |TAMS 0x000000075c800000, 0x000000075ca00000| Untracked 
| 229|0x000000075ca00000, 0x000000075cc00000, 0x000000075cc00000|100%| O|  |TAMS 0x000000075ca00000, 0x000000075cc00000| Untracked 
| 230|0x000000075cc00000, 0x000000075ce00000, 0x000000075ce00000|100%| O|  |TAMS 0x000000075cc00000, 0x000000075ce00000| Untracked 
| 231|0x000000075ce00000, 0x000000075d000000, 0x000000075d000000|100%| O|  |TAMS 0x000000075ce00000, 0x000000075d000000| Untracked 
| 232|0x000000075d000000, 0x000000075d200000, 0x000000075d200000|100%| O|  |TAMS 0x000000075d000000, 0x000000075d200000| Untracked 
| 233|0x000000075d200000, 0x000000075d400000, 0x000000075d400000|100%| O|  |TAMS 0x000000075d200000, 0x000000075d400000| Untracked 
| 234|0x000000075d400000, 0x000000075d400000, 0x000000075d600000|  0%| F|  |TAMS 0x000000075d400000, 0x000000075d400000| Untracked 
| 235|0x000000075d600000, 0x000000075d600000, 0x000000075d800000|  0%| F|  |TAMS 0x000000075d600000, 0x000000075d600000| Untracked 
| 236|0x000000075d800000, 0x000000075d800000, 0x000000075da00000|  0%| F|  |TAMS 0x000000075d800000, 0x000000075d800000| Untracked 
| 237|0x000000075da00000, 0x000000075da00000, 0x000000075dc00000|  0%| F|  |TAMS 0x000000075da00000, 0x000000075da00000| Untracked 
| 238|0x000000075dc00000, 0x000000075dc00000, 0x000000075de00000|  0%| F|  |TAMS 0x000000075dc00000, 0x000000075dc00000| Untracked 
| 239|0x000000075de00000, 0x000000075de00000, 0x000000075e000000|  0%| F|  |TAMS 0x000000075de00000, 0x000000075de00000| Untracked 
| 240|0x000000075e000000, 0x000000075e000000, 0x000000075e200000|  0%| F|  |TAMS 0x000000075e000000, 0x000000075e000000| Untracked 
| 241|0x000000075e200000, 0x000000075e200000, 0x000000075e400000|  0%| F|  |TAMS 0x000000075e200000, 0x000000075e200000| Untracked 
| 242|0x000000075e400000, 0x000000075e400000, 0x000000075e600000|  0%| F|  |TAMS 0x000000075e400000, 0x000000075e400000| Untracked 
| 243|0x000000075e600000, 0x000000075e600000, 0x000000075e800000|  0%| F|  |TAMS 0x000000075e600000, 0x000000075e600000| Untracked 
| 244|0x000000075e800000, 0x000000075e800000, 0x000000075ea00000|  0%| F|  |TAMS 0x000000075e800000, 0x000000075e800000| Untracked 
| 245|0x000000075ea00000, 0x000000075ea00000, 0x000000075ec00000|  0%| F|  |TAMS 0x000000075ea00000, 0x000000075ea00000| Untracked 
| 246|0x000000075ec00000, 0x000000075ec00000, 0x000000075ee00000|  0%| F|  |TAMS 0x000000075ec00000, 0x000000075ec00000| Untracked 
| 247|0x000000075ee00000, 0x000000075ee00000, 0x000000075f000000|  0%| F|  |TAMS 0x000000075ee00000, 0x000000075ee00000| Untracked 
| 248|0x000000075f000000, 0x000000075f0a5088, 0x000000075f200000| 32%| S|CS|TAMS 0x000000075f000000, 0x000000075f000000| Complete 
| 249|0x000000075f200000, 0x000000075f400000, 0x000000075f400000|100%| S|CS|TAMS 0x000000075f200000, 0x000000075f200000| Complete 
| 250|0x000000075f400000, 0x000000075f600000, 0x000000075f600000|100%| S|CS|TAMS 0x000000075f400000, 0x000000075f400000| Complete 
| 251|0x000000075f600000, 0x000000075f800000, 0x000000075f800000|100%| S|CS|TAMS 0x000000075f600000, 0x000000075f600000| Complete 
| 252|0x000000075f800000, 0x000000075fa00000, 0x000000075fa00000|100%| S|CS|TAMS 0x000000075f800000, 0x000000075f800000| Complete 
| 253|0x000000075fa00000, 0x000000075fc00000, 0x000000075fc00000|100%| S|CS|TAMS 0x000000075fa00000, 0x000000075fa00000| Complete 
| 254|0x000000075fc00000, 0x000000075fe00000, 0x000000075fe00000|100%| S|CS|TAMS 0x000000075fc00000, 0x000000075fc00000| Complete 
| 255|0x000000075fe00000, 0x0000000760000000, 0x0000000760000000|100%| S|CS|TAMS 0x000000075fe00000, 0x000000075fe00000| Complete 
| 256|0x0000000760000000, 0x0000000760200000, 0x0000000760200000|100%| S|CS|TAMS 0x0000000760000000, 0x0000000760000000| Complete 
| 257|0x0000000760200000, 0x0000000760400000, 0x0000000760400000|100%| S|CS|TAMS 0x0000000760200000, 0x0000000760200000| Complete 
| 258|0x0000000760400000, 0x0000000760600000, 0x0000000760600000|100%| S|CS|TAMS 0x0000000760400000, 0x0000000760400000| Complete 
| 259|0x0000000760600000, 0x0000000760800000, 0x0000000760800000|100%| S|CS|TAMS 0x0000000760600000, 0x0000000760600000| Complete 
| 260|0x0000000760800000, 0x0000000760a00000, 0x0000000760a00000|100%| S|CS|TAMS 0x0000000760800000, 0x0000000760800000| Complete 
| 261|0x0000000760a00000, 0x0000000760c00000, 0x0000000760c00000|100%| S|CS|TAMS 0x0000000760a00000, 0x0000000760a00000| Complete 
| 262|0x0000000760c00000, 0x0000000760e00000, 0x0000000760e00000|100%| S|CS|TAMS 0x0000000760c00000, 0x0000000760c00000| Complete 
| 263|0x0000000760e00000, 0x0000000760e00000, 0x0000000761000000|  0%| F|  |TAMS 0x0000000760e00000, 0x0000000760e00000| Untracked 
| 264|0x0000000761000000, 0x0000000761000000, 0x0000000761200000|  0%| F|  |TAMS 0x0000000761000000, 0x0000000761000000| Untracked 
| 265|0x0000000761200000, 0x0000000761200000, 0x0000000761400000|  0%| F|  |TAMS 0x0000000761200000, 0x0000000761200000| Untracked 
| 266|0x0000000761400000, 0x0000000761400000, 0x0000000761600000|  0%| F|  |TAMS 0x0000000761400000, 0x0000000761400000| Untracked 
| 267|0x0000000761600000, 0x0000000761600000, 0x0000000761800000|  0%| F|  |TAMS 0x0000000761600000, 0x0000000761600000| Untracked 
| 268|0x0000000761800000, 0x0000000761800000, 0x0000000761a00000|  0%| F|  |TAMS 0x0000000761800000, 0x0000000761800000| Untracked 
| 269|0x0000000761a00000, 0x0000000761a00000, 0x0000000761c00000|  0%| F|  |TAMS 0x0000000761a00000, 0x0000000761a00000| Untracked 
| 270|0x0000000761c00000, 0x0000000761c00000, 0x0000000761e00000|  0%| F|  |TAMS 0x0000000761c00000, 0x0000000761c00000| Untracked 
| 271|0x0000000761e00000, 0x0000000761e00000, 0x0000000762000000|  0%| F|  |TAMS 0x0000000761e00000, 0x0000000761e00000| Untracked 
| 272|0x0000000762000000, 0x0000000762000000, 0x0000000762200000|  0%| F|  |TAMS 0x0000000762000000, 0x0000000762000000| Untracked 
| 273|0x0000000762200000, 0x0000000762200000, 0x0000000762400000|  0%| F|  |TAMS 0x0000000762200000, 0x0000000762200000| Untracked 
| 274|0x0000000762400000, 0x0000000762400000, 0x0000000762600000|  0%| F|  |TAMS 0x0000000762400000, 0x0000000762400000| Untracked 
| 275|0x0000000762600000, 0x0000000762600000, 0x0000000762800000|  0%| F|  |TAMS 0x0000000762600000, 0x0000000762600000| Untracked 
| 276|0x0000000762800000, 0x0000000762800000, 0x0000000762a00000|  0%| F|  |TAMS 0x0000000762800000, 0x0000000762800000| Untracked 
| 277|0x0000000762a00000, 0x0000000762a00000, 0x0000000762c00000|  0%| F|  |TAMS 0x0000000762a00000, 0x0000000762a00000| Untracked 
| 278|0x0000000762c00000, 0x0000000762c00000, 0x0000000762e00000|  0%| F|  |TAMS 0x0000000762c00000, 0x0000000762c00000| Untracked 
| 279|0x0000000762e00000, 0x0000000762e00000, 0x0000000763000000|  0%| F|  |TAMS 0x0000000762e00000, 0x0000000762e00000| Untracked 
| 280|0x0000000763000000, 0x0000000763000000, 0x0000000763200000|  0%| F|  |TAMS 0x0000000763000000, 0x0000000763000000| Untracked 
| 281|0x0000000763200000, 0x0000000763200000, 0x0000000763400000|  0%| F|  |TAMS 0x0000000763200000, 0x0000000763200000| Untracked 
| 282|0x0000000763400000, 0x0000000763400000, 0x0000000763600000|  0%| F|  |TAMS 0x0000000763400000, 0x0000000763400000| Untracked 
| 283|0x0000000763600000, 0x0000000763600000, 0x0000000763800000|  0%| F|  |TAMS 0x0000000763600000, 0x0000000763600000| Untracked 
| 284|0x0000000763800000, 0x0000000763800000, 0x0000000763a00000|  0%| F|  |TAMS 0x0000000763800000, 0x0000000763800000| Untracked 
| 285|0x0000000763a00000, 0x0000000763a00000, 0x0000000763c00000|  0%| F|  |TAMS 0x0000000763a00000, 0x0000000763a00000| Untracked 
| 286|0x0000000763c00000, 0x0000000763c00000, 0x0000000763e00000|  0%| F|  |TAMS 0x0000000763c00000, 0x0000000763c00000| Untracked 
| 287|0x0000000763e00000, 0x0000000763e00000, 0x0000000764000000|  0%| F|  |TAMS 0x0000000763e00000, 0x0000000763e00000| Untracked 
| 288|0x0000000764000000, 0x0000000764000000, 0x0000000764200000|  0%| F|  |TAMS 0x0000000764000000, 0x0000000764000000| Untracked 
| 289|0x0000000764200000, 0x0000000764200000, 0x0000000764400000|  0%| F|  |TAMS 0x0000000764200000, 0x0000000764200000| Untracked 
| 290|0x0000000764400000, 0x0000000764400000, 0x0000000764600000|  0%| F|  |TAMS 0x0000000764400000, 0x0000000764400000| Untracked 
| 291|0x0000000764600000, 0x0000000764600000, 0x0000000764800000|  0%| F|  |TAMS 0x0000000764600000, 0x0000000764600000| Untracked 
| 292|0x0000000764800000, 0x0000000764800000, 0x0000000764a00000|  0%| F|  |TAMS 0x0000000764800000, 0x0000000764800000| Untracked 
| 293|0x0000000764a00000, 0x0000000764a00000, 0x0000000764c00000|  0%| F|  |TAMS 0x0000000764a00000, 0x0000000764a00000| Untracked 
| 294|0x0000000764c00000, 0x0000000764c00000, 0x0000000764e00000|  0%| F|  |TAMS 0x0000000764c00000, 0x0000000764c00000| Untracked 
| 295|0x0000000764e00000, 0x0000000764e00000, 0x0000000765000000|  0%| F|  |TAMS 0x0000000764e00000, 0x0000000764e00000| Untracked 
| 296|0x0000000765000000, 0x0000000765000000, 0x0000000765200000|  0%| F|  |TAMS 0x0000000765000000, 0x0000000765000000| Untracked 
| 297|0x0000000765200000, 0x0000000765200000, 0x0000000765400000|  0%| F|  |TAMS 0x0000000765200000, 0x0000000765200000| Untracked 
| 298|0x0000000765400000, 0x0000000765400000, 0x0000000765600000|  0%| F|  |TAMS 0x0000000765400000, 0x0000000765400000| Untracked 
| 299|0x0000000765600000, 0x0000000765600000, 0x0000000765800000|  0%| F|  |TAMS 0x0000000765600000, 0x0000000765600000| Untracked 
| 300|0x0000000765800000, 0x0000000765800000, 0x0000000765a00000|  0%| F|  |TAMS 0x0000000765800000, 0x0000000765800000| Untracked 
| 301|0x0000000765a00000, 0x0000000765a00000, 0x0000000765c00000|  0%| F|  |TAMS 0x0000000765a00000, 0x0000000765a00000| Untracked 
| 302|0x0000000765c00000, 0x0000000765c00000, 0x0000000765e00000|  0%| F|  |TAMS 0x0000000765c00000, 0x0000000765c00000| Untracked 
| 303|0x0000000765e00000, 0x0000000765e00000, 0x0000000766000000|  0%| F|  |TAMS 0x0000000765e00000, 0x0000000765e00000| Untracked 
| 304|0x0000000766000000, 0x0000000766000000, 0x0000000766200000|  0%| F|  |TAMS 0x0000000766000000, 0x0000000766000000| Untracked 
| 305|0x0000000766200000, 0x0000000766200000, 0x0000000766400000|  0%| F|  |TAMS 0x0000000766200000, 0x0000000766200000| Untracked 
| 306|0x0000000766400000, 0x0000000766400000, 0x0000000766600000|  0%| F|  |TAMS 0x0000000766400000, 0x0000000766400000| Untracked 
| 307|0x0000000766600000, 0x0000000766600000, 0x0000000766800000|  0%| F|  |TAMS 0x0000000766600000, 0x0000000766600000| Untracked 
| 308|0x0000000766800000, 0x0000000766800000, 0x0000000766a00000|  0%| F|  |TAMS 0x0000000766800000, 0x0000000766800000| Untracked 
| 309|0x0000000766a00000, 0x0000000766a00000, 0x0000000766c00000|  0%| F|  |TAMS 0x0000000766a00000, 0x0000000766a00000| Untracked 
| 310|0x0000000766c00000, 0x0000000766c00000, 0x0000000766e00000|  0%| F|  |TAMS 0x0000000766c00000, 0x0000000766c00000| Untracked 
| 311|0x0000000766e00000, 0x0000000766e00000, 0x0000000767000000|  0%| F|  |TAMS 0x0000000766e00000, 0x0000000766e00000| Untracked 
| 312|0x0000000767000000, 0x0000000767000000, 0x0000000767200000|  0%| F|  |TAMS 0x0000000767000000, 0x0000000767000000| Untracked 
| 313|0x0000000767200000, 0x0000000767200000, 0x0000000767400000|  0%| F|  |TAMS 0x0000000767200000, 0x0000000767200000| Untracked 
| 314|0x0000000767400000, 0x0000000767400000, 0x0000000767600000|  0%| F|  |TAMS 0x0000000767400000, 0x0000000767400000| Untracked 
| 315|0x0000000767600000, 0x0000000767600000, 0x0000000767800000|  0%| F|  |TAMS 0x0000000767600000, 0x0000000767600000| Untracked 
| 316|0x0000000767800000, 0x0000000767800000, 0x0000000767a00000|  0%| F|  |TAMS 0x0000000767800000, 0x0000000767800000| Untracked 
| 317|0x0000000767a00000, 0x0000000767a00000, 0x0000000767c00000|  0%| F|  |TAMS 0x0000000767a00000, 0x0000000767a00000| Untracked 
| 318|0x0000000767c00000, 0x0000000767c00000, 0x0000000767e00000|  0%| F|  |TAMS 0x0000000767c00000, 0x0000000767c00000| Untracked 
| 319|0x0000000767e00000, 0x0000000767e00000, 0x0000000768000000|  0%| F|  |TAMS 0x0000000767e00000, 0x0000000767e00000| Untracked 
| 320|0x0000000768000000, 0x0000000768000000, 0x0000000768200000|  0%| F|  |TAMS 0x0000000768000000, 0x0000000768000000| Untracked 
| 321|0x0000000768200000, 0x0000000768200000, 0x0000000768400000|  0%| F|  |TAMS 0x0000000768200000, 0x0000000768200000| Untracked 
| 322|0x0000000768400000, 0x0000000768400000, 0x0000000768600000|  0%| F|  |TAMS 0x0000000768400000, 0x0000000768400000| Untracked 
| 323|0x0000000768600000, 0x0000000768600000, 0x0000000768800000|  0%| F|  |TAMS 0x0000000768600000, 0x0000000768600000| Untracked 
| 324|0x0000000768800000, 0x0000000768800000, 0x0000000768a00000|  0%| F|  |TAMS 0x0000000768800000, 0x0000000768800000| Untracked 
| 325|0x0000000768a00000, 0x0000000768a00000, 0x0000000768c00000|  0%| F|  |TAMS 0x0000000768a00000, 0x0000000768a00000| Untracked 
| 326|0x0000000768c00000, 0x0000000768c00000, 0x0000000768e00000|  0%| F|  |TAMS 0x0000000768c00000, 0x0000000768c00000| Untracked 
| 327|0x0000000768e00000, 0x0000000768e00000, 0x0000000769000000|  0%| F|  |TAMS 0x0000000768e00000, 0x0000000768e00000| Untracked 
| 328|0x0000000769000000, 0x0000000769000000, 0x0000000769200000|  0%| F|  |TAMS 0x0000000769000000, 0x0000000769000000| Untracked 
| 329|0x0000000769200000, 0x0000000769200000, 0x0000000769400000|  0%| F|  |TAMS 0x0000000769200000, 0x0000000769200000| Untracked 
| 330|0x0000000769400000, 0x0000000769400000, 0x0000000769600000|  0%| F|  |TAMS 0x0000000769400000, 0x0000000769400000| Untracked 
| 331|0x0000000769600000, 0x0000000769600000, 0x0000000769800000|  0%| F|  |TAMS 0x0000000769600000, 0x0000000769600000| Untracked 
| 332|0x0000000769800000, 0x0000000769800000, 0x0000000769a00000|  0%| F|  |TAMS 0x0000000769800000, 0x0000000769800000| Untracked 
| 333|0x0000000769a00000, 0x0000000769a00000, 0x0000000769c00000|  0%| F|  |TAMS 0x0000000769a00000, 0x0000000769a00000| Untracked 
| 334|0x0000000769c00000, 0x0000000769c00000, 0x0000000769e00000|  0%| F|  |TAMS 0x0000000769c00000, 0x0000000769c00000| Untracked 
| 335|0x0000000769e00000, 0x0000000769e00000, 0x000000076a000000|  0%| F|  |TAMS 0x0000000769e00000, 0x0000000769e00000| Untracked 
| 336|0x000000076a000000, 0x000000076a000000, 0x000000076a200000|  0%| F|  |TAMS 0x000000076a000000, 0x000000076a000000| Untracked 
| 337|0x000000076a200000, 0x000000076a200000, 0x000000076a400000|  0%| F|  |TAMS 0x000000076a200000, 0x000000076a200000| Untracked 
| 338|0x000000076a400000, 0x000000076a400000, 0x000000076a600000|  0%| F|  |TAMS 0x000000076a400000, 0x000000076a400000| Untracked 
| 339|0x000000076a600000, 0x000000076a600000, 0x000000076a800000|  0%| F|  |TAMS 0x000000076a600000, 0x000000076a600000| Untracked 
| 340|0x000000076a800000, 0x000000076a800000, 0x000000076aa00000|  0%| F|  |TAMS 0x000000076a800000, 0x000000076a800000| Untracked 
| 341|0x000000076aa00000, 0x000000076aa00000, 0x000000076ac00000|  0%| F|  |TAMS 0x000000076aa00000, 0x000000076aa00000| Untracked 
| 342|0x000000076ac00000, 0x000000076ac00000, 0x000000076ae00000|  0%| F|  |TAMS 0x000000076ac00000, 0x000000076ac00000| Untracked 
| 343|0x000000076ae00000, 0x000000076ae00000, 0x000000076b000000|  0%| F|  |TAMS 0x000000076ae00000, 0x000000076ae00000| Untracked 
| 344|0x000000076b000000, 0x000000076b000000, 0x000000076b200000|  0%| F|  |TAMS 0x000000076b000000, 0x000000076b000000| Untracked 
| 345|0x000000076b200000, 0x000000076b200000, 0x000000076b400000|  0%| F|  |TAMS 0x000000076b200000, 0x000000076b200000| Untracked 
| 346|0x000000076b400000, 0x000000076b400000, 0x000000076b600000|  0%| F|  |TAMS 0x000000076b400000, 0x000000076b400000| Untracked 
| 347|0x000000076b600000, 0x000000076b600000, 0x000000076b800000|  0%| F|  |TAMS 0x000000076b600000, 0x000000076b600000| Untracked 
| 348|0x000000076b800000, 0x000000076b800000, 0x000000076ba00000|  0%| F|  |TAMS 0x000000076b800000, 0x000000076b800000| Untracked 
| 349|0x000000076ba00000, 0x000000076ba00000, 0x000000076bc00000|  0%| F|  |TAMS 0x000000076ba00000, 0x000000076ba00000| Untracked 
| 350|0x000000076bc00000, 0x000000076bc00000, 0x000000076be00000|  0%| F|  |TAMS 0x000000076bc00000, 0x000000076bc00000| Untracked 
| 351|0x000000076be00000, 0x000000076be00000, 0x000000076c000000|  0%| F|  |TAMS 0x000000076be00000, 0x000000076be00000| Untracked 
| 352|0x000000076c000000, 0x000000076c000000, 0x000000076c200000|  0%| F|  |TAMS 0x000000076c000000, 0x000000076c000000| Untracked 
| 353|0x000000076c200000, 0x000000076c200000, 0x000000076c400000|  0%| F|  |TAMS 0x000000076c200000, 0x000000076c200000| Untracked 
| 354|0x000000076c400000, 0x000000076c400000, 0x000000076c600000|  0%| F|  |TAMS 0x000000076c400000, 0x000000076c400000| Untracked 
| 355|0x000000076c600000, 0x000000076c600000, 0x000000076c800000|  0%| F|  |TAMS 0x000000076c600000, 0x000000076c600000| Untracked 
| 356|0x000000076c800000, 0x000000076c800000, 0x000000076ca00000|  0%| F|  |TAMS 0x000000076c800000, 0x000000076c800000| Untracked 
| 357|0x000000076ca00000, 0x000000076ca00000, 0x000000076cc00000|  0%| F|  |TAMS 0x000000076ca00000, 0x000000076ca00000| Untracked 
| 358|0x000000076cc00000, 0x000000076cc00000, 0x000000076ce00000|  0%| F|  |TAMS 0x000000076cc00000, 0x000000076cc00000| Untracked 
| 359|0x000000076ce00000, 0x000000076ce00000, 0x000000076d000000|  0%| F|  |TAMS 0x000000076ce00000, 0x000000076ce00000| Untracked 
| 360|0x000000076d000000, 0x000000076d000000, 0x000000076d200000|  0%| F|  |TAMS 0x000000076d000000, 0x000000076d000000| Untracked 
| 361|0x000000076d200000, 0x000000076d200000, 0x000000076d400000|  0%| F|  |TAMS 0x000000076d200000, 0x000000076d200000| Untracked 
| 362|0x000000076d400000, 0x000000076d400000, 0x000000076d600000|  0%| F|  |TAMS 0x000000076d400000, 0x000000076d400000| Untracked 
| 363|0x000000076d600000, 0x000000076d600000, 0x000000076d800000|  0%| F|  |TAMS 0x000000076d600000, 0x000000076d600000| Untracked 
| 364|0x000000076d800000, 0x000000076d800000, 0x000000076da00000|  0%| F|  |TAMS 0x000000076d800000, 0x000000076d800000| Untracked 
| 365|0x000000076da00000, 0x000000076da00000, 0x000000076dc00000|  0%| F|  |TAMS 0x000000076da00000, 0x000000076da00000| Untracked 
| 366|0x000000076dc00000, 0x000000076dc00000, 0x000000076de00000|  0%| F|  |TAMS 0x000000076dc00000, 0x000000076dc00000| Untracked 
| 367|0x000000076de00000, 0x000000076de00000, 0x000000076e000000|  0%| F|  |TAMS 0x000000076de00000, 0x000000076de00000| Untracked 
| 368|0x000000076e000000, 0x000000076e000000, 0x000000076e200000|  0%| F|  |TAMS 0x000000076e000000, 0x000000076e000000| Untracked 
| 369|0x000000076e200000, 0x000000076e200000, 0x000000076e400000|  0%| F|  |TAMS 0x000000076e200000, 0x000000076e200000| Untracked 
| 370|0x000000076e400000, 0x000000076e400000, 0x000000076e600000|  0%| F|  |TAMS 0x000000076e400000, 0x000000076e400000| Untracked 
| 371|0x000000076e600000, 0x000000076e600000, 0x000000076e800000|  0%| F|  |TAMS 0x000000076e600000, 0x000000076e600000| Untracked 
| 372|0x000000076e800000, 0x000000076e800000, 0x000000076ea00000|  0%| F|  |TAMS 0x000000076e800000, 0x000000076e800000| Untracked 
| 373|0x000000076ea00000, 0x000000076ea00000, 0x000000076ec00000|  0%| F|  |TAMS 0x000000076ea00000, 0x000000076ea00000| Untracked 
| 374|0x000000076ec00000, 0x000000076ec00000, 0x000000076ee00000|  0%| F|  |TAMS 0x000000076ec00000, 0x000000076ec00000| Untracked 
| 375|0x000000076ee00000, 0x000000076ee00000, 0x000000076f000000|  0%| F|  |TAMS 0x000000076ee00000, 0x000000076ee00000| Untracked 
| 376|0x000000076f000000, 0x000000076f000000, 0x000000076f200000|  0%| F|  |TAMS 0x000000076f000000, 0x000000076f000000| Untracked 
| 377|0x000000076f200000, 0x000000076f200000, 0x000000076f400000|  0%| F|  |TAMS 0x000000076f200000, 0x000000076f200000| Untracked 
| 378|0x000000076f400000, 0x000000076f400000, 0x000000076f600000|  0%| F|  |TAMS 0x000000076f400000, 0x000000076f400000| Untracked 
| 379|0x000000076f600000, 0x000000076f600000, 0x000000076f800000|  0%| F|  |TAMS 0x000000076f600000, 0x000000076f600000| Untracked 
| 380|0x000000076f800000, 0x000000076f800000, 0x000000076fa00000|  0%| F|  |TAMS 0x000000076f800000, 0x000000076f800000| Untracked 
| 381|0x000000076fa00000, 0x000000076fa00000, 0x000000076fc00000|  0%| F|  |TAMS 0x000000076fa00000, 0x000000076fa00000| Untracked 
| 382|0x000000076fc00000, 0x000000076fc00000, 0x000000076fe00000|  0%| F|  |TAMS 0x000000076fc00000, 0x000000076fc00000| Untracked 
| 383|0x000000076fe00000, 0x000000076fe00000, 0x0000000770000000|  0%| F|  |TAMS 0x000000076fe00000, 0x000000076fe00000| Untracked 
| 384|0x0000000770000000, 0x0000000770000000, 0x0000000770200000|  0%| F|  |TAMS 0x0000000770000000, 0x0000000770000000| Untracked 
| 385|0x0000000770200000, 0x0000000770200000, 0x0000000770400000|  0%| F|  |TAMS 0x0000000770200000, 0x0000000770200000| Untracked 
| 386|0x0000000770400000, 0x0000000770400000, 0x0000000770600000|  0%| F|  |TAMS 0x0000000770400000, 0x0000000770400000| Untracked 
| 387|0x0000000770600000, 0x0000000770600000, 0x0000000770800000|  0%| F|  |TAMS 0x0000000770600000, 0x0000000770600000| Untracked 
| 388|0x0000000770800000, 0x0000000770800000, 0x0000000770a00000|  0%| F|  |TAMS 0x0000000770800000, 0x0000000770800000| Untracked 
| 389|0x0000000770a00000, 0x0000000770a00000, 0x0000000770c00000|  0%| F|  |TAMS 0x0000000770a00000, 0x0000000770a00000| Untracked 

Card table byte_map: [0x0000019a65e20000,0x0000019a66420000] _byte_map_base: 0x0000019a62420000

Marking Bits (Prev, Next): (CMBitMap*) 0x0000019a4c7a7270, (CMBitMap*) 0x0000019a4c7a7230
 Prev Bits: [0x0000019a69a20000, 0x0000019a6ca20000)
 Next Bits: [0x0000019a66a20000, 0x0000019a69a20000)

Polling page: 0x0000019a55b60000

Metaspace:

Usage:
  Non-class:    107.02 MB used.
      Class:     17.08 MB used.
       Both:    124.10 MB used.

Virtual space:
  Non-class space:      128.00 MB reserved,     108.31 MB ( 85%) committed,  2 nodes.
      Class space:      624.00 MB reserved,      18.06 MB (  3%) committed,  1 nodes.
             Both:      752.00 MB reserved,     126.38 MB ( 17%) committed. 

Chunk freelists:
   Non-Class:  2.80 MB
       Class:  13.94 MB
        Both:  16.74 MB

MaxMetaspaceSize: 768.00 MB
CompressedClassSpaceSize: 624.00 MB
Initial GC threshold: 21.00 MB
Current GC threshold: 205.12 MB
CDS: on
MetaspaceReclaimPolicy: balanced
 - commit_granule_bytes: 65536.
 - commit_granule_words: 8192.
 - virtual_space_node_default_size: 8388608.
 - enlarge_chunks_in_place: 1.
 - new_chunks_are_fully_committed: 0.
 - uncommit_free_chunks: 1.
 - use_allocation_guard: 0.
 - handle_deallocations: 1.


Internal statistics:

num_allocs_failed_limit: 24.
num_arena_births: 3126.
num_arena_deaths: 0.
num_vsnodes_births: 3.
num_vsnodes_deaths: 0.
num_space_committed: 2021.
num_space_uncommitted: 0.
num_chunks_returned_to_freelist: 24.
num_chunks_taken_from_freelist: 9508.
num_chunk_merges: 21.
num_chunk_splits: 5741.
num_chunks_enlarged: 3130.
num_inconsistent_stats: 0.

CodeHeap 'non-profiled nmethods': size=120000Kb used=17482Kb max_used=17482Kb free=102517Kb
 bounds [0x0000019a5d650000, 0x0000019a5e770000, 0x0000019a64b80000]
CodeHeap 'profiled nmethods': size=120000Kb used=36763Kb max_used=36763Kb free=83237Kb
 bounds [0x0000019a55b80000, 0x0000019a57f70000, 0x0000019a5d0b0000]
CodeHeap 'non-nmethods': size=5760Kb used=2475Kb max_used=2603Kb free=3284Kb
 bounds [0x0000019a5d0b0000, 0x0000019a5d350000, 0x0000019a5d650000]
 total_blobs=20360 nmethods=19338 adapters=933
 compilation: enabled
              stopped_count=0, restarted_count=0
 full_count=0

Compilation events (20 events):
Event: 61.462 Thread 0x0000019a6f725e90 23686       3       com.sun.org.apache.xerces.internal.impl.dtd.XMLDTDProcessor::setProperty (1 bytes)
Event: 61.462 Thread 0x0000019a6f725e90 nmethod 23686 0x0000019a57f5f910 code [0x0000019a57f5faa0, 0x0000019a57f5fbb8]
Event: 61.462 Thread 0x0000019a6f725e90 23687       3       com.sun.org.apache.xerces.internal.impl.XMLEntityManager::setProperty (307 bytes)
Event: 61.464 Thread 0x0000019a6f725e90 nmethod 23687 0x0000019a57f5fc90 code [0x0000019a57f601a0, 0x0000019a57f62c48]
Event: 61.464 Thread 0x0000019a6f725e90 23688       3       com.sun.org.apache.xerces.internal.impl.XMLErrorReporter::setProperty (47 bytes)
Event: 61.465 Thread 0x0000019a6f725e90 nmethod 23688 0x0000019a57f63710 code [0x0000019a57f63960, 0x0000019a57f64298]
Event: 61.465 Thread 0x0000019a6f725e90 23684       3       jdk.internal.loader.BuiltinClassLoader$1::<init> (33 bytes)
Event: 61.466 Thread 0x0000019a6f725e90 nmethod 23684 0x0000019a57f64590 code [0x0000019a57f64740, 0x0000019a57f64b08]
Event: 61.467 Thread 0x0000019a6f725e90 23690       3       com.sun.xml.bind.v2.runtime.Coordinator::popCoordinator (32 bytes)
Event: 61.467 Thread 0x0000019a6f725e90 nmethod 23690 0x0000019a57f64c10 code [0x0000019a57f64de0, 0x0000019a57f652b8]
Event: 61.468 Thread 0x0000019a6f725e90 23691   !   3       com.sun.xml.bind.v2.runtime.reflect.Accessor$FieldReflection::set (43 bytes)
Event: 61.468 Thread 0x0000019a6f725e90 nmethod 23691 0x0000019a57f65410 code [0x0000019a57f65640, 0x0000019a57f65d88]
Event: 61.469 Thread 0x0000019a6f725e90 23692       3       java.net.URLClassLoader::findResources (20 bytes)
Event: 61.469 Thread 0x0000019a6f725e90 nmethod 23692 0x0000019a57f66110 code [0x0000019a57f662c0, 0x0000019a57f66608]
Event: 61.469 Thread 0x0000019a6f725e90 23693       3       java.net.URLClassLoader$3::<init> (20 bytes)
Event: 61.469 Thread 0x0000019a6f725e90 nmethod 23693 0x0000019a57f66790 code [0x0000019a57f66940, 0x0000019a57f66bb8]
Event: 61.470 Thread 0x0000019a6f725e90 23694       1       com.sun.org.apache.xerces.internal.impl.XMLEntityManager::getEntityStore (5 bytes)
Event: 61.470 Thread 0x0000019a6f725e90 nmethod 23694 0x0000019a5e762710 code [0x0000019a5e7628a0, 0x0000019a5e762978]
Event: 61.470 Thread 0x0000019a6f725e90 23695  s    3       sun.nio.ch.ChannelInputStream::read (41 bytes)
Event: 61.470 Thread 0x0000019a6f725e90 nmethod 23695 0x0000019a57f66c90 code [0x0000019a57f66e60, 0x0000019a57f67368]

GC Heap History (20 events):
Event: 50.078 GC heap after
{Heap after GC invocations=66 (full 0):
 garbage-first heap   total 598016K, used 379162K [0x0000000740000000, 0x0000000800000000)
  region size 2048K, 10 young (20480K), 10 survivors (20480K)
 Metaspace       used 113309K, committed 115200K, reserved 770048K
  class space    used 15622K, committed 16448K, reserved 638976K
}
Event: 51.309 GC heap before
{Heap before GC invocations=66 (full 0):
 garbage-first heap   total 598016K, used 489754K [0x0000000740000000, 0x0000000800000000)
  region size 2048K, 64 young (131072K), 10 survivors (20480K)
 Metaspace       used 113543K, committed 115456K, reserved 770048K
  class space    used 15633K, committed 16448K, reserved 638976K
}
Event: 51.332 GC heap after
{Heap after GC invocations=67 (full 0):
 garbage-first heap   total 598016K, used 400697K [0x0000000740000000, 0x0000000800000000)
  region size 2048K, 8 young (16384K), 8 survivors (16384K)
 Metaspace       used 113543K, committed 115456K, reserved 770048K
  class space    used 15633K, committed 16448K, reserved 638976K
}
Event: 52.421 GC heap before
{Heap before GC invocations=67 (full 0):
 garbage-first heap   total 598016K, used 492857K [0x0000000740000000, 0x0000000800000000)
  region size 2048K, 53 young (108544K), 8 survivors (16384K)
 Metaspace       used 113688K, committed 115584K, reserved 770048K
  class space    used 15636K, committed 16448K, reserved 638976K
}
Event: 52.443 GC heap after
{Heap after GC invocations=68 (full 0):
 garbage-first heap   total 598016K, used 417644K [0x0000000740000000, 0x0000000800000000)
  region size 2048K, 7 young (14336K), 7 survivors (14336K)
 Metaspace       used 113688K, committed 115584K, reserved 770048K
  class space    used 15636K, committed 16448K, reserved 638976K
}
Event: 53.392 GC heap before
{Heap before GC invocations=68 (full 0):
 garbage-first heap   total 598016K, used 497516K [0x0000000740000000, 0x0000000800000000)
  region size 2048K, 46 young (94208K), 7 survivors (14336K)
 Metaspace       used 115094K, committed 117056K, reserved 770048K
  class space    used 15812K, committed 16640K, reserved 638976K
}
Event: 53.410 GC heap after
{Heap after GC invocations=69 (full 0):
 garbage-first heap   total 598016K, used 430831K [0x0000000740000000, 0x0000000800000000)
  region size 2048K, 6 young (12288K), 6 survivors (12288K)
 Metaspace       used 115094K, committed 117056K, reserved 770048K
  class space    used 15812K, committed 16640K, reserved 638976K
}
Event: 54.113 GC heap before
{Heap before GC invocations=69 (full 0):
 garbage-first heap   total 598016K, used 500463K [0x0000000740000000, 0x0000000800000000)
  region size 2048K, 40 young (81920K), 6 survivors (12288K)
 Metaspace       used 117086K, committed 119104K, reserved 770048K
  class space    used 16062K, committed 16960K, reserved 638976K
}
Event: 54.129 GC heap after
{Heap after GC invocations=70 (full 0):
 garbage-first heap   total 598016K, used 448210K [0x0000000740000000, 0x0000000800000000)
  region size 2048K, 5 young (10240K), 5 survivors (10240K)
 Metaspace       used 117086K, committed 119104K, reserved 770048K
  class space    used 16062K, committed 16960K, reserved 638976K
}
Event: 54.803 GC heap before
{Heap before GC invocations=70 (full 0):
 garbage-first heap   total 598016K, used 503506K [0x0000000740000000, 0x0000000800000000)
  region size 2048K, 32 young (65536K), 5 survivors (10240K)
 Metaspace       used 120682K, committed 122752K, reserved 770048K
  class space    used 16496K, committed 17408K, reserved 638976K
}
Event: 54.813 GC heap after
{Heap after GC invocations=71 (full 0):
 garbage-first heap   total 598016K, used 454584K [0x0000000740000000, 0x0000000800000000)
  region size 2048K, 3 young (6144K), 3 survivors (6144K)
 Metaspace       used 120682K, committed 122752K, reserved 770048K
  class space    used 16496K, committed 17408K, reserved 638976K
}
Event: 55.169 GC heap before
{Heap before GC invocations=71 (full 0):
 garbage-first heap   total 598016K, used 479160K [0x0000000740000000, 0x0000000800000000)
  region size 2048K, 16 young (32768K), 3 survivors (6144K)
 Metaspace       used 122644K, committed 124608K, reserved 770048K
  class space    used 16827K, committed 17728K, reserved 638976K
}
Event: 55.181 GC heap after
{Heap after GC invocations=72 (full 0):
 garbage-first heap   total 598016K, used 454748K [0x0000000740000000, 0x0000000800000000)
  region size 2048K, 3 young (6144K), 3 survivors (6144K)
 Metaspace       used 122644K, committed 124608K, reserved 770048K
  class space    used 16827K, committed 17728K, reserved 638976K
}
Event: 55.805 GC heap before
{Heap before GC invocations=73 (full 0):
 garbage-first heap   total 798720K, used 507996K [0x0000000740000000, 0x0000000800000000)
  region size 2048K, 29 young (59392K), 3 survivors (6144K)
 Metaspace       used 124156K, committed 126272K, reserved 770048K
  class space    used 17034K, committed 17984K, reserved 638976K
}
Event: 55.813 GC heap after
{Heap after GC invocations=74 (full 0):
 garbage-first heap   total 798720K, used 459159K [0x0000000740000000, 0x0000000800000000)
  region size 2048K, 3 young (6144K), 3 survivors (6144K)
 Metaspace       used 124156K, committed 126272K, reserved 770048K
  class space    used 17034K, committed 17984K, reserved 638976K
}
Event: 56.037 GC heap before
{Heap before GC invocations=74 (full 0):
 garbage-first heap   total 798720K, used 491927K [0x0000000740000000, 0x0000000800000000)
  region size 2048K, 19 young (38912K), 3 survivors (6144K)
 Metaspace       used 124255K, committed 126336K, reserved 770048K
  class space    used 17036K, committed 17984K, reserved 638976K
}
Event: 56.056 GC heap after
{Heap after GC invocations=75 (full 0):
 garbage-first heap   total 798720K, used 400480K [0x0000000740000000, 0x0000000800000000)
  region size 2048K, 2 young (4096K), 2 survivors (4096K)
 Metaspace       used 124255K, committed 126336K, reserved 770048K
  class space    used 17036K, committed 17984K, reserved 638976K
}
Event: 56.262 GC heap before
{Heap before GC invocations=75 (full 0):
 garbage-first heap   total 798720K, used 435296K [0x0000000740000000, 0x0000000800000000)
  region size 2048K, 19 young (38912K), 2 survivors (4096K)
 Metaspace       used 124322K, committed 126464K, reserved 770048K
  class space    used 17039K, committed 17984K, reserved 638976K
}
Event: 56.295 GC heap after
{Heap after GC invocations=76 (full 0):
 garbage-first heap   total 798720K, used 380390K [0x0000000740000000, 0x0000000800000000)
  region size 2048K, 3 young (6144K), 3 survivors (6144K)
 Metaspace       used 124322K, committed 126464K, reserved 770048K
  class space    used 17039K, committed 17984K, reserved 638976K
}
Event: 61.473 GC heap before
{Heap before GC invocations=76 (full 0):
 garbage-first heap   total 798720K, used 632294K [0x0000000740000000, 0x0000000800000000)
  region size 2048K, 127 young (260096K), 3 survivors (6144K)
 Metaspace       used 127081K, committed 129408K, reserved 770048K
  class space    used 17488K, committed 18496K, reserved 638976K
}

Dll operation events (15 events):
Event: 0.010 Loaded shared library C:\Program Files\Microsoft\jdk-17.0.15.6-hotspot\bin\java.dll
Event: 0.026 Loaded shared library C:\Program Files\Microsoft\jdk-17.0.15.6-hotspot\bin\jsvml.dll
Event: 0.070 Loaded shared library C:\Program Files\Microsoft\jdk-17.0.15.6-hotspot\bin\zip.dll
Event: 0.073 Loaded shared library C:\Program Files\Microsoft\jdk-17.0.15.6-hotspot\bin\instrument.dll
Event: 0.078 Loaded shared library C:\Program Files\Microsoft\jdk-17.0.15.6-hotspot\bin\net.dll
Event: 0.080 Loaded shared library C:\Program Files\Microsoft\jdk-17.0.15.6-hotspot\bin\nio.dll
Event: 0.083 Loaded shared library C:\Program Files\Microsoft\jdk-17.0.15.6-hotspot\bin\zip.dll
Event: 0.258 Loaded shared library C:\Program Files\Microsoft\jdk-17.0.15.6-hotspot\bin\jimage.dll
Event: 0.370 Loaded shared library C:\Program Files\Microsoft\jdk-17.0.15.6-hotspot\bin\verify.dll
Event: 0.479 Loaded shared library C:\Users\HP\.gradle\native\1def1411415f61bf3af743bc5b6707747c0891f09f0c88961ee8f79bc544acac\windows-amd64\native-platform.dll
Event: 0.494 Loaded shared library C:\Users\HP\.gradle\native\0.2.7\x86_64-windows-gnu\gradle-fileevents.dll
Event: 1.389 Loaded shared library C:\Program Files\Microsoft\jdk-17.0.15.6-hotspot\bin\management.dll
Event: 1.392 Loaded shared library C:\Program Files\Microsoft\jdk-17.0.15.6-hotspot\bin\management_ext.dll
Event: 1.554 Loaded shared library C:\Program Files\Microsoft\jdk-17.0.15.6-hotspot\bin\extnet.dll
Event: 1.725 Loaded shared library C:\Program Files\Microsoft\jdk-17.0.15.6-hotspot\bin\sunmscapi.dll

Deoptimization events (20 events):
Event: 61.434 Thread 0x0000019a7f42af30 DEOPT PACKING pc=0x0000019a57cc1d5b sp=0x00000024b00fa0c0
Event: 61.434 Thread 0x0000019a7f42af30 DEOPT UNPACKING pc=0x0000019a5d107143 sp=0x00000024b00f9580 mode 0
Event: 61.435 Thread 0x0000019a7f42af30 DEOPT PACKING pc=0x0000019a57cc1d5b sp=0x00000024b00fa0c0
Event: 61.435 Thread 0x0000019a7f42af30 DEOPT UNPACKING pc=0x0000019a5d107143 sp=0x00000024b00f9580 mode 0
Event: 61.439 Thread 0x0000019a7f42af30 Uncommon trap: trap_request=0xffffff45 fr.pc=0x0000019a5e75a35c relative=0x000000000000039c
Event: 61.439 Thread 0x0000019a7f42af30 Uncommon trap: reason=unstable_if action=reinterpret pc=0x0000019a5e75a35c method=com.sun.org.apache.xerces.internal.impl.io.UTF8Reader.read([CII)I @ 131 c2
Event: 61.439 Thread 0x0000019a7f42af30 DEOPT PACKING pc=0x0000019a5e75a35c sp=0x00000024b00fa0c0
Event: 61.439 Thread 0x0000019a7f42af30 DEOPT UNPACKING pc=0x0000019a5d1069a3 sp=0x00000024b00f9ff8 mode 2
Event: 61.440 Thread 0x0000019a7f42af30 Uncommon trap: trap_request=0xffffff45 fr.pc=0x0000019a5e7578f4 relative=0x00000000000002d4
Event: 61.440 Thread 0x0000019a7f42af30 Uncommon trap: reason=unstable_if action=reinterpret pc=0x0000019a5e7578f4 method=com.sun.org.apache.xerces.internal.impl.io.UTF8Reader.read([CII)I @ 131 c2
Event: 61.440 Thread 0x0000019a7f42af30 DEOPT PACKING pc=0x0000019a5e7578f4 sp=0x00000024b00fa030
Event: 61.440 Thread 0x0000019a7f42af30 DEOPT UNPACKING pc=0x0000019a5d1069a3 sp=0x00000024b00f9f68 mode 2
Event: 61.441 Thread 0x0000019a7f42af30 Uncommon trap: trap_request=0xffffff45 fr.pc=0x0000019a5e4d2084 relative=0x0000000000000084
Event: 61.441 Thread 0x0000019a7f42af30 Uncommon trap: reason=unstable_if action=reinterpret pc=0x0000019a5e4d2084 method=java.util.regex.Pattern$BitClass.is(I)Z @ 4 c2
Event: 61.441 Thread 0x0000019a7f42af30 DEOPT PACKING pc=0x0000019a5e4d2084 sp=0x00000024b00f9940
Event: 61.441 Thread 0x0000019a7f42af30 DEOPT UNPACKING pc=0x0000019a5d1069a3 sp=0x00000024b00f98c8 mode 2
Event: 61.441 Thread 0x0000019a7f42af30 Uncommon trap: trap_request=0xffffff45 fr.pc=0x0000019a5e5297a8 relative=0x00000000000000a8
Event: 61.441 Thread 0x0000019a7f42af30 Uncommon trap: reason=unstable_if action=reinterpret pc=0x0000019a5e5297a8 method=java.util.regex.CharPredicates.lambda$ASCII_SPACE$20(I)Z @ 4 c2
Event: 61.441 Thread 0x0000019a7f42af30 DEOPT PACKING pc=0x0000019a5e5297a8 sp=0x00000024b00f9940
Event: 61.441 Thread 0x0000019a7f42af30 DEOPT UNPACKING pc=0x0000019a5d1069a3 sp=0x00000024b00f9868 mode 2

Classes loaded (20 events):
Event: 55.353 Loading class org/xml/sax/helpers/AttributesImpl
Event: 55.353 Loading class org/xml/sax/helpers/AttributesImpl done
Event: 55.355 Loading class java/util/regex/Pattern$Behind
Event: 55.355 Loading class java/util/regex/Pattern$Behind done
Event: 55.355 Loading class java/util/regex/Pattern$Neg
Event: 55.355 Loading class java/util/regex/Pattern$Neg done
Event: 55.362 Loading class javax/xml/datatype/DatatypeConfigurationException
Event: 55.362 Loading class javax/xml/datatype/DatatypeConfigurationException done
Event: 55.364 Loading class jdk/internal/reflect/UnsafeBooleanFieldAccessorImpl
Event: 55.365 Loading class jdk/internal/reflect/UnsafeBooleanFieldAccessorImpl done
Event: 55.365 Loading class jdk/internal/reflect/UnsafeIntegerFieldAccessorImpl
Event: 55.365 Loading class jdk/internal/reflect/UnsafeIntegerFieldAccessorImpl done
Event: 61.327 Loading class java/util/Collections$UnmodifiableSortedSet
Event: 61.327 Loading class java/util/Collections$UnmodifiableSortedSet done
Event: 61.328 Loading class java/util/concurrent/Semaphore$NonfairSync
Event: 61.328 Loading class java/util/concurrent/Semaphore$Sync
Event: 61.328 Loading class java/util/concurrent/Semaphore$Sync done
Event: 61.328 Loading class java/util/concurrent/Semaphore$NonfairSync done
Event: 61.330 Loading class java/nio/file/Files$2
Event: 61.330 Loading class java/nio/file/Files$2 done

Classes unloaded (0 events):
No events

Classes redefined (0 events):
No events

Internal exceptions (20 events):
Event: 61.359 Thread 0x0000019a7f42af30 Exception <a 'sun/nio/fs/WindowsException'{0x0000000761843f58}> (0x0000000761843f58) 
thrown [s\src\hotspot\share\prims\jni.cpp, line 516]
Event: 61.359 Thread 0x0000019a7f42af30 Exception <a 'sun/nio/fs/WindowsException'{0x00000007618454d8}> (0x00000007618454d8) 
thrown [s\src\hotspot\share\prims\jni.cpp, line 516]
Event: 61.360 Thread 0x0000019a7f42af30 Exception <a 'sun/nio/fs/WindowsException'{0x0000000761848410}> (0x0000000761848410) 
thrown [s\src\hotspot\share\prims\jni.cpp, line 516]
Event: 61.361 Thread 0x0000019a7f42af30 Exception <a 'sun/nio/fs/WindowsException'{0x00000007618496c0}> (0x00000007618496c0) 
thrown [s\src\hotspot\share\prims\jni.cpp, line 516]
Event: 61.361 Thread 0x0000019a7f42af30 Exception <a 'sun/nio/fs/WindowsException'{0x000000076184ba68}> (0x000000076184ba68) 
thrown [s\src\hotspot\share\prims\jni.cpp, line 516]
Event: 61.361 Thread 0x0000019a7f42af30 Exception <a 'sun/nio/fs/WindowsException'{0x000000076184cfd8}> (0x000000076184cfd8) 
thrown [s\src\hotspot\share\prims\jni.cpp, line 516]
Event: 61.362 Thread 0x0000019a7f42af30 Exception <a 'sun/nio/fs/WindowsException'{0x000000076184ff58}> (0x000000076184ff58) 
thrown [s\src\hotspot\share\prims\jni.cpp, line 516]
Event: 61.362 Thread 0x0000019a7f42af30 Exception <a 'sun/nio/fs/WindowsException'{0x00000007618514d8}> (0x00000007618514d8) 
thrown [s\src\hotspot\share\prims\jni.cpp, line 516]
Event: 61.364 Thread 0x0000019a7f42af30 Exception <a 'sun/nio/fs/WindowsException'{0x00000007618544b8}> (0x00000007618544b8) 
thrown [s\src\hotspot\share\prims\jni.cpp, line 516]
Event: 61.364 Thread 0x0000019a7f42af30 Exception <a 'sun/nio/fs/WindowsException'{0x0000000761855ca0}> (0x0000000761855ca0) 
thrown [s\src\hotspot\share\prims\jni.cpp, line 516]
Event: 61.364 Thread 0x0000019a7f42af30 Exception <a 'sun/nio/fs/WindowsException'{0x00000007618581a8}> (0x00000007618581a8) 
thrown [s\src\hotspot\share\prims\jni.cpp, line 516]
Event: 61.364 Thread 0x0000019a7f42af30 Exception <a 'sun/nio/fs/WindowsException'{0x0000000761859a18}> (0x0000000761859a18) 
thrown [s\src\hotspot\share\prims\jni.cpp, line 516]
Event: 61.366 Thread 0x0000019a7f42af30 Exception <a 'sun/nio/fs/WindowsException'{0x000000076185c4e0}> (0x000000076185c4e0) 
thrown [s\src\hotspot\share\prims\jni.cpp, line 516]
Event: 61.366 Thread 0x0000019a7f42af30 Exception <a 'sun/nio/fs/WindowsException'{0x000000076185da10}> (0x000000076185da10) 
thrown [s\src\hotspot\share\prims\jni.cpp, line 516]
Event: 61.367 Thread 0x0000019a7f42af30 Exception <a 'sun/nio/fs/WindowsException'{0x000000076185fb88}> (0x000000076185fb88) 
thrown [s\src\hotspot\share\prims\jni.cpp, line 516]
Event: 61.367 Thread 0x0000019a7f42af30 Exception <a 'sun/nio/fs/WindowsException'{0x00000007618613c8}> (0x00000007618613c8) 
thrown [s\src\hotspot\share\prims\jni.cpp, line 516]
Event: 61.367 Thread 0x0000019a7f42af30 Exception <a 'sun/nio/fs/WindowsException'{0x0000000761864180}> (0x0000000761864180) 
thrown [s\src\hotspot\share\prims\jni.cpp, line 516]
Event: 61.368 Thread 0x0000019a7f42af30 Exception <a 'sun/nio/fs/WindowsException'{0x00000007618659c8}> (0x00000007618659c8) 
thrown [s\src\hotspot\share\prims\jni.cpp, line 516]
Event: 61.369 Thread 0x0000019a7f42af30 Exception <a 'sun/nio/fs/WindowsException'{0x0000000761868a78}> (0x0000000761868a78) 
thrown [s\src\hotspot\share\prims\jni.cpp, line 516]
Event: 61.369 Thread 0x0000019a7f42af30 Exception <a 'sun/nio/fs/WindowsException'{0x000000076186a028}> (0x000000076186a028) 
thrown [s\src\hotspot\share\prims\jni.cpp, line 516]

VM Operations (20 events):
Event: 57.536 Executing VM operation: ICBufferFull done
Event: 57.709 Executing VM operation: HandshakeAllThreads
Event: 57.709 Executing VM operation: HandshakeAllThreads done
Event: 57.719 Executing VM operation: HandshakeAllThreads
Event: 57.719 Executing VM operation: HandshakeAllThreads done
Event: 57.723 Executing VM operation: HandshakeAllThreads
Event: 57.724 Executing VM operation: HandshakeAllThreads done
Event: 57.742 Executing VM operation: ICBufferFull
Event: 57.742 Executing VM operation: ICBufferFull done
Event: 57.760 Executing VM operation: HandshakeAllThreads
Event: 57.760 Executing VM operation: HandshakeAllThreads done
Event: 58.334 Executing VM operation: ICBufferFull
Event: 58.334 Executing VM operation: ICBufferFull done
Event: 59.348 Executing VM operation: Cleanup
Event: 59.348 Executing VM operation: Cleanup done
Event: 60.210 Executing VM operation: HandshakeAllThreads
Event: 60.210 Executing VM operation: HandshakeAllThreads done
Event: 61.222 Executing VM operation: Cleanup
Event: 61.222 Executing VM operation: Cleanup done
Event: 61.473 Executing VM operation: G1CollectForAllocation

Memory protections (0 events):
No events

Nmethod flushes (20 events):
Event: 54.575 Thread 0x0000019a6f7287b0 flushing  nmethod 0x0000019a57721d90
Event: 54.575 Thread 0x0000019a6f7287b0 flushing  nmethod 0x0000019a57722b90
Event: 54.575 Thread 0x0000019a6f7287b0 flushing  nmethod 0x0000019a57733390
Event: 54.575 Thread 0x0000019a6f7287b0 flushing  nmethod 0x0000019a5774a410
Event: 54.577 Thread 0x0000019a6f7287b0 flushing  nmethod 0x0000019a57aa8b10
Event: 54.577 Thread 0x0000019a6f7287b0 flushing  nmethod 0x0000019a57aa9190
Event: 54.577 Thread 0x0000019a6f7287b0 flushing  nmethod 0x0000019a57b25f90
Event: 54.577 Thread 0x0000019a6f7287b0 flushing  nmethod 0x0000019a57b63810
Event: 57.719 Thread 0x0000019a6f7287b0 flushing  nmethod 0x0000019a5e195a90
Event: 57.724 Thread 0x0000019a6f7287b0 flushing  nmethod 0x0000019a5e35d890
Event: 57.724 Thread 0x0000019a6f7287b0 flushing  nmethod 0x0000019a5e583310
Event: 57.728 Thread 0x0000019a6f7287b0 flushing  nmethod 0x0000019a55f98b10
Event: 57.731 Thread 0x0000019a6f7287b0 flushing  nmethod 0x0000019a56505a10
Event: 57.731 Thread 0x0000019a6f7287b0 flushing  nmethod 0x0000019a56507810
Event: 57.734 Thread 0x0000019a6f7287b0 flushing  nmethod 0x0000019a56adff90
Event: 57.734 Thread 0x0000019a6f7287b0 flushing  nmethod 0x0000019a56b02810
Event: 57.737 Thread 0x0000019a6f7287b0 flushing  nmethod 0x0000019a570e9990
Event: 57.737 Thread 0x0000019a6f7287b0 flushing  nmethod 0x0000019a57155d90
Event: 57.739 Thread 0x0000019a6f7287b0 flushing  nmethod 0x0000019a57666590
Event: 57.741 Thread 0x0000019a6f7287b0 flushing  nmethod 0x0000019a57a8b990

Events (20 events):
Event: 52.236 Thread 0x0000019a79118ab0 Thread exited: 0x0000019a79118ab0
Event: 52.491 Thread 0x0000019a6f725580 Thread added: 0x0000019a79119aa0
Event: 54.281 Thread 0x0000019a74d95320 Thread added: 0x0000019a76f610a0
Event: 57.623 Thread 0x0000019a78ecd1f0 Thread added: 0x0000019a76f624e0
Event: 57.830 Thread 0x0000019a78ecd1f0 Thread added: 0x0000019a78ece120
Event: 57.830 Thread 0x0000019a78ecd1f0 Thread added: 0x0000019a76f615b0
Event: 57.871 Thread 0x0000019a7f42ebf0 Thread added: 0x0000019a7f429af0
Event: 57.872 Thread 0x0000019a7f42ebf0 Thread added: 0x0000019a2e7a9c40
Event: 57.945 Thread 0x0000019a7f42e1d0 Thread added: 0x0000019a2e7aab70
Event: 57.959 Thread 0x0000019a78ecd700 Thread added: 0x0000019a2e7aa660
Event: 57.980 Thread 0x0000019a78ecd700 Thread added: 0x0000019a2e7a8800
Event: 57.997 Thread 0x0000019a7f42d2a0 Thread added: 0x0000019a2e7abfb0
Event: 58.013 Thread 0x0000019a7f42d2a0 Thread added: 0x0000019a2e7abaa0
Event: 58.031 Thread 0x0000019a7f42af30 Thread added: 0x0000019a2e7a8d10
Event: 58.031 Thread 0x0000019a7f42af30 Thread added: 0x0000019a2e7aa150
Event: 58.074 Thread 0x0000019a7f42af30 Thread added: 0x0000019a2e7ab080
Event: 58.203 Thread 0x0000019a7f42e6e0 Thread added: 0x0000019a2e7ab590
Event: 59.017 Thread 0x0000019a79119aa0 Thread exited: 0x0000019a79119aa0
Event: 59.049 Thread 0x0000019a79114af0 Thread exited: 0x0000019a79114af0
Event: 61.047 Thread 0x0000019a6f725e90 Thread added: 0x0000019a28b689c0


Dynamic libraries:
0x00007ff6ce4a0000 - 0x00007ff6ce4ae000 	C:\Program Files\Microsoft\jdk-17.0.15.6-hotspot\bin\java.exe
0x00007ffd54a40000 - 0x00007ffd54ca7000 	C:\WINDOWS\SYSTEM32\ntdll.dll
0x00007ffd52870000 - 0x00007ffd52939000 	C:\WINDOWS\System32\KERNEL32.DLL
0x00007ffd518a0000 - 0x00007ffd51c94000 	C:\WINDOWS\System32\KERNELBASE.dll
0x00007ffd51ca0000 - 0x00007ffd51deb000 	C:\WINDOWS\System32\ucrtbase.dll
0x00007ffd1ab80000 - 0x00007ffd1ab97000 	C:\Program Files\Microsoft\jdk-17.0.15.6-hotspot\bin\jli.dll
0x00007ffd1add0000 - 0x00007ffd1aded000 	C:\Program Files\Microsoft\jdk-17.0.15.6-hotspot\bin\VCRUNTIME140.dll
0x00007ffd53a10000 - 0x00007ffd53bd5000 	C:\WINDOWS\System32\USER32.dll
0x00007ffd51ea0000 - 0x00007ffd51ec7000 	C:\WINDOWS\System32\win32u.dll
0x00007ffd52ad0000 - 0x00007ffd52afb000 	C:\WINDOWS\System32\GDI32.dll
0x00007ffd2d3d0000 - 0x00007ffd2d663000 	C:\WINDOWS\WinSxS\amd64_microsoft.windows.common-controls_6595b64144ccf1df_6.0.26100.8115_none_3e075c82e3354f9c\COMCTL32.dll
0x00007ffd515f0000 - 0x00007ffd5171a000 	C:\WINDOWS\System32\gdi32full.dll
0x00007ffd51310000 - 0x00007ffd513b3000 	C:\WINDOWS\System32\msvcp_win.dll
0x00007ffd53e40000 - 0x00007ffd53ee9000 	C:\WINDOWS\System32\msvcrt.dll
0x00007ffd52830000 - 0x00007ffd52862000 	C:\WINDOWS\System32\IMM32.DLL
0x00007ffd2e1a0000 - 0x00007ffd2e1ac000 	C:\Program Files\Microsoft\jdk-17.0.15.6-hotspot\bin\vcruntime140_1.dll
0x00007ffcf5ad0000 - 0x00007ffcf5b5d000 	C:\Program Files\Microsoft\jdk-17.0.15.6-hotspot\bin\msvcp140.dll
0x00007ffc96610000 - 0x00007ffc97282000 	C:\Program Files\Microsoft\jdk-17.0.15.6-hotspot\bin\server\jvm.dll
0x00007ffd540d0000 - 0x00007ffd54186000 	C:\WINDOWS\System32\ADVAPI32.dll
0x00007ffd52b00000 - 0x00007ffd52ba7000 	C:\WINDOWS\System32\sechost.dll
0x00007ffd536e0000 - 0x00007ffd537f8000 	C:\WINDOWS\System32\RPCRT4.dll
0x00007ffd53be0000 - 0x00007ffd53c60000 	C:\WINDOWS\System32\WS2_32.dll
0x00007ffd48ed0000 - 0x00007ffd48f06000 	C:\WINDOWS\SYSTEM32\WINMM.dll
0x00007ffd46ef0000 - 0x00007ffd46efb000 	C:\WINDOWS\SYSTEM32\VERSION.dll
0x00007ffd51190000 - 0x00007ffd511ee000 	C:\WINDOWS\SYSTEM32\POWRPROF.dll
0x00007ffd51150000 - 0x00007ffd51164000 	C:\WINDOWS\SYSTEM32\UMPDC.dll
0x00007ffd500a0000 - 0x00007ffd500bb000 	C:\WINDOWS\SYSTEM32\kernel.appcore.dll
0x00007ffd2d750000 - 0x00007ffd2d75a000 	C:\Program Files\Microsoft\jdk-17.0.15.6-hotspot\bin\jimage.dll
0x00007ffd4f1f0000 - 0x00007ffd4f432000 	C:\WINDOWS\SYSTEM32\DBGHELP.DLL
0x00007ffd54190000 - 0x00007ffd54512000 	C:\WINDOWS\System32\combase.dll
0x00007ffd53590000 - 0x00007ffd53667000 	C:\WINDOWS\System32\OLEAUT32.dll
0x00007ffd287a0000 - 0x00007ffd287db000 	C:\WINDOWS\SYSTEM32\dbgcore.DLL
0x00007ffd51df0000 - 0x00007ffd51e95000 	C:\WINDOWS\System32\bcryptPrimitives.dll
0x00007ffd1b6f0000 - 0x00007ffd1b6fe000 	C:\Program Files\Microsoft\jdk-17.0.15.6-hotspot\bin\instrument.dll
0x00007ffd166e0000 - 0x00007ffd16705000 	C:\Program Files\Microsoft\jdk-17.0.15.6-hotspot\bin\java.dll
0x00007ffcf4fc0000 - 0x00007ffcf5096000 	C:\Program Files\Microsoft\jdk-17.0.15.6-hotspot\bin\jsvml.dll
0x00007ffd52e20000 - 0x00007ffd53586000 	C:\WINDOWS\System32\SHELL32.dll
0x00007ffd51480000 - 0x00007ffd515ea000 	C:\WINDOWS\System32\wintypes.dll
0x00007ffd51f60000 - 0x00007ffd527c5000 	C:\WINDOWS\System32\windows.storage.dll
0x00007ffd52bb0000 - 0x00007ffd52ca7000 	C:\WINDOWS\System32\SHCORE.dll
0x00007ffd53800000 - 0x00007ffd53866000 	C:\WINDOWS\System32\shlwapi.dll
0x00007ffd51230000 - 0x00007ffd51259000 	C:\WINDOWS\SYSTEM32\profapi.dll
0x00007ffd11f90000 - 0x00007ffd11fa8000 	C:\Program Files\Microsoft\jdk-17.0.15.6-hotspot\bin\zip.dll
0x00007ffd1aaf0000 - 0x00007ffd1ab0a000 	C:\Program Files\Microsoft\jdk-17.0.15.6-hotspot\bin\net.dll
0x00007ffd47590000 - 0x00007ffd476bd000 	C:\WINDOWS\SYSTEM32\WINHTTP.dll
0x00007ffd50610000 - 0x00007ffd5067c000 	C:\WINDOWS\system32\mswsock.dll
0x00007ffd1aa70000 - 0x00007ffd1aa86000 	C:\Program Files\Microsoft\jdk-17.0.15.6-hotspot\bin\nio.dll
0x00007ffd2cb00000 - 0x00007ffd2cb10000 	C:\Program Files\Microsoft\jdk-17.0.15.6-hotspot\bin\verify.dll
0x00007ffd45c90000 - 0x00007ffd45cb7000 	C:\Users\HP\.gradle\native\1def1411415f61bf3af743bc5b6707747c0891f09f0c88961ee8f79bc544acac\windows-amd64\native-platform.dll
0x00007ffcec700000 - 0x00007ffcec778000 	C:\Users\HP\.gradle\native\0.2.7\x86_64-windows-gnu\gradle-fileevents.dll
0x00007ffd2c670000 - 0x00007ffd2c67a000 	C:\Program Files\Microsoft\jdk-17.0.15.6-hotspot\bin\management.dll
0x00007ffd2baf0000 - 0x00007ffd2bafb000 	C:\Program Files\Microsoft\jdk-17.0.15.6-hotspot\bin\management_ext.dll
0x00007ffd52e10000 - 0x00007ffd52e18000 	C:\WINDOWS\System32\PSAPI.DLL
0x00007ffd4fa50000 - 0x00007ffd4fa82000 	C:\WINDOWS\SYSTEM32\IPHLPAPI.DLL
0x00007ffd527d0000 - 0x00007ffd527da000 	C:\WINDOWS\System32\NSI.dll
0x00007ffd495e0000 - 0x00007ffd495fd000 	C:\WINDOWS\SYSTEM32\dhcpcsvc6.DLL
0x00007ffd49360000 - 0x00007ffd49385000 	C:\WINDOWS\SYSTEM32\dhcpcsvc.DLL
0x00007ffd4fae0000 - 0x00007ffd4fc12000 	C:\WINDOWS\SYSTEM32\DNSAPI.dll
0x00007ffd1c530000 - 0x00007ffd1c539000 	C:\Program Files\Microsoft\jdk-17.0.15.6-hotspot\bin\extnet.dll
0x00007ffd50900000 - 0x00007ffd5091b000 	C:\WINDOWS\SYSTEM32\CRYPTSP.dll
0x00007ffd50000000 - 0x00007ffd50039000 	C:\WINDOWS\system32\rsaenh.dll
0x00007ffd506c0000 - 0x00007ffd506f3000 	C:\WINDOWS\SYSTEM32\USERENV.dll
0x00007ffd51200000 - 0x00007ffd5122a000 	C:\WINDOWS\SYSTEM32\bcrypt.dll
0x00007ffd508f0000 - 0x00007ffd508fc000 	C:\WINDOWS\SYSTEM32\CRYPTBASE.dll
0x00007ffd1ad50000 - 0x00007ffd1ad5e000 	C:\Program Files\Microsoft\jdk-17.0.15.6-hotspot\bin\sunmscapi.dll
0x00007ffd51720000 - 0x00007ffd51897000 	C:\WINDOWS\System32\CRYPT32.dll
0x00007ffd50b10000 - 0x00007ffd50b40000 	C:\WINDOWS\SYSTEM32\ncrypt.dll
0x00007ffd50ac0000 - 0x00007ffd50aff000 	C:\WINDOWS\SYSTEM32\NTASN1.dll
0x00007ffd12250000 - 0x00007ffd12258000 	C:\WINDOWS\system32\wshunix.dll
0x00007ffd501c0000 - 0x00007ffd501f6000 	C:\WINDOWS\SYSTEM32\ntmarta.dll

dbghelp: loaded successfully - version: 4.0.5 - missing functions: none
symbol engine: initialized successfully - sym options: 0x614 - pdb path: .;C:\Program Files\Microsoft\jdk-17.0.15.6-hotspot\bin;C:\WINDOWS\SYSTEM32;C:\WINDOWS\WinSxS\amd64_microsoft.windows.common-controls_6595b64144ccf1df_6.0.26100.8115_none_3e075c82e3354f9c;C:\Program Files\Microsoft\jdk-17.0.15.6-hotspot\bin\server;C:\Users\HP\.gradle\native\1def1411415f61bf3af743bc5b6707747c0891f09f0c88961ee8f79bc544acac\windows-amd64;C:\Users\HP\.gradle\native\0.2.7\x86_64-windows-gnu

VM Arguments:
jvm_args: --add-opens=java.base/java.lang=ALL-UNNAMED --add-opens=java.base/java.lang.invoke=ALL-UNNAMED --add-opens=java.base/java.util=ALL-UNNAMED --add-opens=java.prefs/java.util.prefs=ALL-UNNAMED --add-exports=jdk.compiler/com.sun.tools.javac.api=ALL-UNNAMED --add-exports=jdk.compiler/com.sun.tools.javac.util=ALL-UNNAMED --add-opens=java.base/java.util=ALL-UNNAMED --add-opens=java.prefs/java.util.prefs=ALL-UNNAMED --add-opens=java.base/java.nio.charset=ALL-UNNAMED --add-opens=java.base/java.net=ALL-UNNAMED --add-opens=java.base/java.util.concurrent.atomic=ALL-UNNAMED --add-opens=java.xml/javax.xml.namespace=ALL-UNNAMED -XX:MaxMetaspaceSize=768m -XX:+HeapDumpOnOutOfMemoryError -Xmx3072m -Dfile.encoding=UTF-8 -Duser.country=IN -Duser.language=en -Duser.variant -javaagent:C:\Users\HP\.gradle\wrapper\dists\gradle-8.14.1-bin\baw1sv0jfoi8rxs14qo3h49cs\gradle-8.14.1\lib\agents\gradle-instrumentation-agent-8.14.1.jar 
java_command: org.gradle.launcher.daemon.bootstrap.GradleDaemon 8.14.1
java_class_path (initial): C:\Users\HP\.gradle\wrapper\dists\gradle-8.14.1-bin\baw1sv0jfoi8rxs14qo3h49cs\gradle-8.14.1\lib\gradle-daemon-main-8.14.1.jar
Launcher Type: SUN_STANDARD

[Global flags]
     intx CICompilerCount                          = 4                                         {product} {ergonomic}
   size_t CompressedClassSpaceSize                 = 654311424                                 {product} {ergonomic}
     uint ConcGCThreads                            = 3                                         {product} {ergonomic}
     uint G1ConcRefinementThreads                  = 10                                        {product} {ergonomic}
   size_t G1HeapRegionSize                         = 2097152                                   {product} {ergonomic}
    uintx GCDrainStackTargetSize                   = 64                                        {product} {ergonomic}
     bool HeapDumpOnOutOfMemoryError               = true                                   {manageable} {command line}
   size_t InitialHeapSize                          = 130023424                                 {product} {ergonomic}
   size_t MarkStackSize                            = 4194304                                   {product} {ergonomic}
   size_t MaxHeapSize                              = 3221225472                                {product} {command line}
   size_t MaxMetaspaceSize                         = 805306368                                 {product} {command line}
   size_t MaxNewSize                               = 1931476992                                {product} {ergonomic}
   size_t MinHeapDeltaBytes                        = 2097152                                   {product} {ergonomic}
   size_t MinHeapSize                              = 8388608                                   {product} {ergonomic}
    uintx NonNMethodCodeHeapSize                   = 5839372                                {pd product} {ergonomic}
    uintx NonProfiledCodeHeapSize                  = 122909434                              {pd product} {ergonomic}
    uintx ProfiledCodeHeapSize                     = 122909434                              {pd product} {ergonomic}
    uintx ReservedCodeCacheSize                    = 251658240                              {pd product} {ergonomic}
     bool SegmentedCodeCache                       = true                                      {product} {ergonomic}
   size_t SoftMaxHeapSize                          = 3221225472                             {manageable} {ergonomic}
     bool UseCompressedClassPointers               = true                           {product lp64_product} {ergonomic}
     bool UseCompressedOops                        = true                           {product lp64_product} {ergonomic}
     bool UseG1GC                                  = true                                      {product} {ergonomic}
     bool UseLargePagesIndividualAllocation        = false                                  {pd product} {ergonomic}

Logging:
Log output configuration:
 #0: stdout all=warning uptime,level,tags
 #1: stderr all=off uptime,level,tags

Environment Variables:
JAVA_HOME=C:\Program Files\Microsoft\jdk-17.0.15.6-hotspot
PATH=C:\Users\HP\AppData\Local\Programs\Microsoft VS Code;C:\Program Files\Microsoft\jdk-17.0.15.6-hotspot\bin;C:\WINDOWS\system32;C:\WINDOWS;C:\WINDOWS\System32\Wbem;C:\WINDOWS\System32\WindowsPowerShell\v1.0\;C:\WINDOWS\System32\OpenSSH\;C:\Program Files\Git\cmd;C:\Program Files\dotnet\;C:\ProgramData\chocolatey\bin;C:\Users\HP\AppData\Local\Android\Sdk\platform-tools;C:\Users\HP\AppData\Local\Android\Sdk;C:\Users\HP\AppData\Local\Android\Sdk\emulator;;C:\Program Files\Docker\Docker\resources\bin;C:\Program Files\PuTTY\;C:\Program Files\nodejs\;C:\Program Files\MySQL\MySQL Shell 8.0\bin\;C:\Users\HP\AppData\Local\Microsoft\WindowsApps;C:\Users\HP\AppData\Local\Programs\Microsoft VS Code\bin;C:\Users\HP\AppData\Local\Android\Sdk\platform-tools;C:\Users\HP\AppData\Local\Android\Sdk;C:\Users\HP\AppData\Local\Android\Sdk\emulator;C:\Users\HP\AppData\Roaming\npm;c:\Users\HP\.vscode\extensions\vscjava.vscode-java-debug-0.59.0\bundled\scripts\noConfigScripts
USERNAME=HP
LANG=en_US.UTF-8
OS=Windows_NT
PROCESSOR_IDENTIFIER=Intel64 Family 6 Model 154 Stepping 4, GenuineIntel
TMP=C:\Users\HP\AppData\Local\Temp
TEMP=C:\Users\HP\AppData\Local\Temp



Periodic native trim disabled


---------------  S Y S T E M  ---------------

OS:
 Windows 11 , 64 bit Build 26100 (10.0.26100.8115)
OS uptime: 1 days 16:01 hours
Hyper-V role detected

CPU: total 12 (initial active 12) (6 cores per cpu, 2 threads per core) family 6 model 154 stepping 4 microcode 0x432, cx8, cmov, fxsr, ht, mmx, 3dnowpref, sse, sse2, sse3, ssse3, sse4.1, sse4.2, popcnt, lzcnt, tsc, tscinvbit, avx, avx2, aes, erms, clmul, bmi1, bmi2, adx, sha, fma, vzeroupper, clflush, clflushopt, clwb, hv
Processor Information for processor 0
  Max Mhz: 1300, Current Mhz: 1300, Mhz Limit: 1300
Processor Information for processor 1
  Max Mhz: 1300, Current Mhz: 1300, Mhz Limit: 1300
Processor Information for processor 2
  Max Mhz: 1300, Current Mhz: 1300, Mhz Limit: 1300
Processor Information for processor 3
  Max Mhz: 1300, Current Mhz: 1300, Mhz Limit: 1300
Processor Information for processor 4
  Max Mhz: 1300, Current Mhz: 900, Mhz Limit: 897
Processor Information for processor 5
  Max Mhz: 1300, Current Mhz: 900, Mhz Limit: 897
Processor Information for processor 6
  Max Mhz: 1300, Current Mhz: 900, Mhz Limit: 897
Processor Information for processor 7
  Max Mhz: 1300, Current Mhz: 900, Mhz Limit: 897
Processor Information for processor 8
  Max Mhz: 1300, Current Mhz: 900, Mhz Limit: 897
Processor Information for processor 9
  Max Mhz: 1300, Current Mhz: 900, Mhz Limit: 897
Processor Information for processor 10
  Max Mhz: 1300, Current Mhz: 900, Mhz Limit: 897
Processor Information for processor 11
  Max Mhz: 1300, Current Mhz: 900, Mhz Limit: 897

Memory: 4k page, system-wide physical 7835M (938M free)
TotalPageFile size 31387M (AvailPageFile size 197M)
current process WorkingSet (physical memory assigned to process): 938M, peak: 981M
current process commit charge ("private bytes"): 1266M, peak: 1466M

vm_info: OpenJDK 64-Bit Server VM (17.0.15+6-LTS) for windows-amd64 JRE (17.0.15+6-LTS), built on Apr  9 2025 22:27:25 by "MicrosoftCorporation" with unknown MS VC++:1939

END.
